Answer,Question,Hint 1,Hint 2,Hint 3,Hint 4,Hint 5,Hint 6
20200429_161357_000,LSC22-109,I think it was the second time I visited the house with the stone shed / hovel.,I think it was the second time I visited the house with the stone shed / hovel.  The shed was under green trees ,I think it was the second time I visited the house with the stone shed / hovel.  The shed was under green trees on a beautiful sunny day. ,I think it was the second time I visited the house with the stone shed / hovel.  The shed was under green trees on a beautiful sunny day. It takes 2 hours to drive there and two hours to drive back home.,I think it was the second time I visited the house with the stone shed / hovel.  The shed was under green trees on a beautiful sunny day. It takes 2 hours to drive there and two hours to drive back home. It was in the middle of  Ireland ,I think it was the second time I visited the house with the stone shed / hovel.  The shed was under green trees on a beautiful sunny day. It takes 2 hours to drive there and two hours to drive back home. It was in the middle of  Ireland on the 29th April 2020.
20200429_162158_000,LSC22-109,I think it was the second time I visited the house with the stone shed / hovel.,I think it was the second time I visited the house with the stone shed / hovel.  The shed was under green trees ,I think it was the second time I visited the house with the stone shed / hovel.  The shed was under green trees on a beautiful sunny day. ,I think it was the second time I visited the house with the stone shed / hovel.  The shed was under green trees on a beautiful sunny day. It takes 2 hours to drive there and two hours to drive back home.,I think it was the second time I visited the house with the stone shed / hovel.  The shed was under green trees on a beautiful sunny day. It takes 2 hours to drive there and two hours to drive back home. It was in the middle of  Ireland ,I think it was the second time I visited the house with the stone shed / hovel.  The shed was under green trees on a beautiful sunny day. It takes 2 hours to drive there and two hours to drive back home. It was in the middle of  Ireland on the 29th April 2020.
20200429_162302_000,LSC22-109,I think it was the second time I visited the house with the stone shed / hovel.,I think it was the second time I visited the house with the stone shed / hovel.  The shed was under green trees ,I think it was the second time I visited the house with the stone shed / hovel.  The shed was under green trees on a beautiful sunny day. ,I think it was the second time I visited the house with the stone shed / hovel.  The shed was under green trees on a beautiful sunny day. It takes 2 hours to drive there and two hours to drive back home.,I think it was the second time I visited the house with the stone shed / hovel.  The shed was under green trees on a beautiful sunny day. It takes 2 hours to drive there and two hours to drive back home. It was in the middle of  Ireland ,I think it was the second time I visited the house with the stone shed / hovel.  The shed was under green trees on a beautiful sunny day. It takes 2 hours to drive there and two hours to drive back home. It was in the middle of  Ireland on the 29th April 2020.
20200429_162334_000,LSC22-109,I think it was the second time I visited the house with the stone shed / hovel.,I think it was the second time I visited the house with the stone shed / hovel.  The shed was under green trees ,I think it was the second time I visited the house with the stone shed / hovel.  The shed was under green trees on a beautiful sunny day. ,I think it was the second time I visited the house with the stone shed / hovel.  The shed was under green trees on a beautiful sunny day. It takes 2 hours to drive there and two hours to drive back home.,I think it was the second time I visited the house with the stone shed / hovel.  The shed was under green trees on a beautiful sunny day. It takes 2 hours to drive there and two hours to drive back home. It was in the middle of  Ireland ,I think it was the second time I visited the house with the stone shed / hovel.  The shed was under green trees on a beautiful sunny day. It takes 2 hours to drive there and two hours to drive back home. It was in the middle of  Ireland on the 29th April 2020.
20190106_165732_000,LSC22-114,Greek wine on a Sunday.,Greek wine on a Sunday. I was in a Greek restaurant drinking a small bottle of wine,Greek wine on a Sunday. I was in a Greek restaurant drinking a small bottle of wine and eating Greek food (chips and meat) with a salad. ,Greek wine on a Sunday. I was in a Greek restaurant drinking a small bottle of wine and eating Greek food (chips and meat) with a salad. I was sitting at a white tiled table. ,Greek wine on a Sunday. I was in a Greek restaurant drinking a small bottle of wine and eating Greek food (chips and meat) with a salad. I was sitting at a white tiled table. It was in Thessaloniki in Greece,Greek wine on a Sunday. I was in a Greek restaurant drinking a small bottle of wine and eating Greek food (chips and meat) with a salad. I was sitting at a white tiled table. It was in Thessaloniki in Greece in January 2019. 
20190106_165804_000,LSC22-114,Greek wine on a Sunday.,Greek wine on a Sunday. I was in a Greek restaurant drinking a small bottle of wine,Greek wine on a Sunday. I was in a Greek restaurant drinking a small bottle of wine and eating Greek food (chips and meat) with a salad. ,Greek wine on a Sunday. I was in a Greek restaurant drinking a small bottle of wine and eating Greek food (chips and meat) with a salad. I was sitting at a white tiled table. ,Greek wine on a Sunday. I was in a Greek restaurant drinking a small bottle of wine and eating Greek food (chips and meat) with a salad. I was sitting at a white tiled table. It was in Thessaloniki in Greece,Greek wine on a Sunday. I was in a Greek restaurant drinking a small bottle of wine and eating Greek food (chips and meat) with a salad. I was sitting at a white tiled table. It was in Thessaloniki in Greece in January 2019. 
20190106_165836_000,LSC22-114,Greek wine on a Sunday.,Greek wine on a Sunday. I was in a Greek restaurant drinking a small bottle of wine,Greek wine on a Sunday. I was in a Greek restaurant drinking a small bottle of wine and eating Greek food (chips and meat) with a salad. ,Greek wine on a Sunday. I was in a Greek restaurant drinking a small bottle of wine and eating Greek food (chips and meat) with a salad. I was sitting at a white tiled table. ,Greek wine on a Sunday. I was in a Greek restaurant drinking a small bottle of wine and eating Greek food (chips and meat) with a salad. I was sitting at a white tiled table. It was in Thessaloniki in Greece,Greek wine on a Sunday. I was in a Greek restaurant drinking a small bottle of wine and eating Greek food (chips and meat) with a salad. I was sitting at a white tiled table. It was in Thessaloniki in Greece in January 2019. 
20190106_165908_000,LSC22-114,Greek wine on a Sunday.,Greek wine on a Sunday. I was in a Greek restaurant drinking a small bottle of wine,Greek wine on a Sunday. I was in a Greek restaurant drinking a small bottle of wine and eating Greek food (chips and meat) with a salad. ,Greek wine on a Sunday. I was in a Greek restaurant drinking a small bottle of wine and eating Greek food (chips and meat) with a salad. I was sitting at a white tiled table. ,Greek wine on a Sunday. I was in a Greek restaurant drinking a small bottle of wine and eating Greek food (chips and meat) with a salad. I was sitting at a white tiled table. It was in Thessaloniki in Greece,Greek wine on a Sunday. I was in a Greek restaurant drinking a small bottle of wine and eating Greek food (chips and meat) with a salad. I was sitting at a white tiled table. It was in Thessaloniki in Greece in January 2019. 
20190106_165940_000,LSC22-114,Greek wine on a Sunday.,Greek wine on a Sunday. I was in a Greek restaurant drinking a small bottle of wine,Greek wine on a Sunday. I was in a Greek restaurant drinking a small bottle of wine and eating Greek food (chips and meat) with a salad. ,Greek wine on a Sunday. I was in a Greek restaurant drinking a small bottle of wine and eating Greek food (chips and meat) with a salad. I was sitting at a white tiled table. ,Greek wine on a Sunday. I was in a Greek restaurant drinking a small bottle of wine and eating Greek food (chips and meat) with a salad. I was sitting at a white tiled table. It was in Thessaloniki in Greece,Greek wine on a Sunday. I was in a Greek restaurant drinking a small bottle of wine and eating Greek food (chips and meat) with a salad. I was sitting at a white tiled table. It was in Thessaloniki in Greece in January 2019. 
20190106_170012_000,LSC22-114,Greek wine on a Sunday.,Greek wine on a Sunday. I was in a Greek restaurant drinking a small bottle of wine,Greek wine on a Sunday. I was in a Greek restaurant drinking a small bottle of wine and eating Greek food (chips and meat) with a salad. ,Greek wine on a Sunday. I was in a Greek restaurant drinking a small bottle of wine and eating Greek food (chips and meat) with a salad. I was sitting at a white tiled table. ,Greek wine on a Sunday. I was in a Greek restaurant drinking a small bottle of wine and eating Greek food (chips and meat) with a salad. I was sitting at a white tiled table. It was in Thessaloniki in Greece,Greek wine on a Sunday. I was in a Greek restaurant drinking a small bottle of wine and eating Greek food (chips and meat) with a salad. I was sitting at a white tiled table. It was in Thessaloniki in Greece in January 2019. 
20190106_170044_000,LSC22-114,Greek wine on a Sunday.,Greek wine on a Sunday. I was in a Greek restaurant drinking a small bottle of wine,Greek wine on a Sunday. I was in a Greek restaurant drinking a small bottle of wine and eating Greek food (chips and meat) with a salad. ,Greek wine on a Sunday. I was in a Greek restaurant drinking a small bottle of wine and eating Greek food (chips and meat) with a salad. I was sitting at a white tiled table. ,Greek wine on a Sunday. I was in a Greek restaurant drinking a small bottle of wine and eating Greek food (chips and meat) with a salad. I was sitting at a white tiled table. It was in Thessaloniki in Greece,Greek wine on a Sunday. I was in a Greek restaurant drinking a small bottle of wine and eating Greek food (chips and meat) with a salad. I was sitting at a white tiled table. It was in Thessaloniki in Greece in January 2019. 
20190106_170116_000,LSC22-114,Greek wine on a Sunday.,Greek wine on a Sunday. I was in a Greek restaurant drinking a small bottle of wine,Greek wine on a Sunday. I was in a Greek restaurant drinking a small bottle of wine and eating Greek food (chips and meat) with a salad. ,Greek wine on a Sunday. I was in a Greek restaurant drinking a small bottle of wine and eating Greek food (chips and meat) with a salad. I was sitting at a white tiled table. ,Greek wine on a Sunday. I was in a Greek restaurant drinking a small bottle of wine and eating Greek food (chips and meat) with a salad. I was sitting at a white tiled table. It was in Thessaloniki in Greece,Greek wine on a Sunday. I was in a Greek restaurant drinking a small bottle of wine and eating Greek food (chips and meat) with a salad. I was sitting at a white tiled table. It was in Thessaloniki in Greece in January 2019. 
20190106_170201_000,LSC22-114,Greek wine on a Sunday.,Greek wine on a Sunday. I was in a Greek restaurant drinking a small bottle of wine,Greek wine on a Sunday. I was in a Greek restaurant drinking a small bottle of wine and eating Greek food (chips and meat) with a salad. ,Greek wine on a Sunday. I was in a Greek restaurant drinking a small bottle of wine and eating Greek food (chips and meat) with a salad. I was sitting at a white tiled table. ,Greek wine on a Sunday. I was in a Greek restaurant drinking a small bottle of wine and eating Greek food (chips and meat) with a salad. I was sitting at a white tiled table. It was in Thessaloniki in Greece,Greek wine on a Sunday. I was in a Greek restaurant drinking a small bottle of wine and eating Greek food (chips and meat) with a salad. I was sitting at a white tiled table. It was in Thessaloniki in Greece in January 2019. 
20190106_170409_000,LSC22-114,Greek wine on a Sunday.,Greek wine on a Sunday. I was in a Greek restaurant drinking a small bottle of wine,Greek wine on a Sunday. I was in a Greek restaurant drinking a small bottle of wine and eating Greek food (chips and meat) with a salad. ,Greek wine on a Sunday. I was in a Greek restaurant drinking a small bottle of wine and eating Greek food (chips and meat) with a salad. I was sitting at a white tiled table. ,Greek wine on a Sunday. I was in a Greek restaurant drinking a small bottle of wine and eating Greek food (chips and meat) with a salad. I was sitting at a white tiled table. It was in Thessaloniki in Greece,Greek wine on a Sunday. I was in a Greek restaurant drinking a small bottle of wine and eating Greek food (chips and meat) with a salad. I was sitting at a white tiled table. It was in Thessaloniki in Greece in January 2019. 
20190106_170441_000,LSC22-114,Greek wine on a Sunday.,Greek wine on a Sunday. I was in a Greek restaurant drinking a small bottle of wine,Greek wine on a Sunday. I was in a Greek restaurant drinking a small bottle of wine and eating Greek food (chips and meat) with a salad. ,Greek wine on a Sunday. I was in a Greek restaurant drinking a small bottle of wine and eating Greek food (chips and meat) with a salad. I was sitting at a white tiled table. ,Greek wine on a Sunday. I was in a Greek restaurant drinking a small bottle of wine and eating Greek food (chips and meat) with a salad. I was sitting at a white tiled table. It was in Thessaloniki in Greece,Greek wine on a Sunday. I was in a Greek restaurant drinking a small bottle of wine and eating Greek food (chips and meat) with a salad. I was sitting at a white tiled table. It was in Thessaloniki in Greece in January 2019. 
20190106_170337_000,LSC22-114,Greek wine on a Sunday.,Greek wine on a Sunday. I was in a Greek restaurant drinking a small bottle of wine,Greek wine on a Sunday. I was in a Greek restaurant drinking a small bottle of wine and eating Greek food (chips and meat) with a salad. ,Greek wine on a Sunday. I was in a Greek restaurant drinking a small bottle of wine and eating Greek food (chips and meat) with a salad. I was sitting at a white tiled table. ,Greek wine on a Sunday. I was in a Greek restaurant drinking a small bottle of wine and eating Greek food (chips and meat) with a salad. I was sitting at a white tiled table. It was in Thessaloniki in Greece,Greek wine on a Sunday. I was in a Greek restaurant drinking a small bottle of wine and eating Greek food (chips and meat) with a salad. I was sitting at a white tiled table. It was in Thessaloniki in Greece in January 2019. 
20190106_170409_000,LSC22-114,Greek wine on a Sunday.,Greek wine on a Sunday. I was in a Greek restaurant drinking a small bottle of wine,Greek wine on a Sunday. I was in a Greek restaurant drinking a small bottle of wine and eating Greek food (chips and meat) with a salad. ,Greek wine on a Sunday. I was in a Greek restaurant drinking a small bottle of wine and eating Greek food (chips and meat) with a salad. I was sitting at a white tiled table. ,Greek wine on a Sunday. I was in a Greek restaurant drinking a small bottle of wine and eating Greek food (chips and meat) with a salad. I was sitting at a white tiled table. It was in Thessaloniki in Greece,Greek wine on a Sunday. I was in a Greek restaurant drinking a small bottle of wine and eating Greek food (chips and meat) with a salad. I was sitting at a white tiled table. It was in Thessaloniki in Greece in January 2019. 
20190106_170441_000,LSC22-114,Greek wine on a Sunday.,Greek wine on a Sunday. I was in a Greek restaurant drinking a small bottle of wine,Greek wine on a Sunday. I was in a Greek restaurant drinking a small bottle of wine and eating Greek food (chips and meat) with a salad. ,Greek wine on a Sunday. I was in a Greek restaurant drinking a small bottle of wine and eating Greek food (chips and meat) with a salad. I was sitting at a white tiled table. ,Greek wine on a Sunday. I was in a Greek restaurant drinking a small bottle of wine and eating Greek food (chips and meat) with a salad. I was sitting at a white tiled table. It was in Thessaloniki in Greece,Greek wine on a Sunday. I was in a Greek restaurant drinking a small bottle of wine and eating Greek food (chips and meat) with a salad. I was sitting at a white tiled table. It was in Thessaloniki in Greece in January 2019. 
20190106_170513_000,LSC22-114,Greek wine on a Sunday.,Greek wine on a Sunday. I was in a Greek restaurant drinking a small bottle of wine,Greek wine on a Sunday. I was in a Greek restaurant drinking a small bottle of wine and eating Greek food (chips and meat) with a salad. ,Greek wine on a Sunday. I was in a Greek restaurant drinking a small bottle of wine and eating Greek food (chips and meat) with a salad. I was sitting at a white tiled table. ,Greek wine on a Sunday. I was in a Greek restaurant drinking a small bottle of wine and eating Greek food (chips and meat) with a salad. I was sitting at a white tiled table. It was in Thessaloniki in Greece,Greek wine on a Sunday. I was in a Greek restaurant drinking a small bottle of wine and eating Greek food (chips and meat) with a salad. I was sitting at a white tiled table. It was in Thessaloniki in Greece in January 2019. 
20190106_170545_000,LSC22-114,Greek wine on a Sunday.,Greek wine on a Sunday. I was in a Greek restaurant drinking a small bottle of wine,Greek wine on a Sunday. I was in a Greek restaurant drinking a small bottle of wine and eating Greek food (chips and meat) with a salad. ,Greek wine on a Sunday. I was in a Greek restaurant drinking a small bottle of wine and eating Greek food (chips and meat) with a salad. I was sitting at a white tiled table. ,Greek wine on a Sunday. I was in a Greek restaurant drinking a small bottle of wine and eating Greek food (chips and meat) with a salad. I was sitting at a white tiled table. It was in Thessaloniki in Greece,Greek wine on a Sunday. I was in a Greek restaurant drinking a small bottle of wine and eating Greek food (chips and meat) with a salad. I was sitting at a white tiled table. It was in Thessaloniki in Greece in January 2019. 
20190106_170617_000,LSC22-114,Greek wine on a Sunday.,Greek wine on a Sunday. I was in a Greek restaurant drinking a small bottle of wine,Greek wine on a Sunday. I was in a Greek restaurant drinking a small bottle of wine and eating Greek food (chips and meat) with a salad. ,Greek wine on a Sunday. I was in a Greek restaurant drinking a small bottle of wine and eating Greek food (chips and meat) with a salad. I was sitting at a white tiled table. ,Greek wine on a Sunday. I was in a Greek restaurant drinking a small bottle of wine and eating Greek food (chips and meat) with a salad. I was sitting at a white tiled table. It was in Thessaloniki in Greece,Greek wine on a Sunday. I was in a Greek restaurant drinking a small bottle of wine and eating Greek food (chips and meat) with a salad. I was sitting at a white tiled table. It was in Thessaloniki in Greece in January 2019. 
20190106_170649_000,LSC22-114,Greek wine on a Sunday.,Greek wine on a Sunday. I was in a Greek restaurant drinking a small bottle of wine,Greek wine on a Sunday. I was in a Greek restaurant drinking a small bottle of wine and eating Greek food (chips and meat) with a salad. ,Greek wine on a Sunday. I was in a Greek restaurant drinking a small bottle of wine and eating Greek food (chips and meat) with a salad. I was sitting at a white tiled table. ,Greek wine on a Sunday. I was in a Greek restaurant drinking a small bottle of wine and eating Greek food (chips and meat) with a salad. I was sitting at a white tiled table. It was in Thessaloniki in Greece,Greek wine on a Sunday. I was in a Greek restaurant drinking a small bottle of wine and eating Greek food (chips and meat) with a salad. I was sitting at a white tiled table. It was in Thessaloniki in Greece in January 2019. 
20190106_170721_000,LSC22-114,Greek wine on a Sunday.,Greek wine on a Sunday. I was in a Greek restaurant drinking a small bottle of wine,Greek wine on a Sunday. I was in a Greek restaurant drinking a small bottle of wine and eating Greek food (chips and meat) with a salad. ,Greek wine on a Sunday. I was in a Greek restaurant drinking a small bottle of wine and eating Greek food (chips and meat) with a salad. I was sitting at a white tiled table. ,Greek wine on a Sunday. I was in a Greek restaurant drinking a small bottle of wine and eating Greek food (chips and meat) with a salad. I was sitting at a white tiled table. It was in Thessaloniki in Greece,Greek wine on a Sunday. I was in a Greek restaurant drinking a small bottle of wine and eating Greek food (chips and meat) with a salad. I was sitting at a white tiled table. It was in Thessaloniki in Greece in January 2019. 
20190106_170753_000,LSC22-114,Greek wine on a Sunday.,Greek wine on a Sunday. I was in a Greek restaurant drinking a small bottle of wine,Greek wine on a Sunday. I was in a Greek restaurant drinking a small bottle of wine and eating Greek food (chips and meat) with a salad. ,Greek wine on a Sunday. I was in a Greek restaurant drinking a small bottle of wine and eating Greek food (chips and meat) with a salad. I was sitting at a white tiled table. ,Greek wine on a Sunday. I was in a Greek restaurant drinking a small bottle of wine and eating Greek food (chips and meat) with a salad. I was sitting at a white tiled table. It was in Thessaloniki in Greece,Greek wine on a Sunday. I was in a Greek restaurant drinking a small bottle of wine and eating Greek food (chips and meat) with a salad. I was sitting at a white tiled table. It was in Thessaloniki in Greece in January 2019. 
20190106_170825_000,LSC22-114,Greek wine on a Sunday.,Greek wine on a Sunday. I was in a Greek restaurant drinking a small bottle of wine,Greek wine on a Sunday. I was in a Greek restaurant drinking a small bottle of wine and eating Greek food (chips and meat) with a salad. ,Greek wine on a Sunday. I was in a Greek restaurant drinking a small bottle of wine and eating Greek food (chips and meat) with a salad. I was sitting at a white tiled table. ,Greek wine on a Sunday. I was in a Greek restaurant drinking a small bottle of wine and eating Greek food (chips and meat) with a salad. I was sitting at a white tiled table. It was in Thessaloniki in Greece,Greek wine on a Sunday. I was in a Greek restaurant drinking a small bottle of wine and eating Greek food (chips and meat) with a salad. I was sitting at a white tiled table. It was in Thessaloniki in Greece in January 2019. 
20190106_170857_000,LSC22-114,Greek wine on a Sunday.,Greek wine on a Sunday. I was in a Greek restaurant drinking a small bottle of wine,Greek wine on a Sunday. I was in a Greek restaurant drinking a small bottle of wine and eating Greek food (chips and meat) with a salad. ,Greek wine on a Sunday. I was in a Greek restaurant drinking a small bottle of wine and eating Greek food (chips and meat) with a salad. I was sitting at a white tiled table. ,Greek wine on a Sunday. I was in a Greek restaurant drinking a small bottle of wine and eating Greek food (chips and meat) with a salad. I was sitting at a white tiled table. It was in Thessaloniki in Greece,Greek wine on a Sunday. I was in a Greek restaurant drinking a small bottle of wine and eating Greek food (chips and meat) with a salad. I was sitting at a white tiled table. It was in Thessaloniki in Greece in January 2019. 
20190106_170929_000,LSC22-114,Greek wine on a Sunday.,Greek wine on a Sunday. I was in a Greek restaurant drinking a small bottle of wine,Greek wine on a Sunday. I was in a Greek restaurant drinking a small bottle of wine and eating Greek food (chips and meat) with a salad. ,Greek wine on a Sunday. I was in a Greek restaurant drinking a small bottle of wine and eating Greek food (chips and meat) with a salad. I was sitting at a white tiled table. ,Greek wine on a Sunday. I was in a Greek restaurant drinking a small bottle of wine and eating Greek food (chips and meat) with a salad. I was sitting at a white tiled table. It was in Thessaloniki in Greece,Greek wine on a Sunday. I was in a Greek restaurant drinking a small bottle of wine and eating Greek food (chips and meat) with a salad. I was sitting at a white tiled table. It was in Thessaloniki in Greece in January 2019. 
20190106_171001_000,LSC22-114,Greek wine on a Sunday.,Greek wine on a Sunday. I was in a Greek restaurant drinking a small bottle of wine,Greek wine on a Sunday. I was in a Greek restaurant drinking a small bottle of wine and eating Greek food (chips and meat) with a salad. ,Greek wine on a Sunday. I was in a Greek restaurant drinking a small bottle of wine and eating Greek food (chips and meat) with a salad. I was sitting at a white tiled table. ,Greek wine on a Sunday. I was in a Greek restaurant drinking a small bottle of wine and eating Greek food (chips and meat) with a salad. I was sitting at a white tiled table. It was in Thessaloniki in Greece,Greek wine on a Sunday. I was in a Greek restaurant drinking a small bottle of wine and eating Greek food (chips and meat) with a salad. I was sitting at a white tiled table. It was in Thessaloniki in Greece in January 2019. 
20190106_171033_000,LSC22-114,Greek wine on a Sunday.,Greek wine on a Sunday. I was in a Greek restaurant drinking a small bottle of wine,Greek wine on a Sunday. I was in a Greek restaurant drinking a small bottle of wine and eating Greek food (chips and meat) with a salad. ,Greek wine on a Sunday. I was in a Greek restaurant drinking a small bottle of wine and eating Greek food (chips and meat) with a salad. I was sitting at a white tiled table. ,Greek wine on a Sunday. I was in a Greek restaurant drinking a small bottle of wine and eating Greek food (chips and meat) with a salad. I was sitting at a white tiled table. It was in Thessaloniki in Greece,Greek wine on a Sunday. I was in a Greek restaurant drinking a small bottle of wine and eating Greek food (chips and meat) with a salad. I was sitting at a white tiled table. It was in Thessaloniki in Greece in January 2019. 
20190106_171105_000,LSC22-114,Greek wine on a Sunday.,Greek wine on a Sunday. I was in a Greek restaurant drinking a small bottle of wine,Greek wine on a Sunday. I was in a Greek restaurant drinking a small bottle of wine and eating Greek food (chips and meat) with a salad. ,Greek wine on a Sunday. I was in a Greek restaurant drinking a small bottle of wine and eating Greek food (chips and meat) with a salad. I was sitting at a white tiled table. ,Greek wine on a Sunday. I was in a Greek restaurant drinking a small bottle of wine and eating Greek food (chips and meat) with a salad. I was sitting at a white tiled table. It was in Thessaloniki in Greece,Greek wine on a Sunday. I was in a Greek restaurant drinking a small bottle of wine and eating Greek food (chips and meat) with a salad. I was sitting at a white tiled table. It was in Thessaloniki in Greece in January 2019. 
20190106_171137_000,LSC22-114,Greek wine on a Sunday.,Greek wine on a Sunday. I was in a Greek restaurant drinking a small bottle of wine,Greek wine on a Sunday. I was in a Greek restaurant drinking a small bottle of wine and eating Greek food (chips and meat) with a salad. ,Greek wine on a Sunday. I was in a Greek restaurant drinking a small bottle of wine and eating Greek food (chips and meat) with a salad. I was sitting at a white tiled table. ,Greek wine on a Sunday. I was in a Greek restaurant drinking a small bottle of wine and eating Greek food (chips and meat) with a salad. I was sitting at a white tiled table. It was in Thessaloniki in Greece,Greek wine on a Sunday. I was in a Greek restaurant drinking a small bottle of wine and eating Greek food (chips and meat) with a salad. I was sitting at a white tiled table. It was in Thessaloniki in Greece in January 2019. 
20190106_171209_000,LSC22-114,Greek wine on a Sunday.,Greek wine on a Sunday. I was in a Greek restaurant drinking a small bottle of wine,Greek wine on a Sunday. I was in a Greek restaurant drinking a small bottle of wine and eating Greek food (chips and meat) with a salad. ,Greek wine on a Sunday. I was in a Greek restaurant drinking a small bottle of wine and eating Greek food (chips and meat) with a salad. I was sitting at a white tiled table. ,Greek wine on a Sunday. I was in a Greek restaurant drinking a small bottle of wine and eating Greek food (chips and meat) with a salad. I was sitting at a white tiled table. It was in Thessaloniki in Greece,Greek wine on a Sunday. I was in a Greek restaurant drinking a small bottle of wine and eating Greek food (chips and meat) with a salad. I was sitting at a white tiled table. It was in Thessaloniki in Greece in January 2019. 
20190106_171241_000,LSC22-114,Greek wine on a Sunday.,Greek wine on a Sunday. I was in a Greek restaurant drinking a small bottle of wine,Greek wine on a Sunday. I was in a Greek restaurant drinking a small bottle of wine and eating Greek food (chips and meat) with a salad. ,Greek wine on a Sunday. I was in a Greek restaurant drinking a small bottle of wine and eating Greek food (chips and meat) with a salad. I was sitting at a white tiled table. ,Greek wine on a Sunday. I was in a Greek restaurant drinking a small bottle of wine and eating Greek food (chips and meat) with a salad. I was sitting at a white tiled table. It was in Thessaloniki in Greece,Greek wine on a Sunday. I was in a Greek restaurant drinking a small bottle of wine and eating Greek food (chips and meat) with a salad. I was sitting at a white tiled table. It was in Thessaloniki in Greece in January 2019. 
20190106_171313_000,LSC22-114,Greek wine on a Sunday.,Greek wine on a Sunday. I was in a Greek restaurant drinking a small bottle of wine,Greek wine on a Sunday. I was in a Greek restaurant drinking a small bottle of wine and eating Greek food (chips and meat) with a salad. ,Greek wine on a Sunday. I was in a Greek restaurant drinking a small bottle of wine and eating Greek food (chips and meat) with a salad. I was sitting at a white tiled table. ,Greek wine on a Sunday. I was in a Greek restaurant drinking a small bottle of wine and eating Greek food (chips and meat) with a salad. I was sitting at a white tiled table. It was in Thessaloniki in Greece,Greek wine on a Sunday. I was in a Greek restaurant drinking a small bottle of wine and eating Greek food (chips and meat) with a salad. I was sitting at a white tiled table. It was in Thessaloniki in Greece in January 2019. 
20190106_171345_000,LSC22-114,Greek wine on a Sunday.,Greek wine on a Sunday. I was in a Greek restaurant drinking a small bottle of wine,Greek wine on a Sunday. I was in a Greek restaurant drinking a small bottle of wine and eating Greek food (chips and meat) with a salad. ,Greek wine on a Sunday. I was in a Greek restaurant drinking a small bottle of wine and eating Greek food (chips and meat) with a salad. I was sitting at a white tiled table. ,Greek wine on a Sunday. I was in a Greek restaurant drinking a small bottle of wine and eating Greek food (chips and meat) with a salad. I was sitting at a white tiled table. It was in Thessaloniki in Greece,Greek wine on a Sunday. I was in a Greek restaurant drinking a small bottle of wine and eating Greek food (chips and meat) with a salad. I was sitting at a white tiled table. It was in Thessaloniki in Greece in January 2019. 
20190106_171417_000,LSC22-114,Greek wine on a Sunday.,Greek wine on a Sunday. I was in a Greek restaurant drinking a small bottle of wine,Greek wine on a Sunday. I was in a Greek restaurant drinking a small bottle of wine and eating Greek food (chips and meat) with a salad. ,Greek wine on a Sunday. I was in a Greek restaurant drinking a small bottle of wine and eating Greek food (chips and meat) with a salad. I was sitting at a white tiled table. ,Greek wine on a Sunday. I was in a Greek restaurant drinking a small bottle of wine and eating Greek food (chips and meat) with a salad. I was sitting at a white tiled table. It was in Thessaloniki in Greece,Greek wine on a Sunday. I was in a Greek restaurant drinking a small bottle of wine and eating Greek food (chips and meat) with a salad. I was sitting at a white tiled table. It was in Thessaloniki in Greece in January 2019. 
20190106_171449_000,LSC22-114,Greek wine on a Sunday.,Greek wine on a Sunday. I was in a Greek restaurant drinking a small bottle of wine,Greek wine on a Sunday. I was in a Greek restaurant drinking a small bottle of wine and eating Greek food (chips and meat) with a salad. ,Greek wine on a Sunday. I was in a Greek restaurant drinking a small bottle of wine and eating Greek food (chips and meat) with a salad. I was sitting at a white tiled table. ,Greek wine on a Sunday. I was in a Greek restaurant drinking a small bottle of wine and eating Greek food (chips and meat) with a salad. I was sitting at a white tiled table. It was in Thessaloniki in Greece,Greek wine on a Sunday. I was in a Greek restaurant drinking a small bottle of wine and eating Greek food (chips and meat) with a salad. I was sitting at a white tiled table. It was in Thessaloniki in Greece in January 2019. 
20190106_171521_000,LSC22-114,Greek wine on a Sunday.,Greek wine on a Sunday. I was in a Greek restaurant drinking a small bottle of wine,Greek wine on a Sunday. I was in a Greek restaurant drinking a small bottle of wine and eating Greek food (chips and meat) with a salad. ,Greek wine on a Sunday. I was in a Greek restaurant drinking a small bottle of wine and eating Greek food (chips and meat) with a salad. I was sitting at a white tiled table. ,Greek wine on a Sunday. I was in a Greek restaurant drinking a small bottle of wine and eating Greek food (chips and meat) with a salad. I was sitting at a white tiled table. It was in Thessaloniki in Greece,Greek wine on a Sunday. I was in a Greek restaurant drinking a small bottle of wine and eating Greek food (chips and meat) with a salad. I was sitting at a white tiled table. It was in Thessaloniki in Greece in January 2019. 
20190106_171553_000,LSC22-114,Greek wine on a Sunday.,Greek wine on a Sunday. I was in a Greek restaurant drinking a small bottle of wine,Greek wine on a Sunday. I was in a Greek restaurant drinking a small bottle of wine and eating Greek food (chips and meat) with a salad. ,Greek wine on a Sunday. I was in a Greek restaurant drinking a small bottle of wine and eating Greek food (chips and meat) with a salad. I was sitting at a white tiled table. ,Greek wine on a Sunday. I was in a Greek restaurant drinking a small bottle of wine and eating Greek food (chips and meat) with a salad. I was sitting at a white tiled table. It was in Thessaloniki in Greece,Greek wine on a Sunday. I was in a Greek restaurant drinking a small bottle of wine and eating Greek food (chips and meat) with a salad. I was sitting at a white tiled table. It was in Thessaloniki in Greece in January 2019. 
20190106_171625_000,LSC22-114,Greek wine on a Sunday.,Greek wine on a Sunday. I was in a Greek restaurant drinking a small bottle of wine,Greek wine on a Sunday. I was in a Greek restaurant drinking a small bottle of wine and eating Greek food (chips and meat) with a salad. ,Greek wine on a Sunday. I was in a Greek restaurant drinking a small bottle of wine and eating Greek food (chips and meat) with a salad. I was sitting at a white tiled table. ,Greek wine on a Sunday. I was in a Greek restaurant drinking a small bottle of wine and eating Greek food (chips and meat) with a salad. I was sitting at a white tiled table. It was in Thessaloniki in Greece,Greek wine on a Sunday. I was in a Greek restaurant drinking a small bottle of wine and eating Greek food (chips and meat) with a salad. I was sitting at a white tiled table. It was in Thessaloniki in Greece in January 2019. 
20190106_171657_000,LSC22-114,Greek wine on a Sunday.,Greek wine on a Sunday. I was in a Greek restaurant drinking a small bottle of wine,Greek wine on a Sunday. I was in a Greek restaurant drinking a small bottle of wine and eating Greek food (chips and meat) with a salad. ,Greek wine on a Sunday. I was in a Greek restaurant drinking a small bottle of wine and eating Greek food (chips and meat) with a salad. I was sitting at a white tiled table. ,Greek wine on a Sunday. I was in a Greek restaurant drinking a small bottle of wine and eating Greek food (chips and meat) with a salad. I was sitting at a white tiled table. It was in Thessaloniki in Greece,Greek wine on a Sunday. I was in a Greek restaurant drinking a small bottle of wine and eating Greek food (chips and meat) with a salad. I was sitting at a white tiled table. It was in Thessaloniki in Greece in January 2019. 
20190106_171729_000,LSC22-114,Greek wine on a Sunday.,Greek wine on a Sunday. I was in a Greek restaurant drinking a small bottle of wine,Greek wine on a Sunday. I was in a Greek restaurant drinking a small bottle of wine and eating Greek food (chips and meat) with a salad. ,Greek wine on a Sunday. I was in a Greek restaurant drinking a small bottle of wine and eating Greek food (chips and meat) with a salad. I was sitting at a white tiled table. ,Greek wine on a Sunday. I was in a Greek restaurant drinking a small bottle of wine and eating Greek food (chips and meat) with a salad. I was sitting at a white tiled table. It was in Thessaloniki in Greece,Greek wine on a Sunday. I was in a Greek restaurant drinking a small bottle of wine and eating Greek food (chips and meat) with a salad. I was sitting at a white tiled table. It was in Thessaloniki in Greece in January 2019. 
20190106_171801_000,LSC22-114,Greek wine on a Sunday.,Greek wine on a Sunday. I was in a Greek restaurant drinking a small bottle of wine,Greek wine on a Sunday. I was in a Greek restaurant drinking a small bottle of wine and eating Greek food (chips and meat) with a salad. ,Greek wine on a Sunday. I was in a Greek restaurant drinking a small bottle of wine and eating Greek food (chips and meat) with a salad. I was sitting at a white tiled table. ,Greek wine on a Sunday. I was in a Greek restaurant drinking a small bottle of wine and eating Greek food (chips and meat) with a salad. I was sitting at a white tiled table. It was in Thessaloniki in Greece,Greek wine on a Sunday. I was in a Greek restaurant drinking a small bottle of wine and eating Greek food (chips and meat) with a salad. I was sitting at a white tiled table. It was in Thessaloniki in Greece in January 2019. 
20190106_171833_000,LSC22-114,Greek wine on a Sunday.,Greek wine on a Sunday. I was in a Greek restaurant drinking a small bottle of wine,Greek wine on a Sunday. I was in a Greek restaurant drinking a small bottle of wine and eating Greek food (chips and meat) with a salad. ,Greek wine on a Sunday. I was in a Greek restaurant drinking a small bottle of wine and eating Greek food (chips and meat) with a salad. I was sitting at a white tiled table. ,Greek wine on a Sunday. I was in a Greek restaurant drinking a small bottle of wine and eating Greek food (chips and meat) with a salad. I was sitting at a white tiled table. It was in Thessaloniki in Greece,Greek wine on a Sunday. I was in a Greek restaurant drinking a small bottle of wine and eating Greek food (chips and meat) with a salad. I was sitting at a white tiled table. It was in Thessaloniki in Greece in January 2019. 
20190106_171905_000,LSC22-114,Greek wine on a Sunday.,Greek wine on a Sunday. I was in a Greek restaurant drinking a small bottle of wine,Greek wine on a Sunday. I was in a Greek restaurant drinking a small bottle of wine and eating Greek food (chips and meat) with a salad. ,Greek wine on a Sunday. I was in a Greek restaurant drinking a small bottle of wine and eating Greek food (chips and meat) with a salad. I was sitting at a white tiled table. ,Greek wine on a Sunday. I was in a Greek restaurant drinking a small bottle of wine and eating Greek food (chips and meat) with a salad. I was sitting at a white tiled table. It was in Thessaloniki in Greece,Greek wine on a Sunday. I was in a Greek restaurant drinking a small bottle of wine and eating Greek food (chips and meat) with a salad. I was sitting at a white tiled table. It was in Thessaloniki in Greece in January 2019. 
20190106_171937_000,LSC22-114,Greek wine on a Sunday.,Greek wine on a Sunday. I was in a Greek restaurant drinking a small bottle of wine,Greek wine on a Sunday. I was in a Greek restaurant drinking a small bottle of wine and eating Greek food (chips and meat) with a salad. ,Greek wine on a Sunday. I was in a Greek restaurant drinking a small bottle of wine and eating Greek food (chips and meat) with a salad. I was sitting at a white tiled table. ,Greek wine on a Sunday. I was in a Greek restaurant drinking a small bottle of wine and eating Greek food (chips and meat) with a salad. I was sitting at a white tiled table. It was in Thessaloniki in Greece,Greek wine on a Sunday. I was in a Greek restaurant drinking a small bottle of wine and eating Greek food (chips and meat) with a salad. I was sitting at a white tiled table. It was in Thessaloniki in Greece in January 2019. 
20190106_172009_000,LSC22-114,Greek wine on a Sunday.,Greek wine on a Sunday. I was in a Greek restaurant drinking a small bottle of wine,Greek wine on a Sunday. I was in a Greek restaurant drinking a small bottle of wine and eating Greek food (chips and meat) with a salad. ,Greek wine on a Sunday. I was in a Greek restaurant drinking a small bottle of wine and eating Greek food (chips and meat) with a salad. I was sitting at a white tiled table. ,Greek wine on a Sunday. I was in a Greek restaurant drinking a small bottle of wine and eating Greek food (chips and meat) with a salad. I was sitting at a white tiled table. It was in Thessaloniki in Greece,Greek wine on a Sunday. I was in a Greek restaurant drinking a small bottle of wine and eating Greek food (chips and meat) with a salad. I was sitting at a white tiled table. It was in Thessaloniki in Greece in January 2019. 
20190106_172041_000,LSC22-114,Greek wine on a Sunday.,Greek wine on a Sunday. I was in a Greek restaurant drinking a small bottle of wine,Greek wine on a Sunday. I was in a Greek restaurant drinking a small bottle of wine and eating Greek food (chips and meat) with a salad. ,Greek wine on a Sunday. I was in a Greek restaurant drinking a small bottle of wine and eating Greek food (chips and meat) with a salad. I was sitting at a white tiled table. ,Greek wine on a Sunday. I was in a Greek restaurant drinking a small bottle of wine and eating Greek food (chips and meat) with a salad. I was sitting at a white tiled table. It was in Thessaloniki in Greece,Greek wine on a Sunday. I was in a Greek restaurant drinking a small bottle of wine and eating Greek food (chips and meat) with a salad. I was sitting at a white tiled table. It was in Thessaloniki in Greece in January 2019. 
20190106_172113_000,LSC22-114,Greek wine on a Sunday.,Greek wine on a Sunday. I was in a Greek restaurant drinking a small bottle of wine,Greek wine on a Sunday. I was in a Greek restaurant drinking a small bottle of wine and eating Greek food (chips and meat) with a salad. ,Greek wine on a Sunday. I was in a Greek restaurant drinking a small bottle of wine and eating Greek food (chips and meat) with a salad. I was sitting at a white tiled table. ,Greek wine on a Sunday. I was in a Greek restaurant drinking a small bottle of wine and eating Greek food (chips and meat) with a salad. I was sitting at a white tiled table. It was in Thessaloniki in Greece,Greek wine on a Sunday. I was in a Greek restaurant drinking a small bottle of wine and eating Greek food (chips and meat) with a salad. I was sitting at a white tiled table. It was in Thessaloniki in Greece in January 2019. 
20190106_172145_000,LSC22-114,Greek wine on a Sunday.,Greek wine on a Sunday. I was in a Greek restaurant drinking a small bottle of wine,Greek wine on a Sunday. I was in a Greek restaurant drinking a small bottle of wine and eating Greek food (chips and meat) with a salad. ,Greek wine on a Sunday. I was in a Greek restaurant drinking a small bottle of wine and eating Greek food (chips and meat) with a salad. I was sitting at a white tiled table. ,Greek wine on a Sunday. I was in a Greek restaurant drinking a small bottle of wine and eating Greek food (chips and meat) with a salad. I was sitting at a white tiled table. It was in Thessaloniki in Greece,Greek wine on a Sunday. I was in a Greek restaurant drinking a small bottle of wine and eating Greek food (chips and meat) with a salad. I was sitting at a white tiled table. It was in Thessaloniki in Greece in January 2019. 
20190106_172230_000,LSC22-114,Greek wine on a Sunday.,Greek wine on a Sunday. I was in a Greek restaurant drinking a small bottle of wine,Greek wine on a Sunday. I was in a Greek restaurant drinking a small bottle of wine and eating Greek food (chips and meat) with a salad. ,Greek wine on a Sunday. I was in a Greek restaurant drinking a small bottle of wine and eating Greek food (chips and meat) with a salad. I was sitting at a white tiled table. ,Greek wine on a Sunday. I was in a Greek restaurant drinking a small bottle of wine and eating Greek food (chips and meat) with a salad. I was sitting at a white tiled table. It was in Thessaloniki in Greece,Greek wine on a Sunday. I was in a Greek restaurant drinking a small bottle of wine and eating Greek food (chips and meat) with a salad. I was sitting at a white tiled table. It was in Thessaloniki in Greece in January 2019. 
20190106_172302_000,LSC22-114,Greek wine on a Sunday.,Greek wine on a Sunday. I was in a Greek restaurant drinking a small bottle of wine,Greek wine on a Sunday. I was in a Greek restaurant drinking a small bottle of wine and eating Greek food (chips and meat) with a salad. ,Greek wine on a Sunday. I was in a Greek restaurant drinking a small bottle of wine and eating Greek food (chips and meat) with a salad. I was sitting at a white tiled table. ,Greek wine on a Sunday. I was in a Greek restaurant drinking a small bottle of wine and eating Greek food (chips and meat) with a salad. I was sitting at a white tiled table. It was in Thessaloniki in Greece,Greek wine on a Sunday. I was in a Greek restaurant drinking a small bottle of wine and eating Greek food (chips and meat) with a salad. I was sitting at a white tiled table. It was in Thessaloniki in Greece in January 2019. 
20190106_172334_000,LSC22-114,Greek wine on a Sunday.,Greek wine on a Sunday. I was in a Greek restaurant drinking a small bottle of wine,Greek wine on a Sunday. I was in a Greek restaurant drinking a small bottle of wine and eating Greek food (chips and meat) with a salad. ,Greek wine on a Sunday. I was in a Greek restaurant drinking a small bottle of wine and eating Greek food (chips and meat) with a salad. I was sitting at a white tiled table. ,Greek wine on a Sunday. I was in a Greek restaurant drinking a small bottle of wine and eating Greek food (chips and meat) with a salad. I was sitting at a white tiled table. It was in Thessaloniki in Greece,Greek wine on a Sunday. I was in a Greek restaurant drinking a small bottle of wine and eating Greek food (chips and meat) with a salad. I was sitting at a white tiled table. It was in Thessaloniki in Greece in January 2019. 
20190106_172406_000,LSC22-114,Greek wine on a Sunday.,Greek wine on a Sunday. I was in a Greek restaurant drinking a small bottle of wine,Greek wine on a Sunday. I was in a Greek restaurant drinking a small bottle of wine and eating Greek food (chips and meat) with a salad. ,Greek wine on a Sunday. I was in a Greek restaurant drinking a small bottle of wine and eating Greek food (chips and meat) with a salad. I was sitting at a white tiled table. ,Greek wine on a Sunday. I was in a Greek restaurant drinking a small bottle of wine and eating Greek food (chips and meat) with a salad. I was sitting at a white tiled table. It was in Thessaloniki in Greece,Greek wine on a Sunday. I was in a Greek restaurant drinking a small bottle of wine and eating Greek food (chips and meat) with a salad. I was sitting at a white tiled table. It was in Thessaloniki in Greece in January 2019. 
20190106_172438_000,LSC22-114,Greek wine on a Sunday.,Greek wine on a Sunday. I was in a Greek restaurant drinking a small bottle of wine,Greek wine on a Sunday. I was in a Greek restaurant drinking a small bottle of wine and eating Greek food (chips and meat) with a salad. ,Greek wine on a Sunday. I was in a Greek restaurant drinking a small bottle of wine and eating Greek food (chips and meat) with a salad. I was sitting at a white tiled table. ,Greek wine on a Sunday. I was in a Greek restaurant drinking a small bottle of wine and eating Greek food (chips and meat) with a salad. I was sitting at a white tiled table. It was in Thessaloniki in Greece,Greek wine on a Sunday. I was in a Greek restaurant drinking a small bottle of wine and eating Greek food (chips and meat) with a salad. I was sitting at a white tiled table. It was in Thessaloniki in Greece in January 2019. 
20190106_172510_000,LSC22-114,Greek wine on a Sunday.,Greek wine on a Sunday. I was in a Greek restaurant drinking a small bottle of wine,Greek wine on a Sunday. I was in a Greek restaurant drinking a small bottle of wine and eating Greek food (chips and meat) with a salad. ,Greek wine on a Sunday. I was in a Greek restaurant drinking a small bottle of wine and eating Greek food (chips and meat) with a salad. I was sitting at a white tiled table. ,Greek wine on a Sunday. I was in a Greek restaurant drinking a small bottle of wine and eating Greek food (chips and meat) with a salad. I was sitting at a white tiled table. It was in Thessaloniki in Greece,Greek wine on a Sunday. I was in a Greek restaurant drinking a small bottle of wine and eating Greek food (chips and meat) with a salad. I was sitting at a white tiled table. It was in Thessaloniki in Greece in January 2019. 
20190106_172542_000,LSC22-114,Greek wine on a Sunday.,Greek wine on a Sunday. I was in a Greek restaurant drinking a small bottle of wine,Greek wine on a Sunday. I was in a Greek restaurant drinking a small bottle of wine and eating Greek food (chips and meat) with a salad. ,Greek wine on a Sunday. I was in a Greek restaurant drinking a small bottle of wine and eating Greek food (chips and meat) with a salad. I was sitting at a white tiled table. ,Greek wine on a Sunday. I was in a Greek restaurant drinking a small bottle of wine and eating Greek food (chips and meat) with a salad. I was sitting at a white tiled table. It was in Thessaloniki in Greece,Greek wine on a Sunday. I was in a Greek restaurant drinking a small bottle of wine and eating Greek food (chips and meat) with a salad. I was sitting at a white tiled table. It was in Thessaloniki in Greece in January 2019. 
20190106_172614_000,LSC22-114,Greek wine on a Sunday.,Greek wine on a Sunday. I was in a Greek restaurant drinking a small bottle of wine,Greek wine on a Sunday. I was in a Greek restaurant drinking a small bottle of wine and eating Greek food (chips and meat) with a salad. ,Greek wine on a Sunday. I was in a Greek restaurant drinking a small bottle of wine and eating Greek food (chips and meat) with a salad. I was sitting at a white tiled table. ,Greek wine on a Sunday. I was in a Greek restaurant drinking a small bottle of wine and eating Greek food (chips and meat) with a salad. I was sitting at a white tiled table. It was in Thessaloniki in Greece,Greek wine on a Sunday. I was in a Greek restaurant drinking a small bottle of wine and eating Greek food (chips and meat) with a salad. I was sitting at a white tiled table. It was in Thessaloniki in Greece in January 2019. 
20190419_215042_000,LSC22-118,,,,,,
20190419_215114_000,LSC22-118,,,,,,
20190419_215146_000,LSC22-118,,,,,,
20190419_215218_000,LSC22-118,,,,,,
20190419_215250_000,LSC22-118,,,,,,
20190419_215322_000,LSC22-118,,,,,,
20190419_215354_000,LSC22-118,,,,,,
20200108_085235_000,LSC22-119,,,,,,
20200108_085337_000,LSC22-119,,,,,,
20200108_085541_000,LSC22-119,,,,,,
20200108_085643_000,LSC22-119,,,,,,
20200108_085745_000,LSC22-119,,,,,,
20200108_085847_000,LSC22-119,,,,,,
20200108_085949_000,LSC22-119,,,,,,
20200108_090051_000,LSC22-119,,,,,,
20200108_090153_000,LSC22-119,,,,,,
20200108_090255_000,LSC22-119,,,,,,
20200108_090357_000,LSC22-119,,,,,,
20200107_103528_000,LSC22-120,,,,,,
20190622_081018_000,LSC23-KIS03,When did I buy that model train? ,When did I buy that model train? I remember it was a marklin brand train,When did I buy that model train? I remember it was a marklin brand train and I bought it at the weekend.,When did I buy that model train? I remember it was a marklin brand train and I bought it at the weekend. Jer convinced me to buy it when having coffee,When did I buy that model train? I remember it was a marklin brand train and I bought it at the weekend. Jer convinced me to buy it when having coffee and I bought it immediately after coffee.,When did I buy that model train? I remember it was a marklin brand train and I bought it at the weekend. Jer convinced me to buy it when having coffee and I bought it immediately after coffee. It was in June 2019.
20190622_081105_000,LSC23-KIS03,When did I buy that model train? ,When did I buy that model train? I remember it was a marklin brand train,When did I buy that model train? I remember it was a marklin brand train and I bought it at the weekend.,When did I buy that model train? I remember it was a marklin brand train and I bought it at the weekend. Jer convinced me to buy it when having coffee,When did I buy that model train? I remember it was a marklin brand train and I bought it at the weekend. Jer convinced me to buy it when having coffee and I bought it immediately after coffee.,When did I buy that model train? I remember it was a marklin brand train and I bought it at the weekend. Jer convinced me to buy it when having coffee and I bought it immediately after coffee. It was in June 2019.
20190622_080315_000,LSC23-KIS03,When did I buy that model train? ,When did I buy that model train? I remember it was a marklin brand train,When did I buy that model train? I remember it was a marklin brand train and I bought it at the weekend.,When did I buy that model train? I remember it was a marklin brand train and I bought it at the weekend. Jer convinced me to buy it when having coffee,When did I buy that model train? I remember it was a marklin brand train and I bought it at the weekend. Jer convinced me to buy it when having coffee and I bought it immediately after coffee.,When did I buy that model train? I remember it was a marklin brand train and I bought it at the weekend. Jer convinced me to buy it when having coffee and I bought it immediately after coffee. It was in June 2019.
20190622_080402_000,LSC23-KIS03,When did I buy that model train? ,When did I buy that model train? I remember it was a marklin brand train,When did I buy that model train? I remember it was a marklin brand train and I bought it at the weekend.,When did I buy that model train? I remember it was a marklin brand train and I bought it at the weekend. Jer convinced me to buy it when having coffee,When did I buy that model train? I remember it was a marklin brand train and I bought it at the weekend. Jer convinced me to buy it when having coffee and I bought it immediately after coffee.,When did I buy that model train? I remember it was a marklin brand train and I bought it at the weekend. Jer convinced me to buy it when having coffee and I bought it immediately after coffee. It was in June 2019.
20190622_080449_000,LSC23-KIS03,When did I buy that model train? ,When did I buy that model train? I remember it was a marklin brand train,When did I buy that model train? I remember it was a marklin brand train and I bought it at the weekend.,When did I buy that model train? I remember it was a marklin brand train and I bought it at the weekend. Jer convinced me to buy it when having coffee,When did I buy that model train? I remember it was a marklin brand train and I bought it at the weekend. Jer convinced me to buy it when having coffee and I bought it immediately after coffee.,When did I buy that model train? I remember it was a marklin brand train and I bought it at the weekend. Jer convinced me to buy it when having coffee and I bought it immediately after coffee. It was in June 2019.
20191114_121911_000,LSC23-KIS05,Having lunch with Dermot,"Having lunch with Dermot, who was a guest speaker at my lecture.","Having lunch with Dermot, who was a guest speaker at my lecture. After lunch, he gave a lecture to my class","Having lunch with Dermot, who was a guest speaker at my lecture. After lunch, he gave a lecture to my class about Lessons in Innovation & Entrepreneurship","Having lunch with Dermot, who was a guest speaker at my lecture. After lunch, he gave a lecture to my class about Lessons in Innovation & Entrepreneurship while I was sitting in the front row. ","Having lunch with Dermot, who was a guest speaker at my lecture. After lunch, he gave a lecture to my class about Lessons in Innovation & Entrepreneurship while I was sitting in the front row. It was in November 2019."
20191114_121928_000,LSC23-KIS05,Having lunch with Dermot,"Having lunch with Dermot, who was a guest speaker at my lecture.","Having lunch with Dermot, who was a guest speaker at my lecture. After lunch, he gave a lecture to my class","Having lunch with Dermot, who was a guest speaker at my lecture. After lunch, he gave a lecture to my class about Lessons in Innovation & Entrepreneurship","Having lunch with Dermot, who was a guest speaker at my lecture. After lunch, he gave a lecture to my class about Lessons in Innovation & Entrepreneurship while I was sitting in the front row. ","Having lunch with Dermot, who was a guest speaker at my lecture. After lunch, he gave a lecture to my class about Lessons in Innovation & Entrepreneurship while I was sitting in the front row. It was in November 2019."
20191114_121945_000,LSC23-KIS05,Having lunch with Dermot,"Having lunch with Dermot, who was a guest speaker at my lecture.","Having lunch with Dermot, who was a guest speaker at my lecture. After lunch, he gave a lecture to my class","Having lunch with Dermot, who was a guest speaker at my lecture. After lunch, he gave a lecture to my class about Lessons in Innovation & Entrepreneurship","Having lunch with Dermot, who was a guest speaker at my lecture. After lunch, he gave a lecture to my class about Lessons in Innovation & Entrepreneurship while I was sitting in the front row. ","Having lunch with Dermot, who was a guest speaker at my lecture. After lunch, he gave a lecture to my class about Lessons in Innovation & Entrepreneurship while I was sitting in the front row. It was in November 2019."
20191114_122002_000,LSC23-KIS05,Having lunch with Dermot,"Having lunch with Dermot, who was a guest speaker at my lecture.","Having lunch with Dermot, who was a guest speaker at my lecture. After lunch, he gave a lecture to my class","Having lunch with Dermot, who was a guest speaker at my lecture. After lunch, he gave a lecture to my class about Lessons in Innovation & Entrepreneurship","Having lunch with Dermot, who was a guest speaker at my lecture. After lunch, he gave a lecture to my class about Lessons in Innovation & Entrepreneurship while I was sitting in the front row. ","Having lunch with Dermot, who was a guest speaker at my lecture. After lunch, he gave a lecture to my class about Lessons in Innovation & Entrepreneurship while I was sitting in the front row. It was in November 2019."
20191114_122019_000,LSC23-KIS05,Having lunch with Dermot,"Having lunch with Dermot, who was a guest speaker at my lecture.","Having lunch with Dermot, who was a guest speaker at my lecture. After lunch, he gave a lecture to my class","Having lunch with Dermot, who was a guest speaker at my lecture. After lunch, he gave a lecture to my class about Lessons in Innovation & Entrepreneurship","Having lunch with Dermot, who was a guest speaker at my lecture. After lunch, he gave a lecture to my class about Lessons in Innovation & Entrepreneurship while I was sitting in the front row. ","Having lunch with Dermot, who was a guest speaker at my lecture. After lunch, he gave a lecture to my class about Lessons in Innovation & Entrepreneurship while I was sitting in the front row. It was in November 2019."
20191114_122036_000,LSC23-KIS05,Having lunch with Dermot,"Having lunch with Dermot, who was a guest speaker at my lecture.","Having lunch with Dermot, who was a guest speaker at my lecture. After lunch, he gave a lecture to my class","Having lunch with Dermot, who was a guest speaker at my lecture. After lunch, he gave a lecture to my class about Lessons in Innovation & Entrepreneurship","Having lunch with Dermot, who was a guest speaker at my lecture. After lunch, he gave a lecture to my class about Lessons in Innovation & Entrepreneurship while I was sitting in the front row. ","Having lunch with Dermot, who was a guest speaker at my lecture. After lunch, he gave a lecture to my class about Lessons in Innovation & Entrepreneurship while I was sitting in the front row. It was in November 2019."
20191114_122049_000,LSC23-KIS05,Having lunch with Dermot,"Having lunch with Dermot, who was a guest speaker at my lecture.","Having lunch with Dermot, who was a guest speaker at my lecture. After lunch, he gave a lecture to my class","Having lunch with Dermot, who was a guest speaker at my lecture. After lunch, he gave a lecture to my class about Lessons in Innovation & Entrepreneurship","Having lunch with Dermot, who was a guest speaker at my lecture. After lunch, he gave a lecture to my class about Lessons in Innovation & Entrepreneurship while I was sitting in the front row. ","Having lunch with Dermot, who was a guest speaker at my lecture. After lunch, he gave a lecture to my class about Lessons in Innovation & Entrepreneurship while I was sitting in the front row. It was in November 2019."
20191114_122106_000,LSC23-KIS05,Having lunch with Dermot,"Having lunch with Dermot, who was a guest speaker at my lecture.","Having lunch with Dermot, who was a guest speaker at my lecture. After lunch, he gave a lecture to my class","Having lunch with Dermot, who was a guest speaker at my lecture. After lunch, he gave a lecture to my class about Lessons in Innovation & Entrepreneurship","Having lunch with Dermot, who was a guest speaker at my lecture. After lunch, he gave a lecture to my class about Lessons in Innovation & Entrepreneurship while I was sitting in the front row. ","Having lunch with Dermot, who was a guest speaker at my lecture. After lunch, he gave a lecture to my class about Lessons in Innovation & Entrepreneurship while I was sitting in the front row. It was in November 2019."
20191114_122123_000,LSC23-KIS05,Having lunch with Dermot,"Having lunch with Dermot, who was a guest speaker at my lecture.","Having lunch with Dermot, who was a guest speaker at my lecture. After lunch, he gave a lecture to my class","Having lunch with Dermot, who was a guest speaker at my lecture. After lunch, he gave a lecture to my class about Lessons in Innovation & Entrepreneurship","Having lunch with Dermot, who was a guest speaker at my lecture. After lunch, he gave a lecture to my class about Lessons in Innovation & Entrepreneurship while I was sitting in the front row. ","Having lunch with Dermot, who was a guest speaker at my lecture. After lunch, he gave a lecture to my class about Lessons in Innovation & Entrepreneurship while I was sitting in the front row. It was in November 2019."
20191114_122140_000,LSC23-KIS05,Having lunch with Dermot,"Having lunch with Dermot, who was a guest speaker at my lecture.","Having lunch with Dermot, who was a guest speaker at my lecture. After lunch, he gave a lecture to my class","Having lunch with Dermot, who was a guest speaker at my lecture. After lunch, he gave a lecture to my class about Lessons in Innovation & Entrepreneurship","Having lunch with Dermot, who was a guest speaker at my lecture. After lunch, he gave a lecture to my class about Lessons in Innovation & Entrepreneurship while I was sitting in the front row. ","Having lunch with Dermot, who was a guest speaker at my lecture. After lunch, he gave a lecture to my class about Lessons in Innovation & Entrepreneurship while I was sitting in the front row. It was in November 2019."
20191114_122157_000,LSC23-KIS05,Having lunch with Dermot,"Having lunch with Dermot, who was a guest speaker at my lecture.","Having lunch with Dermot, who was a guest speaker at my lecture. After lunch, he gave a lecture to my class","Having lunch with Dermot, who was a guest speaker at my lecture. After lunch, he gave a lecture to my class about Lessons in Innovation & Entrepreneurship","Having lunch with Dermot, who was a guest speaker at my lecture. After lunch, he gave a lecture to my class about Lessons in Innovation & Entrepreneurship while I was sitting in the front row. ","Having lunch with Dermot, who was a guest speaker at my lecture. After lunch, he gave a lecture to my class about Lessons in Innovation & Entrepreneurship while I was sitting in the front row. It was in November 2019."
20191114_122214_000,LSC23-KIS05,Having lunch with Dermot,"Having lunch with Dermot, who was a guest speaker at my lecture.","Having lunch with Dermot, who was a guest speaker at my lecture. After lunch, he gave a lecture to my class","Having lunch with Dermot, who was a guest speaker at my lecture. After lunch, he gave a lecture to my class about Lessons in Innovation & Entrepreneurship","Having lunch with Dermot, who was a guest speaker at my lecture. After lunch, he gave a lecture to my class about Lessons in Innovation & Entrepreneurship while I was sitting in the front row. ","Having lunch with Dermot, who was a guest speaker at my lecture. After lunch, he gave a lecture to my class about Lessons in Innovation & Entrepreneurship while I was sitting in the front row. It was in November 2019."
20191114_122231_000,LSC23-KIS05,Having lunch with Dermot,"Having lunch with Dermot, who was a guest speaker at my lecture.","Having lunch with Dermot, who was a guest speaker at my lecture. After lunch, he gave a lecture to my class","Having lunch with Dermot, who was a guest speaker at my lecture. After lunch, he gave a lecture to my class about Lessons in Innovation & Entrepreneurship","Having lunch with Dermot, who was a guest speaker at my lecture. After lunch, he gave a lecture to my class about Lessons in Innovation & Entrepreneurship while I was sitting in the front row. ","Having lunch with Dermot, who was a guest speaker at my lecture. After lunch, he gave a lecture to my class about Lessons in Innovation & Entrepreneurship while I was sitting in the front row. It was in November 2019."
20191114_122248_000,LSC23-KIS05,Having lunch with Dermot,"Having lunch with Dermot, who was a guest speaker at my lecture.","Having lunch with Dermot, who was a guest speaker at my lecture. After lunch, he gave a lecture to my class","Having lunch with Dermot, who was a guest speaker at my lecture. After lunch, he gave a lecture to my class about Lessons in Innovation & Entrepreneurship","Having lunch with Dermot, who was a guest speaker at my lecture. After lunch, he gave a lecture to my class about Lessons in Innovation & Entrepreneurship while I was sitting in the front row. ","Having lunch with Dermot, who was a guest speaker at my lecture. After lunch, he gave a lecture to my class about Lessons in Innovation & Entrepreneurship while I was sitting in the front row. It was in November 2019."
20191114_122305_000,LSC23-KIS05,Having lunch with Dermot,"Having lunch with Dermot, who was a guest speaker at my lecture.","Having lunch with Dermot, who was a guest speaker at my lecture. After lunch, he gave a lecture to my class","Having lunch with Dermot, who was a guest speaker at my lecture. After lunch, he gave a lecture to my class about Lessons in Innovation & Entrepreneurship","Having lunch with Dermot, who was a guest speaker at my lecture. After lunch, he gave a lecture to my class about Lessons in Innovation & Entrepreneurship while I was sitting in the front row. ","Having lunch with Dermot, who was a guest speaker at my lecture. After lunch, he gave a lecture to my class about Lessons in Innovation & Entrepreneurship while I was sitting in the front row. It was in November 2019."
20191114_122322_000,LSC23-KIS05,Having lunch with Dermot,"Having lunch with Dermot, who was a guest speaker at my lecture.","Having lunch with Dermot, who was a guest speaker at my lecture. After lunch, he gave a lecture to my class","Having lunch with Dermot, who was a guest speaker at my lecture. After lunch, he gave a lecture to my class about Lessons in Innovation & Entrepreneurship","Having lunch with Dermot, who was a guest speaker at my lecture. After lunch, he gave a lecture to my class about Lessons in Innovation & Entrepreneurship while I was sitting in the front row. ","Having lunch with Dermot, who was a guest speaker at my lecture. After lunch, he gave a lecture to my class about Lessons in Innovation & Entrepreneurship while I was sitting in the front row. It was in November 2019."
20191114_122339_000,LSC23-KIS05,Having lunch with Dermot,"Having lunch with Dermot, who was a guest speaker at my lecture.","Having lunch with Dermot, who was a guest speaker at my lecture. After lunch, he gave a lecture to my class","Having lunch with Dermot, who was a guest speaker at my lecture. After lunch, he gave a lecture to my class about Lessons in Innovation & Entrepreneurship","Having lunch with Dermot, who was a guest speaker at my lecture. After lunch, he gave a lecture to my class about Lessons in Innovation & Entrepreneurship while I was sitting in the front row. ","Having lunch with Dermot, who was a guest speaker at my lecture. After lunch, he gave a lecture to my class about Lessons in Innovation & Entrepreneurship while I was sitting in the front row. It was in November 2019."
20191114_122356_000,LSC23-KIS05,Having lunch with Dermot,"Having lunch with Dermot, who was a guest speaker at my lecture.","Having lunch with Dermot, who was a guest speaker at my lecture. After lunch, he gave a lecture to my class","Having lunch with Dermot, who was a guest speaker at my lecture. After lunch, he gave a lecture to my class about Lessons in Innovation & Entrepreneurship","Having lunch with Dermot, who was a guest speaker at my lecture. After lunch, he gave a lecture to my class about Lessons in Innovation & Entrepreneurship while I was sitting in the front row. ","Having lunch with Dermot, who was a guest speaker at my lecture. After lunch, he gave a lecture to my class about Lessons in Innovation & Entrepreneurship while I was sitting in the front row. It was in November 2019."
20191114_122413_000,LSC23-KIS05,Having lunch with Dermot,"Having lunch with Dermot, who was a guest speaker at my lecture.","Having lunch with Dermot, who was a guest speaker at my lecture. After lunch, he gave a lecture to my class","Having lunch with Dermot, who was a guest speaker at my lecture. After lunch, he gave a lecture to my class about Lessons in Innovation & Entrepreneurship","Having lunch with Dermot, who was a guest speaker at my lecture. After lunch, he gave a lecture to my class about Lessons in Innovation & Entrepreneurship while I was sitting in the front row. ","Having lunch with Dermot, who was a guest speaker at my lecture. After lunch, he gave a lecture to my class about Lessons in Innovation & Entrepreneurship while I was sitting in the front row. It was in November 2019."
20191114_122430_000,LSC23-KIS05,Having lunch with Dermot,"Having lunch with Dermot, who was a guest speaker at my lecture.","Having lunch with Dermot, who was a guest speaker at my lecture. After lunch, he gave a lecture to my class","Having lunch with Dermot, who was a guest speaker at my lecture. After lunch, he gave a lecture to my class about Lessons in Innovation & Entrepreneurship","Having lunch with Dermot, who was a guest speaker at my lecture. After lunch, he gave a lecture to my class about Lessons in Innovation & Entrepreneurship while I was sitting in the front row. ","Having lunch with Dermot, who was a guest speaker at my lecture. After lunch, he gave a lecture to my class about Lessons in Innovation & Entrepreneurship while I was sitting in the front row. It was in November 2019."
20191114_122447_000,LSC23-KIS05,Having lunch with Dermot,"Having lunch with Dermot, who was a guest speaker at my lecture.","Having lunch with Dermot, who was a guest speaker at my lecture. After lunch, he gave a lecture to my class","Having lunch with Dermot, who was a guest speaker at my lecture. After lunch, he gave a lecture to my class about Lessons in Innovation & Entrepreneurship","Having lunch with Dermot, who was a guest speaker at my lecture. After lunch, he gave a lecture to my class about Lessons in Innovation & Entrepreneurship while I was sitting in the front row. ","Having lunch with Dermot, who was a guest speaker at my lecture. After lunch, he gave a lecture to my class about Lessons in Innovation & Entrepreneurship while I was sitting in the front row. It was in November 2019."
20191114_122504_000,LSC23-KIS05,Having lunch with Dermot,"Having lunch with Dermot, who was a guest speaker at my lecture.","Having lunch with Dermot, who was a guest speaker at my lecture. After lunch, he gave a lecture to my class","Having lunch with Dermot, who was a guest speaker at my lecture. After lunch, he gave a lecture to my class about Lessons in Innovation & Entrepreneurship","Having lunch with Dermot, who was a guest speaker at my lecture. After lunch, he gave a lecture to my class about Lessons in Innovation & Entrepreneurship while I was sitting in the front row. ","Having lunch with Dermot, who was a guest speaker at my lecture. After lunch, he gave a lecture to my class about Lessons in Innovation & Entrepreneurship while I was sitting in the front row. It was in November 2019."
20191114_122521_000,LSC23-KIS05,Having lunch with Dermot,"Having lunch with Dermot, who was a guest speaker at my lecture.","Having lunch with Dermot, who was a guest speaker at my lecture. After lunch, he gave a lecture to my class","Having lunch with Dermot, who was a guest speaker at my lecture. After lunch, he gave a lecture to my class about Lessons in Innovation & Entrepreneurship","Having lunch with Dermot, who was a guest speaker at my lecture. After lunch, he gave a lecture to my class about Lessons in Innovation & Entrepreneurship while I was sitting in the front row. ","Having lunch with Dermot, who was a guest speaker at my lecture. After lunch, he gave a lecture to my class about Lessons in Innovation & Entrepreneurship while I was sitting in the front row. It was in November 2019."
20191114_122538_000,LSC23-KIS05,Having lunch with Dermot,"Having lunch with Dermot, who was a guest speaker at my lecture.","Having lunch with Dermot, who was a guest speaker at my lecture. After lunch, he gave a lecture to my class","Having lunch with Dermot, who was a guest speaker at my lecture. After lunch, he gave a lecture to my class about Lessons in Innovation & Entrepreneurship","Having lunch with Dermot, who was a guest speaker at my lecture. After lunch, he gave a lecture to my class about Lessons in Innovation & Entrepreneurship while I was sitting in the front row. ","Having lunch with Dermot, who was a guest speaker at my lecture. After lunch, he gave a lecture to my class about Lessons in Innovation & Entrepreneurship while I was sitting in the front row. It was in November 2019."
20191114_122555_000,LSC23-KIS05,Having lunch with Dermot,"Having lunch with Dermot, who was a guest speaker at my lecture.","Having lunch with Dermot, who was a guest speaker at my lecture. After lunch, he gave a lecture to my class","Having lunch with Dermot, who was a guest speaker at my lecture. After lunch, he gave a lecture to my class about Lessons in Innovation & Entrepreneurship","Having lunch with Dermot, who was a guest speaker at my lecture. After lunch, he gave a lecture to my class about Lessons in Innovation & Entrepreneurship while I was sitting in the front row. ","Having lunch with Dermot, who was a guest speaker at my lecture. After lunch, he gave a lecture to my class about Lessons in Innovation & Entrepreneurship while I was sitting in the front row. It was in November 2019."
20191114_122612_000,LSC23-KIS05,Having lunch with Dermot,"Having lunch with Dermot, who was a guest speaker at my lecture.","Having lunch with Dermot, who was a guest speaker at my lecture. After lunch, he gave a lecture to my class","Having lunch with Dermot, who was a guest speaker at my lecture. After lunch, he gave a lecture to my class about Lessons in Innovation & Entrepreneurship","Having lunch with Dermot, who was a guest speaker at my lecture. After lunch, he gave a lecture to my class about Lessons in Innovation & Entrepreneurship while I was sitting in the front row. ","Having lunch with Dermot, who was a guest speaker at my lecture. After lunch, he gave a lecture to my class about Lessons in Innovation & Entrepreneurship while I was sitting in the front row. It was in November 2019."
20191114_122629_000,LSC23-KIS05,Having lunch with Dermot,"Having lunch with Dermot, who was a guest speaker at my lecture.","Having lunch with Dermot, who was a guest speaker at my lecture. After lunch, he gave a lecture to my class","Having lunch with Dermot, who was a guest speaker at my lecture. After lunch, he gave a lecture to my class about Lessons in Innovation & Entrepreneurship","Having lunch with Dermot, who was a guest speaker at my lecture. After lunch, he gave a lecture to my class about Lessons in Innovation & Entrepreneurship while I was sitting in the front row. ","Having lunch with Dermot, who was a guest speaker at my lecture. After lunch, he gave a lecture to my class about Lessons in Innovation & Entrepreneurship while I was sitting in the front row. It was in November 2019."
20191114_122646_000,LSC23-KIS05,Having lunch with Dermot,"Having lunch with Dermot, who was a guest speaker at my lecture.","Having lunch with Dermot, who was a guest speaker at my lecture. After lunch, he gave a lecture to my class","Having lunch with Dermot, who was a guest speaker at my lecture. After lunch, he gave a lecture to my class about Lessons in Innovation & Entrepreneurship","Having lunch with Dermot, who was a guest speaker at my lecture. After lunch, he gave a lecture to my class about Lessons in Innovation & Entrepreneurship while I was sitting in the front row. ","Having lunch with Dermot, who was a guest speaker at my lecture. After lunch, he gave a lecture to my class about Lessons in Innovation & Entrepreneurship while I was sitting in the front row. It was in November 2019."
20191114_122703_000,LSC23-KIS05,Having lunch with Dermot,"Having lunch with Dermot, who was a guest speaker at my lecture.","Having lunch with Dermot, who was a guest speaker at my lecture. After lunch, he gave a lecture to my class","Having lunch with Dermot, who was a guest speaker at my lecture. After lunch, he gave a lecture to my class about Lessons in Innovation & Entrepreneurship","Having lunch with Dermot, who was a guest speaker at my lecture. After lunch, he gave a lecture to my class about Lessons in Innovation & Entrepreneurship while I was sitting in the front row. ","Having lunch with Dermot, who was a guest speaker at my lecture. After lunch, he gave a lecture to my class about Lessons in Innovation & Entrepreneurship while I was sitting in the front row. It was in November 2019."
20191114_122733_000,LSC23-KIS05,Having lunch with Dermot,"Having lunch with Dermot, who was a guest speaker at my lecture.","Having lunch with Dermot, who was a guest speaker at my lecture. After lunch, he gave a lecture to my class","Having lunch with Dermot, who was a guest speaker at my lecture. After lunch, he gave a lecture to my class about Lessons in Innovation & Entrepreneurship","Having lunch with Dermot, who was a guest speaker at my lecture. After lunch, he gave a lecture to my class about Lessons in Innovation & Entrepreneurship while I was sitting in the front row. ","Having lunch with Dermot, who was a guest speaker at my lecture. After lunch, he gave a lecture to my class about Lessons in Innovation & Entrepreneurship while I was sitting in the front row. It was in November 2019."
20191114_122750_000,LSC23-KIS05,Having lunch with Dermot,"Having lunch with Dermot, who was a guest speaker at my lecture.","Having lunch with Dermot, who was a guest speaker at my lecture. After lunch, he gave a lecture to my class","Having lunch with Dermot, who was a guest speaker at my lecture. After lunch, he gave a lecture to my class about Lessons in Innovation & Entrepreneurship","Having lunch with Dermot, who was a guest speaker at my lecture. After lunch, he gave a lecture to my class about Lessons in Innovation & Entrepreneurship while I was sitting in the front row. ","Having lunch with Dermot, who was a guest speaker at my lecture. After lunch, he gave a lecture to my class about Lessons in Innovation & Entrepreneurship while I was sitting in the front row. It was in November 2019."
20191114_122807_000,LSC23-KIS05,Having lunch with Dermot,"Having lunch with Dermot, who was a guest speaker at my lecture.","Having lunch with Dermot, who was a guest speaker at my lecture. After lunch, he gave a lecture to my class","Having lunch with Dermot, who was a guest speaker at my lecture. After lunch, he gave a lecture to my class about Lessons in Innovation & Entrepreneurship","Having lunch with Dermot, who was a guest speaker at my lecture. After lunch, he gave a lecture to my class about Lessons in Innovation & Entrepreneurship while I was sitting in the front row. ","Having lunch with Dermot, who was a guest speaker at my lecture. After lunch, he gave a lecture to my class about Lessons in Innovation & Entrepreneurship while I was sitting in the front row. It was in November 2019."
20191114_122824_000,LSC23-KIS05,Having lunch with Dermot,"Having lunch with Dermot, who was a guest speaker at my lecture.","Having lunch with Dermot, who was a guest speaker at my lecture. After lunch, he gave a lecture to my class","Having lunch with Dermot, who was a guest speaker at my lecture. After lunch, he gave a lecture to my class about Lessons in Innovation & Entrepreneurship","Having lunch with Dermot, who was a guest speaker at my lecture. After lunch, he gave a lecture to my class about Lessons in Innovation & Entrepreneurship while I was sitting in the front row. ","Having lunch with Dermot, who was a guest speaker at my lecture. After lunch, he gave a lecture to my class about Lessons in Innovation & Entrepreneurship while I was sitting in the front row. It was in November 2019."
20191114_122841_000,LSC23-KIS05,Having lunch with Dermot,"Having lunch with Dermot, who was a guest speaker at my lecture.","Having lunch with Dermot, who was a guest speaker at my lecture. After lunch, he gave a lecture to my class","Having lunch with Dermot, who was a guest speaker at my lecture. After lunch, he gave a lecture to my class about Lessons in Innovation & Entrepreneurship","Having lunch with Dermot, who was a guest speaker at my lecture. After lunch, he gave a lecture to my class about Lessons in Innovation & Entrepreneurship while I was sitting in the front row. ","Having lunch with Dermot, who was a guest speaker at my lecture. After lunch, he gave a lecture to my class about Lessons in Innovation & Entrepreneurship while I was sitting in the front row. It was in November 2019."
20191114_122858_000,LSC23-KIS05,Having lunch with Dermot,"Having lunch with Dermot, who was a guest speaker at my lecture.","Having lunch with Dermot, who was a guest speaker at my lecture. After lunch, he gave a lecture to my class","Having lunch with Dermot, who was a guest speaker at my lecture. After lunch, he gave a lecture to my class about Lessons in Innovation & Entrepreneurship","Having lunch with Dermot, who was a guest speaker at my lecture. After lunch, he gave a lecture to my class about Lessons in Innovation & Entrepreneurship while I was sitting in the front row. ","Having lunch with Dermot, who was a guest speaker at my lecture. After lunch, he gave a lecture to my class about Lessons in Innovation & Entrepreneurship while I was sitting in the front row. It was in November 2019."
20191114_122915_000,LSC23-KIS05,Having lunch with Dermot,"Having lunch with Dermot, who was a guest speaker at my lecture.","Having lunch with Dermot, who was a guest speaker at my lecture. After lunch, he gave a lecture to my class","Having lunch with Dermot, who was a guest speaker at my lecture. After lunch, he gave a lecture to my class about Lessons in Innovation & Entrepreneurship","Having lunch with Dermot, who was a guest speaker at my lecture. After lunch, he gave a lecture to my class about Lessons in Innovation & Entrepreneurship while I was sitting in the front row. ","Having lunch with Dermot, who was a guest speaker at my lecture. After lunch, he gave a lecture to my class about Lessons in Innovation & Entrepreneurship while I was sitting in the front row. It was in November 2019."
20191114_122932_000,LSC23-KIS05,Having lunch with Dermot,"Having lunch with Dermot, who was a guest speaker at my lecture.","Having lunch with Dermot, who was a guest speaker at my lecture. After lunch, he gave a lecture to my class","Having lunch with Dermot, who was a guest speaker at my lecture. After lunch, he gave a lecture to my class about Lessons in Innovation & Entrepreneurship","Having lunch with Dermot, who was a guest speaker at my lecture. After lunch, he gave a lecture to my class about Lessons in Innovation & Entrepreneurship while I was sitting in the front row. ","Having lunch with Dermot, who was a guest speaker at my lecture. After lunch, he gave a lecture to my class about Lessons in Innovation & Entrepreneurship while I was sitting in the front row. It was in November 2019."
20191114_122949_000,LSC23-KIS05,Having lunch with Dermot,"Having lunch with Dermot, who was a guest speaker at my lecture.","Having lunch with Dermot, who was a guest speaker at my lecture. After lunch, he gave a lecture to my class","Having lunch with Dermot, who was a guest speaker at my lecture. After lunch, he gave a lecture to my class about Lessons in Innovation & Entrepreneurship","Having lunch with Dermot, who was a guest speaker at my lecture. After lunch, he gave a lecture to my class about Lessons in Innovation & Entrepreneurship while I was sitting in the front row. ","Having lunch with Dermot, who was a guest speaker at my lecture. After lunch, he gave a lecture to my class about Lessons in Innovation & Entrepreneurship while I was sitting in the front row. It was in November 2019."
20191114_123006_000,LSC23-KIS05,Having lunch with Dermot,"Having lunch with Dermot, who was a guest speaker at my lecture.","Having lunch with Dermot, who was a guest speaker at my lecture. After lunch, he gave a lecture to my class","Having lunch with Dermot, who was a guest speaker at my lecture. After lunch, he gave a lecture to my class about Lessons in Innovation & Entrepreneurship","Having lunch with Dermot, who was a guest speaker at my lecture. After lunch, he gave a lecture to my class about Lessons in Innovation & Entrepreneurship while I was sitting in the front row. ","Having lunch with Dermot, who was a guest speaker at my lecture. After lunch, he gave a lecture to my class about Lessons in Innovation & Entrepreneurship while I was sitting in the front row. It was in November 2019."
20191114_123023_000,LSC23-KIS05,Having lunch with Dermot,"Having lunch with Dermot, who was a guest speaker at my lecture.","Having lunch with Dermot, who was a guest speaker at my lecture. After lunch, he gave a lecture to my class","Having lunch with Dermot, who was a guest speaker at my lecture. After lunch, he gave a lecture to my class about Lessons in Innovation & Entrepreneurship","Having lunch with Dermot, who was a guest speaker at my lecture. After lunch, he gave a lecture to my class about Lessons in Innovation & Entrepreneurship while I was sitting in the front row. ","Having lunch with Dermot, who was a guest speaker at my lecture. After lunch, he gave a lecture to my class about Lessons in Innovation & Entrepreneurship while I was sitting in the front row. It was in November 2019."
20191114_123040_000,LSC23-KIS05,Having lunch with Dermot,"Having lunch with Dermot, who was a guest speaker at my lecture.","Having lunch with Dermot, who was a guest speaker at my lecture. After lunch, he gave a lecture to my class","Having lunch with Dermot, who was a guest speaker at my lecture. After lunch, he gave a lecture to my class about Lessons in Innovation & Entrepreneurship","Having lunch with Dermot, who was a guest speaker at my lecture. After lunch, he gave a lecture to my class about Lessons in Innovation & Entrepreneurship while I was sitting in the front row. ","Having lunch with Dermot, who was a guest speaker at my lecture. After lunch, he gave a lecture to my class about Lessons in Innovation & Entrepreneurship while I was sitting in the front row. It was in November 2019."
20191114_123057_000,LSC23-KIS05,Having lunch with Dermot,"Having lunch with Dermot, who was a guest speaker at my lecture.","Having lunch with Dermot, who was a guest speaker at my lecture. After lunch, he gave a lecture to my class","Having lunch with Dermot, who was a guest speaker at my lecture. After lunch, he gave a lecture to my class about Lessons in Innovation & Entrepreneurship","Having lunch with Dermot, who was a guest speaker at my lecture. After lunch, he gave a lecture to my class about Lessons in Innovation & Entrepreneurship while I was sitting in the front row. ","Having lunch with Dermot, who was a guest speaker at my lecture. After lunch, he gave a lecture to my class about Lessons in Innovation & Entrepreneurship while I was sitting in the front row. It was in November 2019."
20191114_123114_000,LSC23-KIS05,Having lunch with Dermot,"Having lunch with Dermot, who was a guest speaker at my lecture.","Having lunch with Dermot, who was a guest speaker at my lecture. After lunch, he gave a lecture to my class","Having lunch with Dermot, who was a guest speaker at my lecture. After lunch, he gave a lecture to my class about Lessons in Innovation & Entrepreneurship","Having lunch with Dermot, who was a guest speaker at my lecture. After lunch, he gave a lecture to my class about Lessons in Innovation & Entrepreneurship while I was sitting in the front row. ","Having lunch with Dermot, who was a guest speaker at my lecture. After lunch, he gave a lecture to my class about Lessons in Innovation & Entrepreneurship while I was sitting in the front row. It was in November 2019."
20191114_123131_000,LSC23-KIS05,Having lunch with Dermot,"Having lunch with Dermot, who was a guest speaker at my lecture.","Having lunch with Dermot, who was a guest speaker at my lecture. After lunch, he gave a lecture to my class","Having lunch with Dermot, who was a guest speaker at my lecture. After lunch, he gave a lecture to my class about Lessons in Innovation & Entrepreneurship","Having lunch with Dermot, who was a guest speaker at my lecture. After lunch, he gave a lecture to my class about Lessons in Innovation & Entrepreneurship while I was sitting in the front row. ","Having lunch with Dermot, who was a guest speaker at my lecture. After lunch, he gave a lecture to my class about Lessons in Innovation & Entrepreneurship while I was sitting in the front row. It was in November 2019."
20191114_123148_000,LSC23-KIS05,Having lunch with Dermot,"Having lunch with Dermot, who was a guest speaker at my lecture.","Having lunch with Dermot, who was a guest speaker at my lecture. After lunch, he gave a lecture to my class","Having lunch with Dermot, who was a guest speaker at my lecture. After lunch, he gave a lecture to my class about Lessons in Innovation & Entrepreneurship","Having lunch with Dermot, who was a guest speaker at my lecture. After lunch, he gave a lecture to my class about Lessons in Innovation & Entrepreneurship while I was sitting in the front row. ","Having lunch with Dermot, who was a guest speaker at my lecture. After lunch, he gave a lecture to my class about Lessons in Innovation & Entrepreneurship while I was sitting in the front row. It was in November 2019."
20191114_123205_000,LSC23-KIS05,Having lunch with Dermot,"Having lunch with Dermot, who was a guest speaker at my lecture.","Having lunch with Dermot, who was a guest speaker at my lecture. After lunch, he gave a lecture to my class","Having lunch with Dermot, who was a guest speaker at my lecture. After lunch, he gave a lecture to my class about Lessons in Innovation & Entrepreneurship","Having lunch with Dermot, who was a guest speaker at my lecture. After lunch, he gave a lecture to my class about Lessons in Innovation & Entrepreneurship while I was sitting in the front row. ","Having lunch with Dermot, who was a guest speaker at my lecture. After lunch, he gave a lecture to my class about Lessons in Innovation & Entrepreneurship while I was sitting in the front row. It was in November 2019."
20191114_123222_000,LSC23-KIS05,Having lunch with Dermot,"Having lunch with Dermot, who was a guest speaker at my lecture.","Having lunch with Dermot, who was a guest speaker at my lecture. After lunch, he gave a lecture to my class","Having lunch with Dermot, who was a guest speaker at my lecture. After lunch, he gave a lecture to my class about Lessons in Innovation & Entrepreneurship","Having lunch with Dermot, who was a guest speaker at my lecture. After lunch, he gave a lecture to my class about Lessons in Innovation & Entrepreneurship while I was sitting in the front row. ","Having lunch with Dermot, who was a guest speaker at my lecture. After lunch, he gave a lecture to my class about Lessons in Innovation & Entrepreneurship while I was sitting in the front row. It was in November 2019."
20191114_123239_000,LSC23-KIS05,Having lunch with Dermot,"Having lunch with Dermot, who was a guest speaker at my lecture.","Having lunch with Dermot, who was a guest speaker at my lecture. After lunch, he gave a lecture to my class","Having lunch with Dermot, who was a guest speaker at my lecture. After lunch, he gave a lecture to my class about Lessons in Innovation & Entrepreneurship","Having lunch with Dermot, who was a guest speaker at my lecture. After lunch, he gave a lecture to my class about Lessons in Innovation & Entrepreneurship while I was sitting in the front row. ","Having lunch with Dermot, who was a guest speaker at my lecture. After lunch, he gave a lecture to my class about Lessons in Innovation & Entrepreneurship while I was sitting in the front row. It was in November 2019."
20191114_123256_000,LSC23-KIS05,Having lunch with Dermot,"Having lunch with Dermot, who was a guest speaker at my lecture.","Having lunch with Dermot, who was a guest speaker at my lecture. After lunch, he gave a lecture to my class","Having lunch with Dermot, who was a guest speaker at my lecture. After lunch, he gave a lecture to my class about Lessons in Innovation & Entrepreneurship","Having lunch with Dermot, who was a guest speaker at my lecture. After lunch, he gave a lecture to my class about Lessons in Innovation & Entrepreneurship while I was sitting in the front row. ","Having lunch with Dermot, who was a guest speaker at my lecture. After lunch, he gave a lecture to my class about Lessons in Innovation & Entrepreneurship while I was sitting in the front row. It was in November 2019."
20191114_123313_000,LSC23-KIS05,Having lunch with Dermot,"Having lunch with Dermot, who was a guest speaker at my lecture.","Having lunch with Dermot, who was a guest speaker at my lecture. After lunch, he gave a lecture to my class","Having lunch with Dermot, who was a guest speaker at my lecture. After lunch, he gave a lecture to my class about Lessons in Innovation & Entrepreneurship","Having lunch with Dermot, who was a guest speaker at my lecture. After lunch, he gave a lecture to my class about Lessons in Innovation & Entrepreneurship while I was sitting in the front row. ","Having lunch with Dermot, who was a guest speaker at my lecture. After lunch, he gave a lecture to my class about Lessons in Innovation & Entrepreneurship while I was sitting in the front row. It was in November 2019."
20191114_123330_000,LSC23-KIS05,Having lunch with Dermot,"Having lunch with Dermot, who was a guest speaker at my lecture.","Having lunch with Dermot, who was a guest speaker at my lecture. After lunch, he gave a lecture to my class","Having lunch with Dermot, who was a guest speaker at my lecture. After lunch, he gave a lecture to my class about Lessons in Innovation & Entrepreneurship","Having lunch with Dermot, who was a guest speaker at my lecture. After lunch, he gave a lecture to my class about Lessons in Innovation & Entrepreneurship while I was sitting in the front row. ","Having lunch with Dermot, who was a guest speaker at my lecture. After lunch, he gave a lecture to my class about Lessons in Innovation & Entrepreneurship while I was sitting in the front row. It was in November 2019."
20191114_123347_000,LSC23-KIS05,Having lunch with Dermot,"Having lunch with Dermot, who was a guest speaker at my lecture.","Having lunch with Dermot, who was a guest speaker at my lecture. After lunch, he gave a lecture to my class","Having lunch with Dermot, who was a guest speaker at my lecture. After lunch, he gave a lecture to my class about Lessons in Innovation & Entrepreneurship","Having lunch with Dermot, who was a guest speaker at my lecture. After lunch, he gave a lecture to my class about Lessons in Innovation & Entrepreneurship while I was sitting in the front row. ","Having lunch with Dermot, who was a guest speaker at my lecture. After lunch, he gave a lecture to my class about Lessons in Innovation & Entrepreneurship while I was sitting in the front row. It was in November 2019."
20191114_123404_000,LSC23-KIS05,Having lunch with Dermot,"Having lunch with Dermot, who was a guest speaker at my lecture.","Having lunch with Dermot, who was a guest speaker at my lecture. After lunch, he gave a lecture to my class","Having lunch with Dermot, who was a guest speaker at my lecture. After lunch, he gave a lecture to my class about Lessons in Innovation & Entrepreneurship","Having lunch with Dermot, who was a guest speaker at my lecture. After lunch, he gave a lecture to my class about Lessons in Innovation & Entrepreneurship while I was sitting in the front row. ","Having lunch with Dermot, who was a guest speaker at my lecture. After lunch, he gave a lecture to my class about Lessons in Innovation & Entrepreneurship while I was sitting in the front row. It was in November 2019."
20191114_123421_000,LSC23-KIS05,Having lunch with Dermot,"Having lunch with Dermot, who was a guest speaker at my lecture.","Having lunch with Dermot, who was a guest speaker at my lecture. After lunch, he gave a lecture to my class","Having lunch with Dermot, who was a guest speaker at my lecture. After lunch, he gave a lecture to my class about Lessons in Innovation & Entrepreneurship","Having lunch with Dermot, who was a guest speaker at my lecture. After lunch, he gave a lecture to my class about Lessons in Innovation & Entrepreneurship while I was sitting in the front row. ","Having lunch with Dermot, who was a guest speaker at my lecture. After lunch, he gave a lecture to my class about Lessons in Innovation & Entrepreneurship while I was sitting in the front row. It was in November 2019."
20191114_123438_000,LSC23-KIS05,Having lunch with Dermot,"Having lunch with Dermot, who was a guest speaker at my lecture.","Having lunch with Dermot, who was a guest speaker at my lecture. After lunch, he gave a lecture to my class","Having lunch with Dermot, who was a guest speaker at my lecture. After lunch, he gave a lecture to my class about Lessons in Innovation & Entrepreneurship","Having lunch with Dermot, who was a guest speaker at my lecture. After lunch, he gave a lecture to my class about Lessons in Innovation & Entrepreneurship while I was sitting in the front row. ","Having lunch with Dermot, who was a guest speaker at my lecture. After lunch, he gave a lecture to my class about Lessons in Innovation & Entrepreneurship while I was sitting in the front row. It was in November 2019."
20191114_123455_000,LSC23-KIS05,Having lunch with Dermot,"Having lunch with Dermot, who was a guest speaker at my lecture.","Having lunch with Dermot, who was a guest speaker at my lecture. After lunch, he gave a lecture to my class","Having lunch with Dermot, who was a guest speaker at my lecture. After lunch, he gave a lecture to my class about Lessons in Innovation & Entrepreneurship","Having lunch with Dermot, who was a guest speaker at my lecture. After lunch, he gave a lecture to my class about Lessons in Innovation & Entrepreneurship while I was sitting in the front row. ","Having lunch with Dermot, who was a guest speaker at my lecture. After lunch, he gave a lecture to my class about Lessons in Innovation & Entrepreneurship while I was sitting in the front row. It was in November 2019."
20191114_123512_000,LSC23-KIS05,Having lunch with Dermot,"Having lunch with Dermot, who was a guest speaker at my lecture.","Having lunch with Dermot, who was a guest speaker at my lecture. After lunch, he gave a lecture to my class","Having lunch with Dermot, who was a guest speaker at my lecture. After lunch, he gave a lecture to my class about Lessons in Innovation & Entrepreneurship","Having lunch with Dermot, who was a guest speaker at my lecture. After lunch, he gave a lecture to my class about Lessons in Innovation & Entrepreneurship while I was sitting in the front row. ","Having lunch with Dermot, who was a guest speaker at my lecture. After lunch, he gave a lecture to my class about Lessons in Innovation & Entrepreneurship while I was sitting in the front row. It was in November 2019."
20191114_123529_000,LSC23-KIS05,Having lunch with Dermot,"Having lunch with Dermot, who was a guest speaker at my lecture.","Having lunch with Dermot, who was a guest speaker at my lecture. After lunch, he gave a lecture to my class","Having lunch with Dermot, who was a guest speaker at my lecture. After lunch, he gave a lecture to my class about Lessons in Innovation & Entrepreneurship","Having lunch with Dermot, who was a guest speaker at my lecture. After lunch, he gave a lecture to my class about Lessons in Innovation & Entrepreneurship while I was sitting in the front row. ","Having lunch with Dermot, who was a guest speaker at my lecture. After lunch, he gave a lecture to my class about Lessons in Innovation & Entrepreneurship while I was sitting in the front row. It was in November 2019."
20191114_123546_000,LSC23-KIS05,Having lunch with Dermot,"Having lunch with Dermot, who was a guest speaker at my lecture.","Having lunch with Dermot, who was a guest speaker at my lecture. After lunch, he gave a lecture to my class","Having lunch with Dermot, who was a guest speaker at my lecture. After lunch, he gave a lecture to my class about Lessons in Innovation & Entrepreneurship","Having lunch with Dermot, who was a guest speaker at my lecture. After lunch, he gave a lecture to my class about Lessons in Innovation & Entrepreneurship while I was sitting in the front row. ","Having lunch with Dermot, who was a guest speaker at my lecture. After lunch, he gave a lecture to my class about Lessons in Innovation & Entrepreneurship while I was sitting in the front row. It was in November 2019."
20191114_123603_000,LSC23-KIS05,Having lunch with Dermot,"Having lunch with Dermot, who was a guest speaker at my lecture.","Having lunch with Dermot, who was a guest speaker at my lecture. After lunch, he gave a lecture to my class","Having lunch with Dermot, who was a guest speaker at my lecture. After lunch, he gave a lecture to my class about Lessons in Innovation & Entrepreneurship","Having lunch with Dermot, who was a guest speaker at my lecture. After lunch, he gave a lecture to my class about Lessons in Innovation & Entrepreneurship while I was sitting in the front row. ","Having lunch with Dermot, who was a guest speaker at my lecture. After lunch, he gave a lecture to my class about Lessons in Innovation & Entrepreneurship while I was sitting in the front row. It was in November 2019."
20191114_123620_000,LSC23-KIS05,Having lunch with Dermot,"Having lunch with Dermot, who was a guest speaker at my lecture.","Having lunch with Dermot, who was a guest speaker at my lecture. After lunch, he gave a lecture to my class","Having lunch with Dermot, who was a guest speaker at my lecture. After lunch, he gave a lecture to my class about Lessons in Innovation & Entrepreneurship","Having lunch with Dermot, who was a guest speaker at my lecture. After lunch, he gave a lecture to my class about Lessons in Innovation & Entrepreneurship while I was sitting in the front row. ","Having lunch with Dermot, who was a guest speaker at my lecture. After lunch, he gave a lecture to my class about Lessons in Innovation & Entrepreneurship while I was sitting in the front row. It was in November 2019."
20191114_123637_000,LSC23-KIS05,Having lunch with Dermot,"Having lunch with Dermot, who was a guest speaker at my lecture.","Having lunch with Dermot, who was a guest speaker at my lecture. After lunch, he gave a lecture to my class","Having lunch with Dermot, who was a guest speaker at my lecture. After lunch, he gave a lecture to my class about Lessons in Innovation & Entrepreneurship","Having lunch with Dermot, who was a guest speaker at my lecture. After lunch, he gave a lecture to my class about Lessons in Innovation & Entrepreneurship while I was sitting in the front row. ","Having lunch with Dermot, who was a guest speaker at my lecture. After lunch, he gave a lecture to my class about Lessons in Innovation & Entrepreneurship while I was sitting in the front row. It was in November 2019."
20191114_123654_000,LSC23-KIS05,Having lunch with Dermot,"Having lunch with Dermot, who was a guest speaker at my lecture.","Having lunch with Dermot, who was a guest speaker at my lecture. After lunch, he gave a lecture to my class","Having lunch with Dermot, who was a guest speaker at my lecture. After lunch, he gave a lecture to my class about Lessons in Innovation & Entrepreneurship","Having lunch with Dermot, who was a guest speaker at my lecture. After lunch, he gave a lecture to my class about Lessons in Innovation & Entrepreneurship while I was sitting in the front row. ","Having lunch with Dermot, who was a guest speaker at my lecture. After lunch, he gave a lecture to my class about Lessons in Innovation & Entrepreneurship while I was sitting in the front row. It was in November 2019."
20191114_123711_000,LSC23-KIS05,Having lunch with Dermot,"Having lunch with Dermot, who was a guest speaker at my lecture.","Having lunch with Dermot, who was a guest speaker at my lecture. After lunch, he gave a lecture to my class","Having lunch with Dermot, who was a guest speaker at my lecture. After lunch, he gave a lecture to my class about Lessons in Innovation & Entrepreneurship","Having lunch with Dermot, who was a guest speaker at my lecture. After lunch, he gave a lecture to my class about Lessons in Innovation & Entrepreneurship while I was sitting in the front row. ","Having lunch with Dermot, who was a guest speaker at my lecture. After lunch, he gave a lecture to my class about Lessons in Innovation & Entrepreneurship while I was sitting in the front row. It was in November 2019."
20191114_123728_000,LSC23-KIS05,Having lunch with Dermot,"Having lunch with Dermot, who was a guest speaker at my lecture.","Having lunch with Dermot, who was a guest speaker at my lecture. After lunch, he gave a lecture to my class","Having lunch with Dermot, who was a guest speaker at my lecture. After lunch, he gave a lecture to my class about Lessons in Innovation & Entrepreneurship","Having lunch with Dermot, who was a guest speaker at my lecture. After lunch, he gave a lecture to my class about Lessons in Innovation & Entrepreneurship while I was sitting in the front row. ","Having lunch with Dermot, who was a guest speaker at my lecture. After lunch, he gave a lecture to my class about Lessons in Innovation & Entrepreneurship while I was sitting in the front row. It was in November 2019."
20191114_123745_000,LSC23-KIS05,Having lunch with Dermot,"Having lunch with Dermot, who was a guest speaker at my lecture.","Having lunch with Dermot, who was a guest speaker at my lecture. After lunch, he gave a lecture to my class","Having lunch with Dermot, who was a guest speaker at my lecture. After lunch, he gave a lecture to my class about Lessons in Innovation & Entrepreneurship","Having lunch with Dermot, who was a guest speaker at my lecture. After lunch, he gave a lecture to my class about Lessons in Innovation & Entrepreneurship while I was sitting in the front row. ","Having lunch with Dermot, who was a guest speaker at my lecture. After lunch, he gave a lecture to my class about Lessons in Innovation & Entrepreneurship while I was sitting in the front row. It was in November 2019."
20191114_123802_000,LSC23-KIS05,Having lunch with Dermot,"Having lunch with Dermot, who was a guest speaker at my lecture.","Having lunch with Dermot, who was a guest speaker at my lecture. After lunch, he gave a lecture to my class","Having lunch with Dermot, who was a guest speaker at my lecture. After lunch, he gave a lecture to my class about Lessons in Innovation & Entrepreneurship","Having lunch with Dermot, who was a guest speaker at my lecture. After lunch, he gave a lecture to my class about Lessons in Innovation & Entrepreneurship while I was sitting in the front row. ","Having lunch with Dermot, who was a guest speaker at my lecture. After lunch, he gave a lecture to my class about Lessons in Innovation & Entrepreneurship while I was sitting in the front row. It was in November 2019."
20191114_123819_000,LSC23-KIS05,Having lunch with Dermot,"Having lunch with Dermot, who was a guest speaker at my lecture.","Having lunch with Dermot, who was a guest speaker at my lecture. After lunch, he gave a lecture to my class","Having lunch with Dermot, who was a guest speaker at my lecture. After lunch, he gave a lecture to my class about Lessons in Innovation & Entrepreneurship","Having lunch with Dermot, who was a guest speaker at my lecture. After lunch, he gave a lecture to my class about Lessons in Innovation & Entrepreneurship while I was sitting in the front row. ","Having lunch with Dermot, who was a guest speaker at my lecture. After lunch, he gave a lecture to my class about Lessons in Innovation & Entrepreneurship while I was sitting in the front row. It was in November 2019."
20191114_123836_000,LSC23-KIS05,Having lunch with Dermot,"Having lunch with Dermot, who was a guest speaker at my lecture.","Having lunch with Dermot, who was a guest speaker at my lecture. After lunch, he gave a lecture to my class","Having lunch with Dermot, who was a guest speaker at my lecture. After lunch, he gave a lecture to my class about Lessons in Innovation & Entrepreneurship","Having lunch with Dermot, who was a guest speaker at my lecture. After lunch, he gave a lecture to my class about Lessons in Innovation & Entrepreneurship while I was sitting in the front row. ","Having lunch with Dermot, who was a guest speaker at my lecture. After lunch, he gave a lecture to my class about Lessons in Innovation & Entrepreneurship while I was sitting in the front row. It was in November 2019."
20191114_123853_000,LSC23-KIS05,Having lunch with Dermot,"Having lunch with Dermot, who was a guest speaker at my lecture.","Having lunch with Dermot, who was a guest speaker at my lecture. After lunch, he gave a lecture to my class","Having lunch with Dermot, who was a guest speaker at my lecture. After lunch, he gave a lecture to my class about Lessons in Innovation & Entrepreneurship","Having lunch with Dermot, who was a guest speaker at my lecture. After lunch, he gave a lecture to my class about Lessons in Innovation & Entrepreneurship while I was sitting in the front row. ","Having lunch with Dermot, who was a guest speaker at my lecture. After lunch, he gave a lecture to my class about Lessons in Innovation & Entrepreneurship while I was sitting in the front row. It was in November 2019."
20191114_123910_000,LSC23-KIS05,Having lunch with Dermot,"Having lunch with Dermot, who was a guest speaker at my lecture.","Having lunch with Dermot, who was a guest speaker at my lecture. After lunch, he gave a lecture to my class","Having lunch with Dermot, who was a guest speaker at my lecture. After lunch, he gave a lecture to my class about Lessons in Innovation & Entrepreneurship","Having lunch with Dermot, who was a guest speaker at my lecture. After lunch, he gave a lecture to my class about Lessons in Innovation & Entrepreneurship while I was sitting in the front row. ","Having lunch with Dermot, who was a guest speaker at my lecture. After lunch, he gave a lecture to my class about Lessons in Innovation & Entrepreneurship while I was sitting in the front row. It was in November 2019."
20191114_123927_000,LSC23-KIS05,Having lunch with Dermot,"Having lunch with Dermot, who was a guest speaker at my lecture.","Having lunch with Dermot, who was a guest speaker at my lecture. After lunch, he gave a lecture to my class","Having lunch with Dermot, who was a guest speaker at my lecture. After lunch, he gave a lecture to my class about Lessons in Innovation & Entrepreneurship","Having lunch with Dermot, who was a guest speaker at my lecture. After lunch, he gave a lecture to my class about Lessons in Innovation & Entrepreneurship while I was sitting in the front row. ","Having lunch with Dermot, who was a guest speaker at my lecture. After lunch, he gave a lecture to my class about Lessons in Innovation & Entrepreneurship while I was sitting in the front row. It was in November 2019."
20191114_123944_000,LSC23-KIS05,Having lunch with Dermot,"Having lunch with Dermot, who was a guest speaker at my lecture.","Having lunch with Dermot, who was a guest speaker at my lecture. After lunch, he gave a lecture to my class","Having lunch with Dermot, who was a guest speaker at my lecture. After lunch, he gave a lecture to my class about Lessons in Innovation & Entrepreneurship","Having lunch with Dermot, who was a guest speaker at my lecture. After lunch, he gave a lecture to my class about Lessons in Innovation & Entrepreneurship while I was sitting in the front row. ","Having lunch with Dermot, who was a guest speaker at my lecture. After lunch, he gave a lecture to my class about Lessons in Innovation & Entrepreneurship while I was sitting in the front row. It was in November 2019."
20191114_124001_000,LSC23-KIS05,Having lunch with Dermot,"Having lunch with Dermot, who was a guest speaker at my lecture.","Having lunch with Dermot, who was a guest speaker at my lecture. After lunch, he gave a lecture to my class","Having lunch with Dermot, who was a guest speaker at my lecture. After lunch, he gave a lecture to my class about Lessons in Innovation & Entrepreneurship","Having lunch with Dermot, who was a guest speaker at my lecture. After lunch, he gave a lecture to my class about Lessons in Innovation & Entrepreneurship while I was sitting in the front row. ","Having lunch with Dermot, who was a guest speaker at my lecture. After lunch, he gave a lecture to my class about Lessons in Innovation & Entrepreneurship while I was sitting in the front row. It was in November 2019."
20191114_124018_000,LSC23-KIS05,Having lunch with Dermot,"Having lunch with Dermot, who was a guest speaker at my lecture.","Having lunch with Dermot, who was a guest speaker at my lecture. After lunch, he gave a lecture to my class","Having lunch with Dermot, who was a guest speaker at my lecture. After lunch, he gave a lecture to my class about Lessons in Innovation & Entrepreneurship","Having lunch with Dermot, who was a guest speaker at my lecture. After lunch, he gave a lecture to my class about Lessons in Innovation & Entrepreneurship while I was sitting in the front row. ","Having lunch with Dermot, who was a guest speaker at my lecture. After lunch, he gave a lecture to my class about Lessons in Innovation & Entrepreneurship while I was sitting in the front row. It was in November 2019."
20191114_124035_000,LSC23-KIS05,Having lunch with Dermot,"Having lunch with Dermot, who was a guest speaker at my lecture.","Having lunch with Dermot, who was a guest speaker at my lecture. After lunch, he gave a lecture to my class","Having lunch with Dermot, who was a guest speaker at my lecture. After lunch, he gave a lecture to my class about Lessons in Innovation & Entrepreneurship","Having lunch with Dermot, who was a guest speaker at my lecture. After lunch, he gave a lecture to my class about Lessons in Innovation & Entrepreneurship while I was sitting in the front row. ","Having lunch with Dermot, who was a guest speaker at my lecture. After lunch, he gave a lecture to my class about Lessons in Innovation & Entrepreneurship while I was sitting in the front row. It was in November 2019."
20191114_124052_000,LSC23-KIS05,Having lunch with Dermot,"Having lunch with Dermot, who was a guest speaker at my lecture.","Having lunch with Dermot, who was a guest speaker at my lecture. After lunch, he gave a lecture to my class","Having lunch with Dermot, who was a guest speaker at my lecture. After lunch, he gave a lecture to my class about Lessons in Innovation & Entrepreneurship","Having lunch with Dermot, who was a guest speaker at my lecture. After lunch, he gave a lecture to my class about Lessons in Innovation & Entrepreneurship while I was sitting in the front row. ","Having lunch with Dermot, who was a guest speaker at my lecture. After lunch, he gave a lecture to my class about Lessons in Innovation & Entrepreneurship while I was sitting in the front row. It was in November 2019."
20191114_124109_000,LSC23-KIS05,Having lunch with Dermot,"Having lunch with Dermot, who was a guest speaker at my lecture.","Having lunch with Dermot, who was a guest speaker at my lecture. After lunch, he gave a lecture to my class","Having lunch with Dermot, who was a guest speaker at my lecture. After lunch, he gave a lecture to my class about Lessons in Innovation & Entrepreneurship","Having lunch with Dermot, who was a guest speaker at my lecture. After lunch, he gave a lecture to my class about Lessons in Innovation & Entrepreneurship while I was sitting in the front row. ","Having lunch with Dermot, who was a guest speaker at my lecture. After lunch, he gave a lecture to my class about Lessons in Innovation & Entrepreneurship while I was sitting in the front row. It was in November 2019."
20191114_124126_000,LSC23-KIS05,Having lunch with Dermot,"Having lunch with Dermot, who was a guest speaker at my lecture.","Having lunch with Dermot, who was a guest speaker at my lecture. After lunch, he gave a lecture to my class","Having lunch with Dermot, who was a guest speaker at my lecture. After lunch, he gave a lecture to my class about Lessons in Innovation & Entrepreneurship","Having lunch with Dermot, who was a guest speaker at my lecture. After lunch, he gave a lecture to my class about Lessons in Innovation & Entrepreneurship while I was sitting in the front row. ","Having lunch with Dermot, who was a guest speaker at my lecture. After lunch, he gave a lecture to my class about Lessons in Innovation & Entrepreneurship while I was sitting in the front row. It was in November 2019."
20191114_124143_000,LSC23-KIS05,Having lunch with Dermot,"Having lunch with Dermot, who was a guest speaker at my lecture.","Having lunch with Dermot, who was a guest speaker at my lecture. After lunch, he gave a lecture to my class","Having lunch with Dermot, who was a guest speaker at my lecture. After lunch, he gave a lecture to my class about Lessons in Innovation & Entrepreneurship","Having lunch with Dermot, who was a guest speaker at my lecture. After lunch, he gave a lecture to my class about Lessons in Innovation & Entrepreneurship while I was sitting in the front row. ","Having lunch with Dermot, who was a guest speaker at my lecture. After lunch, he gave a lecture to my class about Lessons in Innovation & Entrepreneurship while I was sitting in the front row. It was in November 2019."
20191114_124200_000,LSC23-KIS05,Having lunch with Dermot,"Having lunch with Dermot, who was a guest speaker at my lecture.","Having lunch with Dermot, who was a guest speaker at my lecture. After lunch, he gave a lecture to my class","Having lunch with Dermot, who was a guest speaker at my lecture. After lunch, he gave a lecture to my class about Lessons in Innovation & Entrepreneurship","Having lunch with Dermot, who was a guest speaker at my lecture. After lunch, he gave a lecture to my class about Lessons in Innovation & Entrepreneurship while I was sitting in the front row. ","Having lunch with Dermot, who was a guest speaker at my lecture. After lunch, he gave a lecture to my class about Lessons in Innovation & Entrepreneurship while I was sitting in the front row. It was in November 2019."
20191114_124217_000,LSC23-KIS05,Having lunch with Dermot,"Having lunch with Dermot, who was a guest speaker at my lecture.","Having lunch with Dermot, who was a guest speaker at my lecture. After lunch, he gave a lecture to my class","Having lunch with Dermot, who was a guest speaker at my lecture. After lunch, he gave a lecture to my class about Lessons in Innovation & Entrepreneurship","Having lunch with Dermot, who was a guest speaker at my lecture. After lunch, he gave a lecture to my class about Lessons in Innovation & Entrepreneurship while I was sitting in the front row. ","Having lunch with Dermot, who was a guest speaker at my lecture. After lunch, he gave a lecture to my class about Lessons in Innovation & Entrepreneurship while I was sitting in the front row. It was in November 2019."
20191114_124234_000,LSC23-KIS05,Having lunch with Dermot,"Having lunch with Dermot, who was a guest speaker at my lecture.","Having lunch with Dermot, who was a guest speaker at my lecture. After lunch, he gave a lecture to my class","Having lunch with Dermot, who was a guest speaker at my lecture. After lunch, he gave a lecture to my class about Lessons in Innovation & Entrepreneurship","Having lunch with Dermot, who was a guest speaker at my lecture. After lunch, he gave a lecture to my class about Lessons in Innovation & Entrepreneurship while I was sitting in the front row. ","Having lunch with Dermot, who was a guest speaker at my lecture. After lunch, he gave a lecture to my class about Lessons in Innovation & Entrepreneurship while I was sitting in the front row. It was in November 2019."
20191114_124251_000,LSC23-KIS05,Having lunch with Dermot,"Having lunch with Dermot, who was a guest speaker at my lecture.","Having lunch with Dermot, who was a guest speaker at my lecture. After lunch, he gave a lecture to my class","Having lunch with Dermot, who was a guest speaker at my lecture. After lunch, he gave a lecture to my class about Lessons in Innovation & Entrepreneurship","Having lunch with Dermot, who was a guest speaker at my lecture. After lunch, he gave a lecture to my class about Lessons in Innovation & Entrepreneurship while I was sitting in the front row. ","Having lunch with Dermot, who was a guest speaker at my lecture. After lunch, he gave a lecture to my class about Lessons in Innovation & Entrepreneurship while I was sitting in the front row. It was in November 2019."
20191114_124308_000,LSC23-KIS05,Having lunch with Dermot,"Having lunch with Dermot, who was a guest speaker at my lecture.","Having lunch with Dermot, who was a guest speaker at my lecture. After lunch, he gave a lecture to my class","Having lunch with Dermot, who was a guest speaker at my lecture. After lunch, he gave a lecture to my class about Lessons in Innovation & Entrepreneurship","Having lunch with Dermot, who was a guest speaker at my lecture. After lunch, he gave a lecture to my class about Lessons in Innovation & Entrepreneurship while I was sitting in the front row. ","Having lunch with Dermot, who was a guest speaker at my lecture. After lunch, he gave a lecture to my class about Lessons in Innovation & Entrepreneurship while I was sitting in the front row. It was in November 2019."
20191114_124325_000,LSC23-KIS05,Having lunch with Dermot,"Having lunch with Dermot, who was a guest speaker at my lecture.","Having lunch with Dermot, who was a guest speaker at my lecture. After lunch, he gave a lecture to my class","Having lunch with Dermot, who was a guest speaker at my lecture. After lunch, he gave a lecture to my class about Lessons in Innovation & Entrepreneurship","Having lunch with Dermot, who was a guest speaker at my lecture. After lunch, he gave a lecture to my class about Lessons in Innovation & Entrepreneurship while I was sitting in the front row. ","Having lunch with Dermot, who was a guest speaker at my lecture. After lunch, he gave a lecture to my class about Lessons in Innovation & Entrepreneurship while I was sitting in the front row. It was in November 2019."
20191114_124342_000,LSC23-KIS05,Having lunch with Dermot,"Having lunch with Dermot, who was a guest speaker at my lecture.","Having lunch with Dermot, who was a guest speaker at my lecture. After lunch, he gave a lecture to my class","Having lunch with Dermot, who was a guest speaker at my lecture. After lunch, he gave a lecture to my class about Lessons in Innovation & Entrepreneurship","Having lunch with Dermot, who was a guest speaker at my lecture. After lunch, he gave a lecture to my class about Lessons in Innovation & Entrepreneurship while I was sitting in the front row. ","Having lunch with Dermot, who was a guest speaker at my lecture. After lunch, he gave a lecture to my class about Lessons in Innovation & Entrepreneurship while I was sitting in the front row. It was in November 2019."
20191114_124359_000,LSC23-KIS05,Having lunch with Dermot,"Having lunch with Dermot, who was a guest speaker at my lecture.","Having lunch with Dermot, who was a guest speaker at my lecture. After lunch, he gave a lecture to my class","Having lunch with Dermot, who was a guest speaker at my lecture. After lunch, he gave a lecture to my class about Lessons in Innovation & Entrepreneurship","Having lunch with Dermot, who was a guest speaker at my lecture. After lunch, he gave a lecture to my class about Lessons in Innovation & Entrepreneurship while I was sitting in the front row. ","Having lunch with Dermot, who was a guest speaker at my lecture. After lunch, he gave a lecture to my class about Lessons in Innovation & Entrepreneurship while I was sitting in the front row. It was in November 2019."
20191114_124416_000,LSC23-KIS05,Having lunch with Dermot,"Having lunch with Dermot, who was a guest speaker at my lecture.","Having lunch with Dermot, who was a guest speaker at my lecture. After lunch, he gave a lecture to my class","Having lunch with Dermot, who was a guest speaker at my lecture. After lunch, he gave a lecture to my class about Lessons in Innovation & Entrepreneurship","Having lunch with Dermot, who was a guest speaker at my lecture. After lunch, he gave a lecture to my class about Lessons in Innovation & Entrepreneurship while I was sitting in the front row. ","Having lunch with Dermot, who was a guest speaker at my lecture. After lunch, he gave a lecture to my class about Lessons in Innovation & Entrepreneurship while I was sitting in the front row. It was in November 2019."
20191114_124433_000,LSC23-KIS05,Having lunch with Dermot,"Having lunch with Dermot, who was a guest speaker at my lecture.","Having lunch with Dermot, who was a guest speaker at my lecture. After lunch, he gave a lecture to my class","Having lunch with Dermot, who was a guest speaker at my lecture. After lunch, he gave a lecture to my class about Lessons in Innovation & Entrepreneurship","Having lunch with Dermot, who was a guest speaker at my lecture. After lunch, he gave a lecture to my class about Lessons in Innovation & Entrepreneurship while I was sitting in the front row. ","Having lunch with Dermot, who was a guest speaker at my lecture. After lunch, he gave a lecture to my class about Lessons in Innovation & Entrepreneurship while I was sitting in the front row. It was in November 2019."
20191114_124450_000,LSC23-KIS05,Having lunch with Dermot,"Having lunch with Dermot, who was a guest speaker at my lecture.","Having lunch with Dermot, who was a guest speaker at my lecture. After lunch, he gave a lecture to my class","Having lunch with Dermot, who was a guest speaker at my lecture. After lunch, he gave a lecture to my class about Lessons in Innovation & Entrepreneurship","Having lunch with Dermot, who was a guest speaker at my lecture. After lunch, he gave a lecture to my class about Lessons in Innovation & Entrepreneurship while I was sitting in the front row. ","Having lunch with Dermot, who was a guest speaker at my lecture. After lunch, he gave a lecture to my class about Lessons in Innovation & Entrepreneurship while I was sitting in the front row. It was in November 2019."
20191114_124507_000,LSC23-KIS05,Having lunch with Dermot,"Having lunch with Dermot, who was a guest speaker at my lecture.","Having lunch with Dermot, who was a guest speaker at my lecture. After lunch, he gave a lecture to my class","Having lunch with Dermot, who was a guest speaker at my lecture. After lunch, he gave a lecture to my class about Lessons in Innovation & Entrepreneurship","Having lunch with Dermot, who was a guest speaker at my lecture. After lunch, he gave a lecture to my class about Lessons in Innovation & Entrepreneurship while I was sitting in the front row. ","Having lunch with Dermot, who was a guest speaker at my lecture. After lunch, he gave a lecture to my class about Lessons in Innovation & Entrepreneurship while I was sitting in the front row. It was in November 2019."
20191114_124524_000,LSC23-KIS05,Having lunch with Dermot,"Having lunch with Dermot, who was a guest speaker at my lecture.","Having lunch with Dermot, who was a guest speaker at my lecture. After lunch, he gave a lecture to my class","Having lunch with Dermot, who was a guest speaker at my lecture. After lunch, he gave a lecture to my class about Lessons in Innovation & Entrepreneurship","Having lunch with Dermot, who was a guest speaker at my lecture. After lunch, he gave a lecture to my class about Lessons in Innovation & Entrepreneurship while I was sitting in the front row. ","Having lunch with Dermot, who was a guest speaker at my lecture. After lunch, he gave a lecture to my class about Lessons in Innovation & Entrepreneurship while I was sitting in the front row. It was in November 2019."
20191114_124541_000,LSC23-KIS05,Having lunch with Dermot,"Having lunch with Dermot, who was a guest speaker at my lecture.","Having lunch with Dermot, who was a guest speaker at my lecture. After lunch, he gave a lecture to my class","Having lunch with Dermot, who was a guest speaker at my lecture. After lunch, he gave a lecture to my class about Lessons in Innovation & Entrepreneurship","Having lunch with Dermot, who was a guest speaker at my lecture. After lunch, he gave a lecture to my class about Lessons in Innovation & Entrepreneurship while I was sitting in the front row. ","Having lunch with Dermot, who was a guest speaker at my lecture. After lunch, he gave a lecture to my class about Lessons in Innovation & Entrepreneurship while I was sitting in the front row. It was in November 2019."
20191114_124559_000,LSC23-KIS05,Having lunch with Dermot,"Having lunch with Dermot, who was a guest speaker at my lecture.","Having lunch with Dermot, who was a guest speaker at my lecture. After lunch, he gave a lecture to my class","Having lunch with Dermot, who was a guest speaker at my lecture. After lunch, he gave a lecture to my class about Lessons in Innovation & Entrepreneurship","Having lunch with Dermot, who was a guest speaker at my lecture. After lunch, he gave a lecture to my class about Lessons in Innovation & Entrepreneurship while I was sitting in the front row. ","Having lunch with Dermot, who was a guest speaker at my lecture. After lunch, he gave a lecture to my class about Lessons in Innovation & Entrepreneurship while I was sitting in the front row. It was in November 2019."
20191114_124616_000,LSC23-KIS05,Having lunch with Dermot,"Having lunch with Dermot, who was a guest speaker at my lecture.","Having lunch with Dermot, who was a guest speaker at my lecture. After lunch, he gave a lecture to my class","Having lunch with Dermot, who was a guest speaker at my lecture. After lunch, he gave a lecture to my class about Lessons in Innovation & Entrepreneurship","Having lunch with Dermot, who was a guest speaker at my lecture. After lunch, he gave a lecture to my class about Lessons in Innovation & Entrepreneurship while I was sitting in the front row. ","Having lunch with Dermot, who was a guest speaker at my lecture. After lunch, he gave a lecture to my class about Lessons in Innovation & Entrepreneurship while I was sitting in the front row. It was in November 2019."
20191114_124633_000,LSC23-KIS05,Having lunch with Dermot,"Having lunch with Dermot, who was a guest speaker at my lecture.","Having lunch with Dermot, who was a guest speaker at my lecture. After lunch, he gave a lecture to my class","Having lunch with Dermot, who was a guest speaker at my lecture. After lunch, he gave a lecture to my class about Lessons in Innovation & Entrepreneurship","Having lunch with Dermot, who was a guest speaker at my lecture. After lunch, he gave a lecture to my class about Lessons in Innovation & Entrepreneurship while I was sitting in the front row. ","Having lunch with Dermot, who was a guest speaker at my lecture. After lunch, he gave a lecture to my class about Lessons in Innovation & Entrepreneurship while I was sitting in the front row. It was in November 2019."
20191114_124650_000,LSC23-KIS05,Having lunch with Dermot,"Having lunch with Dermot, who was a guest speaker at my lecture.","Having lunch with Dermot, who was a guest speaker at my lecture. After lunch, he gave a lecture to my class","Having lunch with Dermot, who was a guest speaker at my lecture. After lunch, he gave a lecture to my class about Lessons in Innovation & Entrepreneurship","Having lunch with Dermot, who was a guest speaker at my lecture. After lunch, he gave a lecture to my class about Lessons in Innovation & Entrepreneurship while I was sitting in the front row. ","Having lunch with Dermot, who was a guest speaker at my lecture. After lunch, he gave a lecture to my class about Lessons in Innovation & Entrepreneurship while I was sitting in the front row. It was in November 2019."
20191114_124707_000,LSC23-KIS05,Having lunch with Dermot,"Having lunch with Dermot, who was a guest speaker at my lecture.","Having lunch with Dermot, who was a guest speaker at my lecture. After lunch, he gave a lecture to my class","Having lunch with Dermot, who was a guest speaker at my lecture. After lunch, he gave a lecture to my class about Lessons in Innovation & Entrepreneurship","Having lunch with Dermot, who was a guest speaker at my lecture. After lunch, he gave a lecture to my class about Lessons in Innovation & Entrepreneurship while I was sitting in the front row. ","Having lunch with Dermot, who was a guest speaker at my lecture. After lunch, he gave a lecture to my class about Lessons in Innovation & Entrepreneurship while I was sitting in the front row. It was in November 2019."
20191114_124737_000,LSC23-KIS05,Having lunch with Dermot,"Having lunch with Dermot, who was a guest speaker at my lecture.","Having lunch with Dermot, who was a guest speaker at my lecture. After lunch, he gave a lecture to my class","Having lunch with Dermot, who was a guest speaker at my lecture. After lunch, he gave a lecture to my class about Lessons in Innovation & Entrepreneurship","Having lunch with Dermot, who was a guest speaker at my lecture. After lunch, he gave a lecture to my class about Lessons in Innovation & Entrepreneurship while I was sitting in the front row. ","Having lunch with Dermot, who was a guest speaker at my lecture. After lunch, he gave a lecture to my class about Lessons in Innovation & Entrepreneurship while I was sitting in the front row. It was in November 2019."
20191114_124754_000,LSC23-KIS05,Having lunch with Dermot,"Having lunch with Dermot, who was a guest speaker at my lecture.","Having lunch with Dermot, who was a guest speaker at my lecture. After lunch, he gave a lecture to my class","Having lunch with Dermot, who was a guest speaker at my lecture. After lunch, he gave a lecture to my class about Lessons in Innovation & Entrepreneurship","Having lunch with Dermot, who was a guest speaker at my lecture. After lunch, he gave a lecture to my class about Lessons in Innovation & Entrepreneurship while I was sitting in the front row. ","Having lunch with Dermot, who was a guest speaker at my lecture. After lunch, he gave a lecture to my class about Lessons in Innovation & Entrepreneurship while I was sitting in the front row. It was in November 2019."
20191114_124811_000,LSC23-KIS05,Having lunch with Dermot,"Having lunch with Dermot, who was a guest speaker at my lecture.","Having lunch with Dermot, who was a guest speaker at my lecture. After lunch, he gave a lecture to my class","Having lunch with Dermot, who was a guest speaker at my lecture. After lunch, he gave a lecture to my class about Lessons in Innovation & Entrepreneurship","Having lunch with Dermot, who was a guest speaker at my lecture. After lunch, he gave a lecture to my class about Lessons in Innovation & Entrepreneurship while I was sitting in the front row. ","Having lunch with Dermot, who was a guest speaker at my lecture. After lunch, he gave a lecture to my class about Lessons in Innovation & Entrepreneurship while I was sitting in the front row. It was in November 2019."
20191114_124828_000,LSC23-KIS05,Having lunch with Dermot,"Having lunch with Dermot, who was a guest speaker at my lecture.","Having lunch with Dermot, who was a guest speaker at my lecture. After lunch, he gave a lecture to my class","Having lunch with Dermot, who was a guest speaker at my lecture. After lunch, he gave a lecture to my class about Lessons in Innovation & Entrepreneurship","Having lunch with Dermot, who was a guest speaker at my lecture. After lunch, he gave a lecture to my class about Lessons in Innovation & Entrepreneurship while I was sitting in the front row. ","Having lunch with Dermot, who was a guest speaker at my lecture. After lunch, he gave a lecture to my class about Lessons in Innovation & Entrepreneurship while I was sitting in the front row. It was in November 2019."
20191114_124845_000,LSC23-KIS05,Having lunch with Dermot,"Having lunch with Dermot, who was a guest speaker at my lecture.","Having lunch with Dermot, who was a guest speaker at my lecture. After lunch, he gave a lecture to my class","Having lunch with Dermot, who was a guest speaker at my lecture. After lunch, he gave a lecture to my class about Lessons in Innovation & Entrepreneurship","Having lunch with Dermot, who was a guest speaker at my lecture. After lunch, he gave a lecture to my class about Lessons in Innovation & Entrepreneurship while I was sitting in the front row. ","Having lunch with Dermot, who was a guest speaker at my lecture. After lunch, he gave a lecture to my class about Lessons in Innovation & Entrepreneurship while I was sitting in the front row. It was in November 2019."
20191114_124902_000,LSC23-KIS05,Having lunch with Dermot,"Having lunch with Dermot, who was a guest speaker at my lecture.","Having lunch with Dermot, who was a guest speaker at my lecture. After lunch, he gave a lecture to my class","Having lunch with Dermot, who was a guest speaker at my lecture. After lunch, he gave a lecture to my class about Lessons in Innovation & Entrepreneurship","Having lunch with Dermot, who was a guest speaker at my lecture. After lunch, he gave a lecture to my class about Lessons in Innovation & Entrepreneurship while I was sitting in the front row. ","Having lunch with Dermot, who was a guest speaker at my lecture. After lunch, he gave a lecture to my class about Lessons in Innovation & Entrepreneurship while I was sitting in the front row. It was in November 2019."
20191114_124919_000,LSC23-KIS05,Having lunch with Dermot,"Having lunch with Dermot, who was a guest speaker at my lecture.","Having lunch with Dermot, who was a guest speaker at my lecture. After lunch, he gave a lecture to my class","Having lunch with Dermot, who was a guest speaker at my lecture. After lunch, he gave a lecture to my class about Lessons in Innovation & Entrepreneurship","Having lunch with Dermot, who was a guest speaker at my lecture. After lunch, he gave a lecture to my class about Lessons in Innovation & Entrepreneurship while I was sitting in the front row. ","Having lunch with Dermot, who was a guest speaker at my lecture. After lunch, he gave a lecture to my class about Lessons in Innovation & Entrepreneurship while I was sitting in the front row. It was in November 2019."
20191114_124936_000,LSC23-KIS05,Having lunch with Dermot,"Having lunch with Dermot, who was a guest speaker at my lecture.","Having lunch with Dermot, who was a guest speaker at my lecture. After lunch, he gave a lecture to my class","Having lunch with Dermot, who was a guest speaker at my lecture. After lunch, he gave a lecture to my class about Lessons in Innovation & Entrepreneurship","Having lunch with Dermot, who was a guest speaker at my lecture. After lunch, he gave a lecture to my class about Lessons in Innovation & Entrepreneurship while I was sitting in the front row. ","Having lunch with Dermot, who was a guest speaker at my lecture. After lunch, he gave a lecture to my class about Lessons in Innovation & Entrepreneurship while I was sitting in the front row. It was in November 2019."
20191114_124953_000,LSC23-KIS05,Having lunch with Dermot,"Having lunch with Dermot, who was a guest speaker at my lecture.","Having lunch with Dermot, who was a guest speaker at my lecture. After lunch, he gave a lecture to my class","Having lunch with Dermot, who was a guest speaker at my lecture. After lunch, he gave a lecture to my class about Lessons in Innovation & Entrepreneurship","Having lunch with Dermot, who was a guest speaker at my lecture. After lunch, he gave a lecture to my class about Lessons in Innovation & Entrepreneurship while I was sitting in the front row. ","Having lunch with Dermot, who was a guest speaker at my lecture. After lunch, he gave a lecture to my class about Lessons in Innovation & Entrepreneurship while I was sitting in the front row. It was in November 2019."
20191114_125010_000,LSC23-KIS05,Having lunch with Dermot,"Having lunch with Dermot, who was a guest speaker at my lecture.","Having lunch with Dermot, who was a guest speaker at my lecture. After lunch, he gave a lecture to my class","Having lunch with Dermot, who was a guest speaker at my lecture. After lunch, he gave a lecture to my class about Lessons in Innovation & Entrepreneurship","Having lunch with Dermot, who was a guest speaker at my lecture. After lunch, he gave a lecture to my class about Lessons in Innovation & Entrepreneurship while I was sitting in the front row. ","Having lunch with Dermot, who was a guest speaker at my lecture. After lunch, he gave a lecture to my class about Lessons in Innovation & Entrepreneurship while I was sitting in the front row. It was in November 2019."
20191114_125027_000,LSC23-KIS05,Having lunch with Dermot,"Having lunch with Dermot, who was a guest speaker at my lecture.","Having lunch with Dermot, who was a guest speaker at my lecture. After lunch, he gave a lecture to my class","Having lunch with Dermot, who was a guest speaker at my lecture. After lunch, he gave a lecture to my class about Lessons in Innovation & Entrepreneurship","Having lunch with Dermot, who was a guest speaker at my lecture. After lunch, he gave a lecture to my class about Lessons in Innovation & Entrepreneurship while I was sitting in the front row. ","Having lunch with Dermot, who was a guest speaker at my lecture. After lunch, he gave a lecture to my class about Lessons in Innovation & Entrepreneurship while I was sitting in the front row. It was in November 2019."
20191114_125044_000,LSC23-KIS05,Having lunch with Dermot,"Having lunch with Dermot, who was a guest speaker at my lecture.","Having lunch with Dermot, who was a guest speaker at my lecture. After lunch, he gave a lecture to my class","Having lunch with Dermot, who was a guest speaker at my lecture. After lunch, he gave a lecture to my class about Lessons in Innovation & Entrepreneurship","Having lunch with Dermot, who was a guest speaker at my lecture. After lunch, he gave a lecture to my class about Lessons in Innovation & Entrepreneurship while I was sitting in the front row. ","Having lunch with Dermot, who was a guest speaker at my lecture. After lunch, he gave a lecture to my class about Lessons in Innovation & Entrepreneurship while I was sitting in the front row. It was in November 2019."
20191114_125101_000,LSC23-KIS05,Having lunch with Dermot,"Having lunch with Dermot, who was a guest speaker at my lecture.","Having lunch with Dermot, who was a guest speaker at my lecture. After lunch, he gave a lecture to my class","Having lunch with Dermot, who was a guest speaker at my lecture. After lunch, he gave a lecture to my class about Lessons in Innovation & Entrepreneurship","Having lunch with Dermot, who was a guest speaker at my lecture. After lunch, he gave a lecture to my class about Lessons in Innovation & Entrepreneurship while I was sitting in the front row. ","Having lunch with Dermot, who was a guest speaker at my lecture. After lunch, he gave a lecture to my class about Lessons in Innovation & Entrepreneurship while I was sitting in the front row. It was in November 2019."
20191114_125118_000,LSC23-KIS05,Having lunch with Dermot,"Having lunch with Dermot, who was a guest speaker at my lecture.","Having lunch with Dermot, who was a guest speaker at my lecture. After lunch, he gave a lecture to my class","Having lunch with Dermot, who was a guest speaker at my lecture. After lunch, he gave a lecture to my class about Lessons in Innovation & Entrepreneurship","Having lunch with Dermot, who was a guest speaker at my lecture. After lunch, he gave a lecture to my class about Lessons in Innovation & Entrepreneurship while I was sitting in the front row. ","Having lunch with Dermot, who was a guest speaker at my lecture. After lunch, he gave a lecture to my class about Lessons in Innovation & Entrepreneurship while I was sitting in the front row. It was in November 2019."
20191114_125135_000,LSC23-KIS05,Having lunch with Dermot,"Having lunch with Dermot, who was a guest speaker at my lecture.","Having lunch with Dermot, who was a guest speaker at my lecture. After lunch, he gave a lecture to my class","Having lunch with Dermot, who was a guest speaker at my lecture. After lunch, he gave a lecture to my class about Lessons in Innovation & Entrepreneurship","Having lunch with Dermot, who was a guest speaker at my lecture. After lunch, he gave a lecture to my class about Lessons in Innovation & Entrepreneurship while I was sitting in the front row. ","Having lunch with Dermot, who was a guest speaker at my lecture. After lunch, he gave a lecture to my class about Lessons in Innovation & Entrepreneurship while I was sitting in the front row. It was in November 2019."
20191114_125152_000,LSC23-KIS05,Having lunch with Dermot,"Having lunch with Dermot, who was a guest speaker at my lecture.","Having lunch with Dermot, who was a guest speaker at my lecture. After lunch, he gave a lecture to my class","Having lunch with Dermot, who was a guest speaker at my lecture. After lunch, he gave a lecture to my class about Lessons in Innovation & Entrepreneurship","Having lunch with Dermot, who was a guest speaker at my lecture. After lunch, he gave a lecture to my class about Lessons in Innovation & Entrepreneurship while I was sitting in the front row. ","Having lunch with Dermot, who was a guest speaker at my lecture. After lunch, he gave a lecture to my class about Lessons in Innovation & Entrepreneurship while I was sitting in the front row. It was in November 2019."
20191114_125209_000,LSC23-KIS05,Having lunch with Dermot,"Having lunch with Dermot, who was a guest speaker at my lecture.","Having lunch with Dermot, who was a guest speaker at my lecture. After lunch, he gave a lecture to my class","Having lunch with Dermot, who was a guest speaker at my lecture. After lunch, he gave a lecture to my class about Lessons in Innovation & Entrepreneurship","Having lunch with Dermot, who was a guest speaker at my lecture. After lunch, he gave a lecture to my class about Lessons in Innovation & Entrepreneurship while I was sitting in the front row. ","Having lunch with Dermot, who was a guest speaker at my lecture. After lunch, he gave a lecture to my class about Lessons in Innovation & Entrepreneurship while I was sitting in the front row. It was in November 2019."
20191114_125226_000,LSC23-KIS05,Having lunch with Dermot,"Having lunch with Dermot, who was a guest speaker at my lecture.","Having lunch with Dermot, who was a guest speaker at my lecture. After lunch, he gave a lecture to my class","Having lunch with Dermot, who was a guest speaker at my lecture. After lunch, he gave a lecture to my class about Lessons in Innovation & Entrepreneurship","Having lunch with Dermot, who was a guest speaker at my lecture. After lunch, he gave a lecture to my class about Lessons in Innovation & Entrepreneurship while I was sitting in the front row. ","Having lunch with Dermot, who was a guest speaker at my lecture. After lunch, he gave a lecture to my class about Lessons in Innovation & Entrepreneurship while I was sitting in the front row. It was in November 2019."
20191114_125243_000,LSC23-KIS05,Having lunch with Dermot,"Having lunch with Dermot, who was a guest speaker at my lecture.","Having lunch with Dermot, who was a guest speaker at my lecture. After lunch, he gave a lecture to my class","Having lunch with Dermot, who was a guest speaker at my lecture. After lunch, he gave a lecture to my class about Lessons in Innovation & Entrepreneurship","Having lunch with Dermot, who was a guest speaker at my lecture. After lunch, he gave a lecture to my class about Lessons in Innovation & Entrepreneurship while I was sitting in the front row. ","Having lunch with Dermot, who was a guest speaker at my lecture. After lunch, he gave a lecture to my class about Lessons in Innovation & Entrepreneurship while I was sitting in the front row. It was in November 2019."
20191114_125300_000,LSC23-KIS05,Having lunch with Dermot,"Having lunch with Dermot, who was a guest speaker at my lecture.","Having lunch with Dermot, who was a guest speaker at my lecture. After lunch, he gave a lecture to my class","Having lunch with Dermot, who was a guest speaker at my lecture. After lunch, he gave a lecture to my class about Lessons in Innovation & Entrepreneurship","Having lunch with Dermot, who was a guest speaker at my lecture. After lunch, he gave a lecture to my class about Lessons in Innovation & Entrepreneurship while I was sitting in the front row. ","Having lunch with Dermot, who was a guest speaker at my lecture. After lunch, he gave a lecture to my class about Lessons in Innovation & Entrepreneurship while I was sitting in the front row. It was in November 2019."
20191114_125317_000,LSC23-KIS05,Having lunch with Dermot,"Having lunch with Dermot, who was a guest speaker at my lecture.","Having lunch with Dermot, who was a guest speaker at my lecture. After lunch, he gave a lecture to my class","Having lunch with Dermot, who was a guest speaker at my lecture. After lunch, he gave a lecture to my class about Lessons in Innovation & Entrepreneurship","Having lunch with Dermot, who was a guest speaker at my lecture. After lunch, he gave a lecture to my class about Lessons in Innovation & Entrepreneurship while I was sitting in the front row. ","Having lunch with Dermot, who was a guest speaker at my lecture. After lunch, he gave a lecture to my class about Lessons in Innovation & Entrepreneurship while I was sitting in the front row. It was in November 2019."
20191114_125334_000,LSC23-KIS05,Having lunch with Dermot,"Having lunch with Dermot, who was a guest speaker at my lecture.","Having lunch with Dermot, who was a guest speaker at my lecture. After lunch, he gave a lecture to my class","Having lunch with Dermot, who was a guest speaker at my lecture. After lunch, he gave a lecture to my class about Lessons in Innovation & Entrepreneurship","Having lunch with Dermot, who was a guest speaker at my lecture. After lunch, he gave a lecture to my class about Lessons in Innovation & Entrepreneurship while I was sitting in the front row. ","Having lunch with Dermot, who was a guest speaker at my lecture. After lunch, he gave a lecture to my class about Lessons in Innovation & Entrepreneurship while I was sitting in the front row. It was in November 2019."
20191114_125351_000,LSC23-KIS05,Having lunch with Dermot,"Having lunch with Dermot, who was a guest speaker at my lecture.","Having lunch with Dermot, who was a guest speaker at my lecture. After lunch, he gave a lecture to my class","Having lunch with Dermot, who was a guest speaker at my lecture. After lunch, he gave a lecture to my class about Lessons in Innovation & Entrepreneurship","Having lunch with Dermot, who was a guest speaker at my lecture. After lunch, he gave a lecture to my class about Lessons in Innovation & Entrepreneurship while I was sitting in the front row. ","Having lunch with Dermot, who was a guest speaker at my lecture. After lunch, he gave a lecture to my class about Lessons in Innovation & Entrepreneurship while I was sitting in the front row. It was in November 2019."
20191114_125408_000,LSC23-KIS05,Having lunch with Dermot,"Having lunch with Dermot, who was a guest speaker at my lecture.","Having lunch with Dermot, who was a guest speaker at my lecture. After lunch, he gave a lecture to my class","Having lunch with Dermot, who was a guest speaker at my lecture. After lunch, he gave a lecture to my class about Lessons in Innovation & Entrepreneurship","Having lunch with Dermot, who was a guest speaker at my lecture. After lunch, he gave a lecture to my class about Lessons in Innovation & Entrepreneurship while I was sitting in the front row. ","Having lunch with Dermot, who was a guest speaker at my lecture. After lunch, he gave a lecture to my class about Lessons in Innovation & Entrepreneurship while I was sitting in the front row. It was in November 2019."
20191114_125425_000,LSC23-KIS05,Having lunch with Dermot,"Having lunch with Dermot, who was a guest speaker at my lecture.","Having lunch with Dermot, who was a guest speaker at my lecture. After lunch, he gave a lecture to my class","Having lunch with Dermot, who was a guest speaker at my lecture. After lunch, he gave a lecture to my class about Lessons in Innovation & Entrepreneurship","Having lunch with Dermot, who was a guest speaker at my lecture. After lunch, he gave a lecture to my class about Lessons in Innovation & Entrepreneurship while I was sitting in the front row. ","Having lunch with Dermot, who was a guest speaker at my lecture. After lunch, he gave a lecture to my class about Lessons in Innovation & Entrepreneurship while I was sitting in the front row. It was in November 2019."
20191114_125442_000,LSC23-KIS05,Having lunch with Dermot,"Having lunch with Dermot, who was a guest speaker at my lecture.","Having lunch with Dermot, who was a guest speaker at my lecture. After lunch, he gave a lecture to my class","Having lunch with Dermot, who was a guest speaker at my lecture. After lunch, he gave a lecture to my class about Lessons in Innovation & Entrepreneurship","Having lunch with Dermot, who was a guest speaker at my lecture. After lunch, he gave a lecture to my class about Lessons in Innovation & Entrepreneurship while I was sitting in the front row. ","Having lunch with Dermot, who was a guest speaker at my lecture. After lunch, he gave a lecture to my class about Lessons in Innovation & Entrepreneurship while I was sitting in the front row. It was in November 2019."
20191114_125459_000,LSC23-KIS05,Having lunch with Dermot,"Having lunch with Dermot, who was a guest speaker at my lecture.","Having lunch with Dermot, who was a guest speaker at my lecture. After lunch, he gave a lecture to my class","Having lunch with Dermot, who was a guest speaker at my lecture. After lunch, he gave a lecture to my class about Lessons in Innovation & Entrepreneurship","Having lunch with Dermot, who was a guest speaker at my lecture. After lunch, he gave a lecture to my class about Lessons in Innovation & Entrepreneurship while I was sitting in the front row. ","Having lunch with Dermot, who was a guest speaker at my lecture. After lunch, he gave a lecture to my class about Lessons in Innovation & Entrepreneurship while I was sitting in the front row. It was in November 2019."
20191114_125516_000,LSC23-KIS05,Having lunch with Dermot,"Having lunch with Dermot, who was a guest speaker at my lecture.","Having lunch with Dermot, who was a guest speaker at my lecture. After lunch, he gave a lecture to my class","Having lunch with Dermot, who was a guest speaker at my lecture. After lunch, he gave a lecture to my class about Lessons in Innovation & Entrepreneurship","Having lunch with Dermot, who was a guest speaker at my lecture. After lunch, he gave a lecture to my class about Lessons in Innovation & Entrepreneurship while I was sitting in the front row. ","Having lunch with Dermot, who was a guest speaker at my lecture. After lunch, he gave a lecture to my class about Lessons in Innovation & Entrepreneurship while I was sitting in the front row. It was in November 2019."
20191114_125533_000,LSC23-KIS05,Having lunch with Dermot,"Having lunch with Dermot, who was a guest speaker at my lecture.","Having lunch with Dermot, who was a guest speaker at my lecture. After lunch, he gave a lecture to my class","Having lunch with Dermot, who was a guest speaker at my lecture. After lunch, he gave a lecture to my class about Lessons in Innovation & Entrepreneurship","Having lunch with Dermot, who was a guest speaker at my lecture. After lunch, he gave a lecture to my class about Lessons in Innovation & Entrepreneurship while I was sitting in the front row. ","Having lunch with Dermot, who was a guest speaker at my lecture. After lunch, he gave a lecture to my class about Lessons in Innovation & Entrepreneurship while I was sitting in the front row. It was in November 2019."
20191114_125550_000,LSC23-KIS05,Having lunch with Dermot,"Having lunch with Dermot, who was a guest speaker at my lecture.","Having lunch with Dermot, who was a guest speaker at my lecture. After lunch, he gave a lecture to my class","Having lunch with Dermot, who was a guest speaker at my lecture. After lunch, he gave a lecture to my class about Lessons in Innovation & Entrepreneurship","Having lunch with Dermot, who was a guest speaker at my lecture. After lunch, he gave a lecture to my class about Lessons in Innovation & Entrepreneurship while I was sitting in the front row. ","Having lunch with Dermot, who was a guest speaker at my lecture. After lunch, he gave a lecture to my class about Lessons in Innovation & Entrepreneurship while I was sitting in the front row. It was in November 2019."
20191114_125607_000,LSC23-KIS05,Having lunch with Dermot,"Having lunch with Dermot, who was a guest speaker at my lecture.","Having lunch with Dermot, who was a guest speaker at my lecture. After lunch, he gave a lecture to my class","Having lunch with Dermot, who was a guest speaker at my lecture. After lunch, he gave a lecture to my class about Lessons in Innovation & Entrepreneurship","Having lunch with Dermot, who was a guest speaker at my lecture. After lunch, he gave a lecture to my class about Lessons in Innovation & Entrepreneurship while I was sitting in the front row. ","Having lunch with Dermot, who was a guest speaker at my lecture. After lunch, he gave a lecture to my class about Lessons in Innovation & Entrepreneurship while I was sitting in the front row. It was in November 2019."
20191114_125624_000,LSC23-KIS05,Having lunch with Dermot,"Having lunch with Dermot, who was a guest speaker at my lecture.","Having lunch with Dermot, who was a guest speaker at my lecture. After lunch, he gave a lecture to my class","Having lunch with Dermot, who was a guest speaker at my lecture. After lunch, he gave a lecture to my class about Lessons in Innovation & Entrepreneurship","Having lunch with Dermot, who was a guest speaker at my lecture. After lunch, he gave a lecture to my class about Lessons in Innovation & Entrepreneurship while I was sitting in the front row. ","Having lunch with Dermot, who was a guest speaker at my lecture. After lunch, he gave a lecture to my class about Lessons in Innovation & Entrepreneurship while I was sitting in the front row. It was in November 2019."
20191225_133531_000,LSC23-KIS06,I remember a man in a blue coat walking a dog.,I remember a man in a blue coat walking a dog in the countryside.,I remember a man in a blue coat walking a dog in the countryside in Ireland.,I remember a man in a blue coat walking a dog in the countryside in Ireland on a sunny afternoon.,I remember a man in a blue coat walking a dog in the countryside in Ireland on a sunny afternoon in December.,I remember a man in a blue coat walking a dog in the countryside in Ireland on a sunny afternoon in December on Christmas Day.
20191225_133553_000,LSC23-KIS06,I remember a man in a blue coat walking a dog.,I remember a man in a blue coat walking a dog in the countryside.,I remember a man in a blue coat walking a dog in the countryside in Ireland.,I remember a man in a blue coat walking a dog in the countryside in Ireland on a sunny afternoon.,I remember a man in a blue coat walking a dog in the countryside in Ireland on a sunny afternoon in December.,I remember a man in a blue coat walking a dog in the countryside in Ireland on a sunny afternoon in December on Christmas Day.
20191225_133615_000,LSC23-KIS06,I remember a man in a blue coat walking a dog.,I remember a man in a blue coat walking a dog in the countryside.,I remember a man in a blue coat walking a dog in the countryside in Ireland.,I remember a man in a blue coat walking a dog in the countryside in Ireland on a sunny afternoon.,I remember a man in a blue coat walking a dog in the countryside in Ireland on a sunny afternoon in December.,I remember a man in a blue coat walking a dog in the countryside in Ireland on a sunny afternoon in December on Christmas Day.
20191225_133637_000,LSC23-KIS06,I remember a man in a blue coat walking a dog.,I remember a man in a blue coat walking a dog in the countryside.,I remember a man in a blue coat walking a dog in the countryside in Ireland.,I remember a man in a blue coat walking a dog in the countryside in Ireland on a sunny afternoon.,I remember a man in a blue coat walking a dog in the countryside in Ireland on a sunny afternoon in December.,I remember a man in a blue coat walking a dog in the countryside in Ireland on a sunny afternoon in December on Christmas Day.
20191225_133659_000,LSC23-KIS06,I remember a man in a blue coat walking a dog.,I remember a man in a blue coat walking a dog in the countryside.,I remember a man in a blue coat walking a dog in the countryside in Ireland.,I remember a man in a blue coat walking a dog in the countryside in Ireland on a sunny afternoon.,I remember a man in a blue coat walking a dog in the countryside in Ireland on a sunny afternoon in December.,I remember a man in a blue coat walking a dog in the countryside in Ireland on a sunny afternoon in December on Christmas Day.
20191225_133721_000,LSC23-KIS06,I remember a man in a blue coat walking a dog.,I remember a man in a blue coat walking a dog in the countryside.,I remember a man in a blue coat walking a dog in the countryside in Ireland.,I remember a man in a blue coat walking a dog in the countryside in Ireland on a sunny afternoon.,I remember a man in a blue coat walking a dog in the countryside in Ireland on a sunny afternoon in December.,I remember a man in a blue coat walking a dog in the countryside in Ireland on a sunny afternoon in December on Christmas Day.
20191225_133743_000,LSC23-KIS06,I remember a man in a blue coat walking a dog.,I remember a man in a blue coat walking a dog in the countryside.,I remember a man in a blue coat walking a dog in the countryside in Ireland.,I remember a man in a blue coat walking a dog in the countryside in Ireland on a sunny afternoon.,I remember a man in a blue coat walking a dog in the countryside in Ireland on a sunny afternoon in December.,I remember a man in a blue coat walking a dog in the countryside in Ireland on a sunny afternoon in December on Christmas Day.
20191225_133805_000,LSC23-KIS06,I remember a man in a blue coat walking a dog.,I remember a man in a blue coat walking a dog in the countryside.,I remember a man in a blue coat walking a dog in the countryside in Ireland.,I remember a man in a blue coat walking a dog in the countryside in Ireland on a sunny afternoon.,I remember a man in a blue coat walking a dog in the countryside in Ireland on a sunny afternoon in December.,I remember a man in a blue coat walking a dog in the countryside in Ireland on a sunny afternoon in December on Christmas Day.
20191225_133827_000,LSC23-KIS06,I remember a man in a blue coat walking a dog.,I remember a man in a blue coat walking a dog in the countryside.,I remember a man in a blue coat walking a dog in the countryside in Ireland.,I remember a man in a blue coat walking a dog in the countryside in Ireland on a sunny afternoon.,I remember a man in a blue coat walking a dog in the countryside in Ireland on a sunny afternoon in December.,I remember a man in a blue coat walking a dog in the countryside in Ireland on a sunny afternoon in December on Christmas Day.
20191225_133849_000,LSC23-KIS06,I remember a man in a blue coat walking a dog.,I remember a man in a blue coat walking a dog in the countryside.,I remember a man in a blue coat walking a dog in the countryside in Ireland.,I remember a man in a blue coat walking a dog in the countryside in Ireland on a sunny afternoon.,I remember a man in a blue coat walking a dog in the countryside in Ireland on a sunny afternoon in December.,I remember a man in a blue coat walking a dog in the countryside in Ireland on a sunny afternoon in December on Christmas Day.
20191225_133911_000,LSC23-KIS06,I remember a man in a blue coat walking a dog.,I remember a man in a blue coat walking a dog in the countryside.,I remember a man in a blue coat walking a dog in the countryside in Ireland.,I remember a man in a blue coat walking a dog in the countryside in Ireland on a sunny afternoon.,I remember a man in a blue coat walking a dog in the countryside in Ireland on a sunny afternoon in December.,I remember a man in a blue coat walking a dog in the countryside in Ireland on a sunny afternoon in December on Christmas Day.
20191225_133933_000,LSC23-KIS06,I remember a man in a blue coat walking a dog.,I remember a man in a blue coat walking a dog in the countryside.,I remember a man in a blue coat walking a dog in the countryside in Ireland.,I remember a man in a blue coat walking a dog in the countryside in Ireland on a sunny afternoon.,I remember a man in a blue coat walking a dog in the countryside in Ireland on a sunny afternoon in December.,I remember a man in a blue coat walking a dog in the countryside in Ireland on a sunny afternoon in December on Christmas Day.
20191225_133955_000,LSC23-KIS06,I remember a man in a blue coat walking a dog.,I remember a man in a blue coat walking a dog in the countryside.,I remember a man in a blue coat walking a dog in the countryside in Ireland.,I remember a man in a blue coat walking a dog in the countryside in Ireland on a sunny afternoon.,I remember a man in a blue coat walking a dog in the countryside in Ireland on a sunny afternoon in December.,I remember a man in a blue coat walking a dog in the countryside in Ireland on a sunny afternoon in December on Christmas Day.
20191225_134017_000,LSC23-KIS06,I remember a man in a blue coat walking a dog.,I remember a man in a blue coat walking a dog in the countryside.,I remember a man in a blue coat walking a dog in the countryside in Ireland.,I remember a man in a blue coat walking a dog in the countryside in Ireland on a sunny afternoon.,I remember a man in a blue coat walking a dog in the countryside in Ireland on a sunny afternoon in December.,I remember a man in a blue coat walking a dog in the countryside in Ireland on a sunny afternoon in December on Christmas Day.
20191225_134039_000,LSC23-KIS06,I remember a man in a blue coat walking a dog.,I remember a man in a blue coat walking a dog in the countryside.,I remember a man in a blue coat walking a dog in the countryside in Ireland.,I remember a man in a blue coat walking a dog in the countryside in Ireland on a sunny afternoon.,I remember a man in a blue coat walking a dog in the countryside in Ireland on a sunny afternoon in December.,I remember a man in a blue coat walking a dog in the countryside in Ireland on a sunny afternoon in December on Christmas Day.
20191225_134101_000,LSC23-KIS06,I remember a man in a blue coat walking a dog.,I remember a man in a blue coat walking a dog in the countryside.,I remember a man in a blue coat walking a dog in the countryside in Ireland.,I remember a man in a blue coat walking a dog in the countryside in Ireland on a sunny afternoon.,I remember a man in a blue coat walking a dog in the countryside in Ireland on a sunny afternoon in December.,I remember a man in a blue coat walking a dog in the countryside in Ireland on a sunny afternoon in December on Christmas Day.
20191225_134123_000,LSC23-KIS06,I remember a man in a blue coat walking a dog.,I remember a man in a blue coat walking a dog in the countryside.,I remember a man in a blue coat walking a dog in the countryside in Ireland.,I remember a man in a blue coat walking a dog in the countryside in Ireland on a sunny afternoon.,I remember a man in a blue coat walking a dog in the countryside in Ireland on a sunny afternoon in December.,I remember a man in a blue coat walking a dog in the countryside in Ireland on a sunny afternoon in December on Christmas Day.
20191225_134145_000,LSC23-KIS06,I remember a man in a blue coat walking a dog.,I remember a man in a blue coat walking a dog in the countryside.,I remember a man in a blue coat walking a dog in the countryside in Ireland.,I remember a man in a blue coat walking a dog in the countryside in Ireland on a sunny afternoon.,I remember a man in a blue coat walking a dog in the countryside in Ireland on a sunny afternoon in December.,I remember a man in a blue coat walking a dog in the countryside in Ireland on a sunny afternoon in December on Christmas Day.
20191225_134207_000,LSC23-KIS06,I remember a man in a blue coat walking a dog.,I remember a man in a blue coat walking a dog in the countryside.,I remember a man in a blue coat walking a dog in the countryside in Ireland.,I remember a man in a blue coat walking a dog in the countryside in Ireland on a sunny afternoon.,I remember a man in a blue coat walking a dog in the countryside in Ireland on a sunny afternoon in December.,I remember a man in a blue coat walking a dog in the countryside in Ireland on a sunny afternoon in December on Christmas Day.
20191225_134229_000,LSC23-KIS06,I remember a man in a blue coat walking a dog.,I remember a man in a blue coat walking a dog in the countryside.,I remember a man in a blue coat walking a dog in the countryside in Ireland.,I remember a man in a blue coat walking a dog in the countryside in Ireland on a sunny afternoon.,I remember a man in a blue coat walking a dog in the countryside in Ireland on a sunny afternoon in December.,I remember a man in a blue coat walking a dog in the countryside in Ireland on a sunny afternoon in December on Christmas Day.
20191225_134251_000,LSC23-KIS06,I remember a man in a blue coat walking a dog.,I remember a man in a blue coat walking a dog in the countryside.,I remember a man in a blue coat walking a dog in the countryside in Ireland.,I remember a man in a blue coat walking a dog in the countryside in Ireland on a sunny afternoon.,I remember a man in a blue coat walking a dog in the countryside in Ireland on a sunny afternoon in December.,I remember a man in a blue coat walking a dog in the countryside in Ireland on a sunny afternoon in December on Christmas Day.
20191225_134313_000,LSC23-KIS06,I remember a man in a blue coat walking a dog.,I remember a man in a blue coat walking a dog in the countryside.,I remember a man in a blue coat walking a dog in the countryside in Ireland.,I remember a man in a blue coat walking a dog in the countryside in Ireland on a sunny afternoon.,I remember a man in a blue coat walking a dog in the countryside in Ireland on a sunny afternoon in December.,I remember a man in a blue coat walking a dog in the countryside in Ireland on a sunny afternoon in December on Christmas Day.
20191225_134335_000,LSC23-KIS06,I remember a man in a blue coat walking a dog.,I remember a man in a blue coat walking a dog in the countryside.,I remember a man in a blue coat walking a dog in the countryside in Ireland.,I remember a man in a blue coat walking a dog in the countryside in Ireland on a sunny afternoon.,I remember a man in a blue coat walking a dog in the countryside in Ireland on a sunny afternoon in December.,I remember a man in a blue coat walking a dog in the countryside in Ireland on a sunny afternoon in December on Christmas Day.
20191225_134357_000,LSC23-KIS06,I remember a man in a blue coat walking a dog.,I remember a man in a blue coat walking a dog in the countryside.,I remember a man in a blue coat walking a dog in the countryside in Ireland.,I remember a man in a blue coat walking a dog in the countryside in Ireland on a sunny afternoon.,I remember a man in a blue coat walking a dog in the countryside in Ireland on a sunny afternoon in December.,I remember a man in a blue coat walking a dog in the countryside in Ireland on a sunny afternoon in December on Christmas Day.
20191225_134419_000,LSC23-KIS06,I remember a man in a blue coat walking a dog.,I remember a man in a blue coat walking a dog in the countryside.,I remember a man in a blue coat walking a dog in the countryside in Ireland.,I remember a man in a blue coat walking a dog in the countryside in Ireland on a sunny afternoon.,I remember a man in a blue coat walking a dog in the countryside in Ireland on a sunny afternoon in December.,I remember a man in a blue coat walking a dog in the countryside in Ireland on a sunny afternoon in December on Christmas Day.
20191225_134441_000,LSC23-KIS06,I remember a man in a blue coat walking a dog.,I remember a man in a blue coat walking a dog in the countryside.,I remember a man in a blue coat walking a dog in the countryside in Ireland.,I remember a man in a blue coat walking a dog in the countryside in Ireland on a sunny afternoon.,I remember a man in a blue coat walking a dog in the countryside in Ireland on a sunny afternoon in December.,I remember a man in a blue coat walking a dog in the countryside in Ireland on a sunny afternoon in December on Christmas Day.
20191225_134503_000,LSC23-KIS06,I remember a man in a blue coat walking a dog.,I remember a man in a blue coat walking a dog in the countryside.,I remember a man in a blue coat walking a dog in the countryside in Ireland.,I remember a man in a blue coat walking a dog in the countryside in Ireland on a sunny afternoon.,I remember a man in a blue coat walking a dog in the countryside in Ireland on a sunny afternoon in December.,I remember a man in a blue coat walking a dog in the countryside in Ireland on a sunny afternoon in December on Christmas Day.
20191225_134525_000,LSC23-KIS06,I remember a man in a blue coat walking a dog.,I remember a man in a blue coat walking a dog in the countryside.,I remember a man in a blue coat walking a dog in the countryside in Ireland.,I remember a man in a blue coat walking a dog in the countryside in Ireland on a sunny afternoon.,I remember a man in a blue coat walking a dog in the countryside in Ireland on a sunny afternoon in December.,I remember a man in a blue coat walking a dog in the countryside in Ireland on a sunny afternoon in December on Christmas Day.
20191225_134559_000,LSC23-KIS06,I remember a man in a blue coat walking a dog.,I remember a man in a blue coat walking a dog in the countryside.,I remember a man in a blue coat walking a dog in the countryside in Ireland.,I remember a man in a blue coat walking a dog in the countryside in Ireland on a sunny afternoon.,I remember a man in a blue coat walking a dog in the countryside in Ireland on a sunny afternoon in December.,I remember a man in a blue coat walking a dog in the countryside in Ireland on a sunny afternoon in December on Christmas Day.
20191225_134621_000,LSC23-KIS06,I remember a man in a blue coat walking a dog.,I remember a man in a blue coat walking a dog in the countryside.,I remember a man in a blue coat walking a dog in the countryside in Ireland.,I remember a man in a blue coat walking a dog in the countryside in Ireland on a sunny afternoon.,I remember a man in a blue coat walking a dog in the countryside in Ireland on a sunny afternoon in December.,I remember a man in a blue coat walking a dog in the countryside in Ireland on a sunny afternoon in December on Christmas Day.
20191225_134643_000,LSC23-KIS06,I remember a man in a blue coat walking a dog.,I remember a man in a blue coat walking a dog in the countryside.,I remember a man in a blue coat walking a dog in the countryside in Ireland.,I remember a man in a blue coat walking a dog in the countryside in Ireland on a sunny afternoon.,I remember a man in a blue coat walking a dog in the countryside in Ireland on a sunny afternoon in December.,I remember a man in a blue coat walking a dog in the countryside in Ireland on a sunny afternoon in December on Christmas Day.
20191225_134705_000,LSC23-KIS06,I remember a man in a blue coat walking a dog.,I remember a man in a blue coat walking a dog in the countryside.,I remember a man in a blue coat walking a dog in the countryside in Ireland.,I remember a man in a blue coat walking a dog in the countryside in Ireland on a sunny afternoon.,I remember a man in a blue coat walking a dog in the countryside in Ireland on a sunny afternoon in December.,I remember a man in a blue coat walking a dog in the countryside in Ireland on a sunny afternoon in December on Christmas Day.
20191225_134727_000,LSC23-KIS06,I remember a man in a blue coat walking a dog.,I remember a man in a blue coat walking a dog in the countryside.,I remember a man in a blue coat walking a dog in the countryside in Ireland.,I remember a man in a blue coat walking a dog in the countryside in Ireland on a sunny afternoon.,I remember a man in a blue coat walking a dog in the countryside in Ireland on a sunny afternoon in December.,I remember a man in a blue coat walking a dog in the countryside in Ireland on a sunny afternoon in December on Christmas Day.
20191225_134749_000,LSC23-KIS06,I remember a man in a blue coat walking a dog.,I remember a man in a blue coat walking a dog in the countryside.,I remember a man in a blue coat walking a dog in the countryside in Ireland.,I remember a man in a blue coat walking a dog in the countryside in Ireland on a sunny afternoon.,I remember a man in a blue coat walking a dog in the countryside in Ireland on a sunny afternoon in December.,I remember a man in a blue coat walking a dog in the countryside in Ireland on a sunny afternoon in December on Christmas Day.
20191225_134811_000,LSC23-KIS06,I remember a man in a blue coat walking a dog.,I remember a man in a blue coat walking a dog in the countryside.,I remember a man in a blue coat walking a dog in the countryside in Ireland.,I remember a man in a blue coat walking a dog in the countryside in Ireland on a sunny afternoon.,I remember a man in a blue coat walking a dog in the countryside in Ireland on a sunny afternoon in December.,I remember a man in a blue coat walking a dog in the countryside in Ireland on a sunny afternoon in December on Christmas Day.
20191225_134833_000,LSC23-KIS06,I remember a man in a blue coat walking a dog.,I remember a man in a blue coat walking a dog in the countryside.,I remember a man in a blue coat walking a dog in the countryside in Ireland.,I remember a man in a blue coat walking a dog in the countryside in Ireland on a sunny afternoon.,I remember a man in a blue coat walking a dog in the countryside in Ireland on a sunny afternoon in December.,I remember a man in a blue coat walking a dog in the countryside in Ireland on a sunny afternoon in December on Christmas Day.
20191225_134855_000,LSC23-KIS06,I remember a man in a blue coat walking a dog.,I remember a man in a blue coat walking a dog in the countryside.,I remember a man in a blue coat walking a dog in the countryside in Ireland.,I remember a man in a blue coat walking a dog in the countryside in Ireland on a sunny afternoon.,I remember a man in a blue coat walking a dog in the countryside in Ireland on a sunny afternoon in December.,I remember a man in a blue coat walking a dog in the countryside in Ireland on a sunny afternoon in December on Christmas Day.
20191225_134917_000,LSC23-KIS06,I remember a man in a blue coat walking a dog.,I remember a man in a blue coat walking a dog in the countryside.,I remember a man in a blue coat walking a dog in the countryside in Ireland.,I remember a man in a blue coat walking a dog in the countryside in Ireland on a sunny afternoon.,I remember a man in a blue coat walking a dog in the countryside in Ireland on a sunny afternoon in December.,I remember a man in a blue coat walking a dog in the countryside in Ireland on a sunny afternoon in December on Christmas Day.
20191225_134939_000,LSC23-KIS06,I remember a man in a blue coat walking a dog.,I remember a man in a blue coat walking a dog in the countryside.,I remember a man in a blue coat walking a dog in the countryside in Ireland.,I remember a man in a blue coat walking a dog in the countryside in Ireland on a sunny afternoon.,I remember a man in a blue coat walking a dog in the countryside in Ireland on a sunny afternoon in December.,I remember a man in a blue coat walking a dog in the countryside in Ireland on a sunny afternoon in December on Christmas Day.
20191225_135001_000,LSC23-KIS06,I remember a man in a blue coat walking a dog.,I remember a man in a blue coat walking a dog in the countryside.,I remember a man in a blue coat walking a dog in the countryside in Ireland.,I remember a man in a blue coat walking a dog in the countryside in Ireland on a sunny afternoon.,I remember a man in a blue coat walking a dog in the countryside in Ireland on a sunny afternoon in December.,I remember a man in a blue coat walking a dog in the countryside in Ireland on a sunny afternoon in December on Christmas Day.
20191225_135023_000,LSC23-KIS06,I remember a man in a blue coat walking a dog.,I remember a man in a blue coat walking a dog in the countryside.,I remember a man in a blue coat walking a dog in the countryside in Ireland.,I remember a man in a blue coat walking a dog in the countryside in Ireland on a sunny afternoon.,I remember a man in a blue coat walking a dog in the countryside in Ireland on a sunny afternoon in December.,I remember a man in a blue coat walking a dog in the countryside in Ireland on a sunny afternoon in December on Christmas Day.
20191225_135045_000,LSC23-KIS06,I remember a man in a blue coat walking a dog.,I remember a man in a blue coat walking a dog in the countryside.,I remember a man in a blue coat walking a dog in the countryside in Ireland.,I remember a man in a blue coat walking a dog in the countryside in Ireland on a sunny afternoon.,I remember a man in a blue coat walking a dog in the countryside in Ireland on a sunny afternoon in December.,I remember a man in a blue coat walking a dog in the countryside in Ireland on a sunny afternoon in December on Christmas Day.
20191225_135107_000,LSC23-KIS06,I remember a man in a blue coat walking a dog.,I remember a man in a blue coat walking a dog in the countryside.,I remember a man in a blue coat walking a dog in the countryside in Ireland.,I remember a man in a blue coat walking a dog in the countryside in Ireland on a sunny afternoon.,I remember a man in a blue coat walking a dog in the countryside in Ireland on a sunny afternoon in December.,I remember a man in a blue coat walking a dog in the countryside in Ireland on a sunny afternoon in December on Christmas Day.
20191225_135129_000,LSC23-KIS06,I remember a man in a blue coat walking a dog.,I remember a man in a blue coat walking a dog in the countryside.,I remember a man in a blue coat walking a dog in the countryside in Ireland.,I remember a man in a blue coat walking a dog in the countryside in Ireland on a sunny afternoon.,I remember a man in a blue coat walking a dog in the countryside in Ireland on a sunny afternoon in December.,I remember a man in a blue coat walking a dog in the countryside in Ireland on a sunny afternoon in December on Christmas Day.
20191225_135151_000,LSC23-KIS06,I remember a man in a blue coat walking a dog.,I remember a man in a blue coat walking a dog in the countryside.,I remember a man in a blue coat walking a dog in the countryside in Ireland.,I remember a man in a blue coat walking a dog in the countryside in Ireland on a sunny afternoon.,I remember a man in a blue coat walking a dog in the countryside in Ireland on a sunny afternoon in December.,I remember a man in a blue coat walking a dog in the countryside in Ireland on a sunny afternoon in December on Christmas Day.
20191225_135213_000,LSC23-KIS06,I remember a man in a blue coat walking a dog.,I remember a man in a blue coat walking a dog in the countryside.,I remember a man in a blue coat walking a dog in the countryside in Ireland.,I remember a man in a blue coat walking a dog in the countryside in Ireland on a sunny afternoon.,I remember a man in a blue coat walking a dog in the countryside in Ireland on a sunny afternoon in December.,I remember a man in a blue coat walking a dog in the countryside in Ireland on a sunny afternoon in December on Christmas Day.
20191225_135235_000,LSC23-KIS06,I remember a man in a blue coat walking a dog.,I remember a man in a blue coat walking a dog in the countryside.,I remember a man in a blue coat walking a dog in the countryside in Ireland.,I remember a man in a blue coat walking a dog in the countryside in Ireland on a sunny afternoon.,I remember a man in a blue coat walking a dog in the countryside in Ireland on a sunny afternoon in December.,I remember a man in a blue coat walking a dog in the countryside in Ireland on a sunny afternoon in December on Christmas Day.
20191225_135257_000,LSC23-KIS06,I remember a man in a blue coat walking a dog.,I remember a man in a blue coat walking a dog in the countryside.,I remember a man in a blue coat walking a dog in the countryside in Ireland.,I remember a man in a blue coat walking a dog in the countryside in Ireland on a sunny afternoon.,I remember a man in a blue coat walking a dog in the countryside in Ireland on a sunny afternoon in December.,I remember a man in a blue coat walking a dog in the countryside in Ireland on a sunny afternoon in December on Christmas Day.
20191225_135319_000,LSC23-KIS06,I remember a man in a blue coat walking a dog.,I remember a man in a blue coat walking a dog in the countryside.,I remember a man in a blue coat walking a dog in the countryside in Ireland.,I remember a man in a blue coat walking a dog in the countryside in Ireland on a sunny afternoon.,I remember a man in a blue coat walking a dog in the countryside in Ireland on a sunny afternoon in December.,I remember a man in a blue coat walking a dog in the countryside in Ireland on a sunny afternoon in December on Christmas Day.
20191225_135341_000,LSC23-KIS06,I remember a man in a blue coat walking a dog.,I remember a man in a blue coat walking a dog in the countryside.,I remember a man in a blue coat walking a dog in the countryside in Ireland.,I remember a man in a blue coat walking a dog in the countryside in Ireland on a sunny afternoon.,I remember a man in a blue coat walking a dog in the countryside in Ireland on a sunny afternoon in December.,I remember a man in a blue coat walking a dog in the countryside in Ireland on a sunny afternoon in December on Christmas Day.
20191225_135403_000,LSC23-KIS06,I remember a man in a blue coat walking a dog.,I remember a man in a blue coat walking a dog in the countryside.,I remember a man in a blue coat walking a dog in the countryside in Ireland.,I remember a man in a blue coat walking a dog in the countryside in Ireland on a sunny afternoon.,I remember a man in a blue coat walking a dog in the countryside in Ireland on a sunny afternoon in December.,I remember a man in a blue coat walking a dog in the countryside in Ireland on a sunny afternoon in December on Christmas Day.
20191225_135425_000,LSC23-KIS06,I remember a man in a blue coat walking a dog.,I remember a man in a blue coat walking a dog in the countryside.,I remember a man in a blue coat walking a dog in the countryside in Ireland.,I remember a man in a blue coat walking a dog in the countryside in Ireland on a sunny afternoon.,I remember a man in a blue coat walking a dog in the countryside in Ireland on a sunny afternoon in December.,I remember a man in a blue coat walking a dog in the countryside in Ireland on a sunny afternoon in December on Christmas Day.
20191225_135447_000,LSC23-KIS06,I remember a man in a blue coat walking a dog.,I remember a man in a blue coat walking a dog in the countryside.,I remember a man in a blue coat walking a dog in the countryside in Ireland.,I remember a man in a blue coat walking a dog in the countryside in Ireland on a sunny afternoon.,I remember a man in a blue coat walking a dog in the countryside in Ireland on a sunny afternoon in December.,I remember a man in a blue coat walking a dog in the countryside in Ireland on a sunny afternoon in December on Christmas Day.
20191225_135509_000,LSC23-KIS06,I remember a man in a blue coat walking a dog.,I remember a man in a blue coat walking a dog in the countryside.,I remember a man in a blue coat walking a dog in the countryside in Ireland.,I remember a man in a blue coat walking a dog in the countryside in Ireland on a sunny afternoon.,I remember a man in a blue coat walking a dog in the countryside in Ireland on a sunny afternoon in December.,I remember a man in a blue coat walking a dog in the countryside in Ireland on a sunny afternoon in December on Christmas Day.
20191225_135531_000,LSC23-KIS06,I remember a man in a blue coat walking a dog.,I remember a man in a blue coat walking a dog in the countryside.,I remember a man in a blue coat walking a dog in the countryside in Ireland.,I remember a man in a blue coat walking a dog in the countryside in Ireland on a sunny afternoon.,I remember a man in a blue coat walking a dog in the countryside in Ireland on a sunny afternoon in December.,I remember a man in a blue coat walking a dog in the countryside in Ireland on a sunny afternoon in December on Christmas Day.
20191225_135553_000,LSC23-KIS06,I remember a man in a blue coat walking a dog.,I remember a man in a blue coat walking a dog in the countryside.,I remember a man in a blue coat walking a dog in the countryside in Ireland.,I remember a man in a blue coat walking a dog in the countryside in Ireland on a sunny afternoon.,I remember a man in a blue coat walking a dog in the countryside in Ireland on a sunny afternoon in December.,I remember a man in a blue coat walking a dog in the countryside in Ireland on a sunny afternoon in December on Christmas Day.
20191225_135615_000,LSC23-KIS06,I remember a man in a blue coat walking a dog.,I remember a man in a blue coat walking a dog in the countryside.,I remember a man in a blue coat walking a dog in the countryside in Ireland.,I remember a man in a blue coat walking a dog in the countryside in Ireland on a sunny afternoon.,I remember a man in a blue coat walking a dog in the countryside in Ireland on a sunny afternoon in December.,I remember a man in a blue coat walking a dog in the countryside in Ireland on a sunny afternoon in December on Christmas Day.
20191225_135637_000,LSC23-KIS06,I remember a man in a blue coat walking a dog.,I remember a man in a blue coat walking a dog in the countryside.,I remember a man in a blue coat walking a dog in the countryside in Ireland.,I remember a man in a blue coat walking a dog in the countryside in Ireland on a sunny afternoon.,I remember a man in a blue coat walking a dog in the countryside in Ireland on a sunny afternoon in December.,I remember a man in a blue coat walking a dog in the countryside in Ireland on a sunny afternoon in December on Christmas Day.
20191225_135659_000,LSC23-KIS06,I remember a man in a blue coat walking a dog.,I remember a man in a blue coat walking a dog in the countryside.,I remember a man in a blue coat walking a dog in the countryside in Ireland.,I remember a man in a blue coat walking a dog in the countryside in Ireland on a sunny afternoon.,I remember a man in a blue coat walking a dog in the countryside in Ireland on a sunny afternoon in December.,I remember a man in a blue coat walking a dog in the countryside in Ireland on a sunny afternoon in December on Christmas Day.
20191225_135721_000,LSC23-KIS06,I remember a man in a blue coat walking a dog.,I remember a man in a blue coat walking a dog in the countryside.,I remember a man in a blue coat walking a dog in the countryside in Ireland.,I remember a man in a blue coat walking a dog in the countryside in Ireland on a sunny afternoon.,I remember a man in a blue coat walking a dog in the countryside in Ireland on a sunny afternoon in December.,I remember a man in a blue coat walking a dog in the countryside in Ireland on a sunny afternoon in December on Christmas Day.
20191225_135743_000,LSC23-KIS06,I remember a man in a blue coat walking a dog.,I remember a man in a blue coat walking a dog in the countryside.,I remember a man in a blue coat walking a dog in the countryside in Ireland.,I remember a man in a blue coat walking a dog in the countryside in Ireland on a sunny afternoon.,I remember a man in a blue coat walking a dog in the countryside in Ireland on a sunny afternoon in December.,I remember a man in a blue coat walking a dog in the countryside in Ireland on a sunny afternoon in December on Christmas Day.
20191225_135805_000,LSC23-KIS06,I remember a man in a blue coat walking a dog.,I remember a man in a blue coat walking a dog in the countryside.,I remember a man in a blue coat walking a dog in the countryside in Ireland.,I remember a man in a blue coat walking a dog in the countryside in Ireland on a sunny afternoon.,I remember a man in a blue coat walking a dog in the countryside in Ireland on a sunny afternoon in December.,I remember a man in a blue coat walking a dog in the countryside in Ireland on a sunny afternoon in December on Christmas Day.
20191225_135827_000,LSC23-KIS06,I remember a man in a blue coat walking a dog.,I remember a man in a blue coat walking a dog in the countryside.,I remember a man in a blue coat walking a dog in the countryside in Ireland.,I remember a man in a blue coat walking a dog in the countryside in Ireland on a sunny afternoon.,I remember a man in a blue coat walking a dog in the countryside in Ireland on a sunny afternoon in December.,I remember a man in a blue coat walking a dog in the countryside in Ireland on a sunny afternoon in December on Christmas Day.
20191225_135849_000,LSC23-KIS06,I remember a man in a blue coat walking a dog.,I remember a man in a blue coat walking a dog in the countryside.,I remember a man in a blue coat walking a dog in the countryside in Ireland.,I remember a man in a blue coat walking a dog in the countryside in Ireland on a sunny afternoon.,I remember a man in a blue coat walking a dog in the countryside in Ireland on a sunny afternoon in December.,I remember a man in a blue coat walking a dog in the countryside in Ireland on a sunny afternoon in December on Christmas Day.
20191225_135911_000,LSC23-KIS06,I remember a man in a blue coat walking a dog.,I remember a man in a blue coat walking a dog in the countryside.,I remember a man in a blue coat walking a dog in the countryside in Ireland.,I remember a man in a blue coat walking a dog in the countryside in Ireland on a sunny afternoon.,I remember a man in a blue coat walking a dog in the countryside in Ireland on a sunny afternoon in December.,I remember a man in a blue coat walking a dog in the countryside in Ireland on a sunny afternoon in December on Christmas Day.
20191225_135933_000,LSC23-KIS06,I remember a man in a blue coat walking a dog.,I remember a man in a blue coat walking a dog in the countryside.,I remember a man in a blue coat walking a dog in the countryside in Ireland.,I remember a man in a blue coat walking a dog in the countryside in Ireland on a sunny afternoon.,I remember a man in a blue coat walking a dog in the countryside in Ireland on a sunny afternoon in December.,I remember a man in a blue coat walking a dog in the countryside in Ireland on a sunny afternoon in December on Christmas Day.
20191225_135955_000,LSC23-KIS06,I remember a man in a blue coat walking a dog.,I remember a man in a blue coat walking a dog in the countryside.,I remember a man in a blue coat walking a dog in the countryside in Ireland.,I remember a man in a blue coat walking a dog in the countryside in Ireland on a sunny afternoon.,I remember a man in a blue coat walking a dog in the countryside in Ireland on a sunny afternoon in December.,I remember a man in a blue coat walking a dog in the countryside in Ireland on a sunny afternoon in December on Christmas Day.
20191225_140017_000,LSC23-KIS06,I remember a man in a blue coat walking a dog.,I remember a man in a blue coat walking a dog in the countryside.,I remember a man in a blue coat walking a dog in the countryside in Ireland.,I remember a man in a blue coat walking a dog in the countryside in Ireland on a sunny afternoon.,I remember a man in a blue coat walking a dog in the countryside in Ireland on a sunny afternoon in December.,I remember a man in a blue coat walking a dog in the countryside in Ireland on a sunny afternoon in December on Christmas Day.
20191225_140039_000,LSC23-KIS06,I remember a man in a blue coat walking a dog.,I remember a man in a blue coat walking a dog in the countryside.,I remember a man in a blue coat walking a dog in the countryside in Ireland.,I remember a man in a blue coat walking a dog in the countryside in Ireland on a sunny afternoon.,I remember a man in a blue coat walking a dog in the countryside in Ireland on a sunny afternoon in December.,I remember a man in a blue coat walking a dog in the countryside in Ireland on a sunny afternoon in December on Christmas Day.
20191225_140101_000,LSC23-KIS06,I remember a man in a blue coat walking a dog.,I remember a man in a blue coat walking a dog in the countryside.,I remember a man in a blue coat walking a dog in the countryside in Ireland.,I remember a man in a blue coat walking a dog in the countryside in Ireland on a sunny afternoon.,I remember a man in a blue coat walking a dog in the countryside in Ireland on a sunny afternoon in December.,I remember a man in a blue coat walking a dog in the countryside in Ireland on a sunny afternoon in December on Christmas Day.
20191225_140123_000,LSC23-KIS06,I remember a man in a blue coat walking a dog.,I remember a man in a blue coat walking a dog in the countryside.,I remember a man in a blue coat walking a dog in the countryside in Ireland.,I remember a man in a blue coat walking a dog in the countryside in Ireland on a sunny afternoon.,I remember a man in a blue coat walking a dog in the countryside in Ireland on a sunny afternoon in December.,I remember a man in a blue coat walking a dog in the countryside in Ireland on a sunny afternoon in December on Christmas Day.
20191225_140145_000,LSC23-KIS06,I remember a man in a blue coat walking a dog.,I remember a man in a blue coat walking a dog in the countryside.,I remember a man in a blue coat walking a dog in the countryside in Ireland.,I remember a man in a blue coat walking a dog in the countryside in Ireland on a sunny afternoon.,I remember a man in a blue coat walking a dog in the countryside in Ireland on a sunny afternoon in December.,I remember a man in a blue coat walking a dog in the countryside in Ireland on a sunny afternoon in December on Christmas Day.
20191225_140207_000,LSC23-KIS06,I remember a man in a blue coat walking a dog.,I remember a man in a blue coat walking a dog in the countryside.,I remember a man in a blue coat walking a dog in the countryside in Ireland.,I remember a man in a blue coat walking a dog in the countryside in Ireland on a sunny afternoon.,I remember a man in a blue coat walking a dog in the countryside in Ireland on a sunny afternoon in December.,I remember a man in a blue coat walking a dog in the countryside in Ireland on a sunny afternoon in December on Christmas Day.
20191225_140229_000,LSC23-KIS06,I remember a man in a blue coat walking a dog.,I remember a man in a blue coat walking a dog in the countryside.,I remember a man in a blue coat walking a dog in the countryside in Ireland.,I remember a man in a blue coat walking a dog in the countryside in Ireland on a sunny afternoon.,I remember a man in a blue coat walking a dog in the countryside in Ireland on a sunny afternoon in December.,I remember a man in a blue coat walking a dog in the countryside in Ireland on a sunny afternoon in December on Christmas Day.
20191225_140251_000,LSC23-KIS06,I remember a man in a blue coat walking a dog.,I remember a man in a blue coat walking a dog in the countryside.,I remember a man in a blue coat walking a dog in the countryside in Ireland.,I remember a man in a blue coat walking a dog in the countryside in Ireland on a sunny afternoon.,I remember a man in a blue coat walking a dog in the countryside in Ireland on a sunny afternoon in December.,I remember a man in a blue coat walking a dog in the countryside in Ireland on a sunny afternoon in December on Christmas Day.
20191225_140313_000,LSC23-KIS06,I remember a man in a blue coat walking a dog.,I remember a man in a blue coat walking a dog in the countryside.,I remember a man in a blue coat walking a dog in the countryside in Ireland.,I remember a man in a blue coat walking a dog in the countryside in Ireland on a sunny afternoon.,I remember a man in a blue coat walking a dog in the countryside in Ireland on a sunny afternoon in December.,I remember a man in a blue coat walking a dog in the countryside in Ireland on a sunny afternoon in December on Christmas Day.
20191225_140335_000,LSC23-KIS06,I remember a man in a blue coat walking a dog.,I remember a man in a blue coat walking a dog in the countryside.,I remember a man in a blue coat walking a dog in the countryside in Ireland.,I remember a man in a blue coat walking a dog in the countryside in Ireland on a sunny afternoon.,I remember a man in a blue coat walking a dog in the countryside in Ireland on a sunny afternoon in December.,I remember a man in a blue coat walking a dog in the countryside in Ireland on a sunny afternoon in December on Christmas Day.
20191225_140357_000,LSC23-KIS06,I remember a man in a blue coat walking a dog.,I remember a man in a blue coat walking a dog in the countryside.,I remember a man in a blue coat walking a dog in the countryside in Ireland.,I remember a man in a blue coat walking a dog in the countryside in Ireland on a sunny afternoon.,I remember a man in a blue coat walking a dog in the countryside in Ireland on a sunny afternoon in December.,I remember a man in a blue coat walking a dog in the countryside in Ireland on a sunny afternoon in December on Christmas Day.
20191225_140419_000,LSC23-KIS06,I remember a man in a blue coat walking a dog.,I remember a man in a blue coat walking a dog in the countryside.,I remember a man in a blue coat walking a dog in the countryside in Ireland.,I remember a man in a blue coat walking a dog in the countryside in Ireland on a sunny afternoon.,I remember a man in a blue coat walking a dog in the countryside in Ireland on a sunny afternoon in December.,I remember a man in a blue coat walking a dog in the countryside in Ireland on a sunny afternoon in December on Christmas Day.
20191225_140441_000,LSC23-KIS06,I remember a man in a blue coat walking a dog.,I remember a man in a blue coat walking a dog in the countryside.,I remember a man in a blue coat walking a dog in the countryside in Ireland.,I remember a man in a blue coat walking a dog in the countryside in Ireland on a sunny afternoon.,I remember a man in a blue coat walking a dog in the countryside in Ireland on a sunny afternoon in December.,I remember a man in a blue coat walking a dog in the countryside in Ireland on a sunny afternoon in December on Christmas Day.
20191225_140503_000,LSC23-KIS06,I remember a man in a blue coat walking a dog.,I remember a man in a blue coat walking a dog in the countryside.,I remember a man in a blue coat walking a dog in the countryside in Ireland.,I remember a man in a blue coat walking a dog in the countryside in Ireland on a sunny afternoon.,I remember a man in a blue coat walking a dog in the countryside in Ireland on a sunny afternoon in December.,I remember a man in a blue coat walking a dog in the countryside in Ireland on a sunny afternoon in December on Christmas Day.
20190415_095958_000,LSC23-KIS07,"At a hungry lunchtime, I was eating sandwiches with small tomatoes on top. ","At a hungry lunchtime, I was eating sandwiches with small tomatoes on top. The tomatoes were held in place with sticks. ","At a hungry lunchtime, I was eating sandwiches with small tomatoes on top. The tomatoes were held in place with sticks. I think they were chicken sandwiches and there were also small hamburgers .","At a hungry lunchtime, I was eating sandwiches with small tomatoes on top. The tomatoes were held in place with sticks. I think they were chicken sandwiches and there were also small hamburgers. I was eating with someone wearing a stripey sweater","At a hungry lunchtime, I was eating sandwiches with small tomatoes on top. The tomatoes were held in place with sticks. I think they were chicken sandwiches and there were also small hamburgers. I was eating with someone wearing a stripey sweater who was sitting in front of a large plant (probably a fake one). ","At a hungry lunchtime, I was eating sandwiches with small tomatoes on top. The tomatoes were held in place with sticks. I think they were chicken sandwiches and there were also small hamburgers. I was eating with someone wearing a stripey sweater who was sitting in front of a large plant (probably a fake one). After eating, we went straight back to meetings in a meeting room."
20190415_100030_000,LSC23-KIS07,"At a hungry lunchtime, I was eating sandwiches with small tomatoes on top. ","At a hungry lunchtime, I was eating sandwiches with small tomatoes on top. The tomatoes were held in place with sticks. ","At a hungry lunchtime, I was eating sandwiches with small tomatoes on top. The tomatoes were held in place with sticks. I think they were chicken sandwiches and there were also small hamburgers .","At a hungry lunchtime, I was eating sandwiches with small tomatoes on top. The tomatoes were held in place with sticks. I think they were chicken sandwiches and there were also small hamburgers. I was eating with someone wearing a stripey sweater","At a hungry lunchtime, I was eating sandwiches with small tomatoes on top. The tomatoes were held in place with sticks. I think they were chicken sandwiches and there were also small hamburgers. I was eating with someone wearing a stripey sweater who was sitting in front of a large plant (probably a fake one). ","At a hungry lunchtime, I was eating sandwiches with small tomatoes on top. The tomatoes were held in place with sticks. I think they were chicken sandwiches and there were also small hamburgers. I was eating with someone wearing a stripey sweater who was sitting in front of a large plant (probably a fake one). After eating, we went straight back to meetings in a meeting room."
20190415_100102_000,LSC23-KIS07,"At a hungry lunchtime, I was eating sandwiches with small tomatoes on top. ","At a hungry lunchtime, I was eating sandwiches with small tomatoes on top. The tomatoes were held in place with sticks. ","At a hungry lunchtime, I was eating sandwiches with small tomatoes on top. The tomatoes were held in place with sticks. I think they were chicken sandwiches and there were also small hamburgers .","At a hungry lunchtime, I was eating sandwiches with small tomatoes on top. The tomatoes were held in place with sticks. I think they were chicken sandwiches and there were also small hamburgers. I was eating with someone wearing a stripey sweater","At a hungry lunchtime, I was eating sandwiches with small tomatoes on top. The tomatoes were held in place with sticks. I think they were chicken sandwiches and there were also small hamburgers. I was eating with someone wearing a stripey sweater who was sitting in front of a large plant (probably a fake one). ","At a hungry lunchtime, I was eating sandwiches with small tomatoes on top. The tomatoes were held in place with sticks. I think they were chicken sandwiches and there were also small hamburgers. I was eating with someone wearing a stripey sweater who was sitting in front of a large plant (probably a fake one). After eating, we went straight back to meetings in a meeting room."
20190415_100134_000,LSC23-KIS07,"At a hungry lunchtime, I was eating sandwiches with small tomatoes on top. ","At a hungry lunchtime, I was eating sandwiches with small tomatoes on top. The tomatoes were held in place with sticks. ","At a hungry lunchtime, I was eating sandwiches with small tomatoes on top. The tomatoes were held in place with sticks. I think they were chicken sandwiches and there were also small hamburgers .","At a hungry lunchtime, I was eating sandwiches with small tomatoes on top. The tomatoes were held in place with sticks. I think they were chicken sandwiches and there were also small hamburgers. I was eating with someone wearing a stripey sweater","At a hungry lunchtime, I was eating sandwiches with small tomatoes on top. The tomatoes were held in place with sticks. I think they were chicken sandwiches and there were also small hamburgers. I was eating with someone wearing a stripey sweater who was sitting in front of a large plant (probably a fake one). ","At a hungry lunchtime, I was eating sandwiches with small tomatoes on top. The tomatoes were held in place with sticks. I think they were chicken sandwiches and there were also small hamburgers. I was eating with someone wearing a stripey sweater who was sitting in front of a large plant (probably a fake one). After eating, we went straight back to meetings in a meeting room."
20190415_100206_000,LSC23-KIS07,"At a hungry lunchtime, I was eating sandwiches with small tomatoes on top. ","At a hungry lunchtime, I was eating sandwiches with small tomatoes on top. The tomatoes were held in place with sticks. ","At a hungry lunchtime, I was eating sandwiches with small tomatoes on top. The tomatoes were held in place with sticks. I think they were chicken sandwiches and there were also small hamburgers .","At a hungry lunchtime, I was eating sandwiches with small tomatoes on top. The tomatoes were held in place with sticks. I think they were chicken sandwiches and there were also small hamburgers. I was eating with someone wearing a stripey sweater","At a hungry lunchtime, I was eating sandwiches with small tomatoes on top. The tomatoes were held in place with sticks. I think they were chicken sandwiches and there were also small hamburgers. I was eating with someone wearing a stripey sweater who was sitting in front of a large plant (probably a fake one). ","At a hungry lunchtime, I was eating sandwiches with small tomatoes on top. The tomatoes were held in place with sticks. I think they were chicken sandwiches and there were also small hamburgers. I was eating with someone wearing a stripey sweater who was sitting in front of a large plant (probably a fake one). After eating, we went straight back to meetings in a meeting room."
20190415_100238_000,LSC23-KIS07,"At a hungry lunchtime, I was eating sandwiches with small tomatoes on top. ","At a hungry lunchtime, I was eating sandwiches with small tomatoes on top. The tomatoes were held in place with sticks. ","At a hungry lunchtime, I was eating sandwiches with small tomatoes on top. The tomatoes were held in place with sticks. I think they were chicken sandwiches and there were also small hamburgers .","At a hungry lunchtime, I was eating sandwiches with small tomatoes on top. The tomatoes were held in place with sticks. I think they were chicken sandwiches and there were also small hamburgers. I was eating with someone wearing a stripey sweater","At a hungry lunchtime, I was eating sandwiches with small tomatoes on top. The tomatoes were held in place with sticks. I think they were chicken sandwiches and there were also small hamburgers. I was eating with someone wearing a stripey sweater who was sitting in front of a large plant (probably a fake one). ","At a hungry lunchtime, I was eating sandwiches with small tomatoes on top. The tomatoes were held in place with sticks. I think they were chicken sandwiches and there were also small hamburgers. I was eating with someone wearing a stripey sweater who was sitting in front of a large plant (probably a fake one). After eating, we went straight back to meetings in a meeting room."
20190415_100310_000,LSC23-KIS07,"At a hungry lunchtime, I was eating sandwiches with small tomatoes on top. ","At a hungry lunchtime, I was eating sandwiches with small tomatoes on top. The tomatoes were held in place with sticks. ","At a hungry lunchtime, I was eating sandwiches with small tomatoes on top. The tomatoes were held in place with sticks. I think they were chicken sandwiches and there were also small hamburgers .","At a hungry lunchtime, I was eating sandwiches with small tomatoes on top. The tomatoes were held in place with sticks. I think they were chicken sandwiches and there were also small hamburgers. I was eating with someone wearing a stripey sweater","At a hungry lunchtime, I was eating sandwiches with small tomatoes on top. The tomatoes were held in place with sticks. I think they were chicken sandwiches and there were also small hamburgers. I was eating with someone wearing a stripey sweater who was sitting in front of a large plant (probably a fake one). ","At a hungry lunchtime, I was eating sandwiches with small tomatoes on top. The tomatoes were held in place with sticks. I think they were chicken sandwiches and there were also small hamburgers. I was eating with someone wearing a stripey sweater who was sitting in front of a large plant (probably a fake one). After eating, we went straight back to meetings in a meeting room."
20190415_100342_000,LSC23-KIS07,"At a hungry lunchtime, I was eating sandwiches with small tomatoes on top. ","At a hungry lunchtime, I was eating sandwiches with small tomatoes on top. The tomatoes were held in place with sticks. ","At a hungry lunchtime, I was eating sandwiches with small tomatoes on top. The tomatoes were held in place with sticks. I think they were chicken sandwiches and there were also small hamburgers .","At a hungry lunchtime, I was eating sandwiches with small tomatoes on top. The tomatoes were held in place with sticks. I think they were chicken sandwiches and there were also small hamburgers. I was eating with someone wearing a stripey sweater","At a hungry lunchtime, I was eating sandwiches with small tomatoes on top. The tomatoes were held in place with sticks. I think they were chicken sandwiches and there were also small hamburgers. I was eating with someone wearing a stripey sweater who was sitting in front of a large plant (probably a fake one). ","At a hungry lunchtime, I was eating sandwiches with small tomatoes on top. The tomatoes were held in place with sticks. I think they were chicken sandwiches and there were also small hamburgers. I was eating with someone wearing a stripey sweater who was sitting in front of a large plant (probably a fake one). After eating, we went straight back to meetings in a meeting room."
20190415_100414_000,LSC23-KIS07,"At a hungry lunchtime, I was eating sandwiches with small tomatoes on top. ","At a hungry lunchtime, I was eating sandwiches with small tomatoes on top. The tomatoes were held in place with sticks. ","At a hungry lunchtime, I was eating sandwiches with small tomatoes on top. The tomatoes were held in place with sticks. I think they were chicken sandwiches and there were also small hamburgers .","At a hungry lunchtime, I was eating sandwiches with small tomatoes on top. The tomatoes were held in place with sticks. I think they were chicken sandwiches and there were also small hamburgers. I was eating with someone wearing a stripey sweater","At a hungry lunchtime, I was eating sandwiches with small tomatoes on top. The tomatoes were held in place with sticks. I think they were chicken sandwiches and there were also small hamburgers. I was eating with someone wearing a stripey sweater who was sitting in front of a large plant (probably a fake one). ","At a hungry lunchtime, I was eating sandwiches with small tomatoes on top. The tomatoes were held in place with sticks. I think they were chicken sandwiches and there were also small hamburgers. I was eating with someone wearing a stripey sweater who was sitting in front of a large plant (probably a fake one). After eating, we went straight back to meetings in a meeting room."
20190415_100446_000,LSC23-KIS07,"At a hungry lunchtime, I was eating sandwiches with small tomatoes on top. ","At a hungry lunchtime, I was eating sandwiches with small tomatoes on top. The tomatoes were held in place with sticks. ","At a hungry lunchtime, I was eating sandwiches with small tomatoes on top. The tomatoes were held in place with sticks. I think they were chicken sandwiches and there were also small hamburgers .","At a hungry lunchtime, I was eating sandwiches with small tomatoes on top. The tomatoes were held in place with sticks. I think they were chicken sandwiches and there were also small hamburgers. I was eating with someone wearing a stripey sweater","At a hungry lunchtime, I was eating sandwiches with small tomatoes on top. The tomatoes were held in place with sticks. I think they were chicken sandwiches and there were also small hamburgers. I was eating with someone wearing a stripey sweater who was sitting in front of a large plant (probably a fake one). ","At a hungry lunchtime, I was eating sandwiches with small tomatoes on top. The tomatoes were held in place with sticks. I think they were chicken sandwiches and there were also small hamburgers. I was eating with someone wearing a stripey sweater who was sitting in front of a large plant (probably a fake one). After eating, we went straight back to meetings in a meeting room."
20190415_100531_000,LSC23-KIS07,"At a hungry lunchtime, I was eating sandwiches with small tomatoes on top. ","At a hungry lunchtime, I was eating sandwiches with small tomatoes on top. The tomatoes were held in place with sticks. ","At a hungry lunchtime, I was eating sandwiches with small tomatoes on top. The tomatoes were held in place with sticks. I think they were chicken sandwiches and there were also small hamburgers .","At a hungry lunchtime, I was eating sandwiches with small tomatoes on top. The tomatoes were held in place with sticks. I think they were chicken sandwiches and there were also small hamburgers. I was eating with someone wearing a stripey sweater","At a hungry lunchtime, I was eating sandwiches with small tomatoes on top. The tomatoes were held in place with sticks. I think they were chicken sandwiches and there were also small hamburgers. I was eating with someone wearing a stripey sweater who was sitting in front of a large plant (probably a fake one). ","At a hungry lunchtime, I was eating sandwiches with small tomatoes on top. The tomatoes were held in place with sticks. I think they were chicken sandwiches and there were also small hamburgers. I was eating with someone wearing a stripey sweater who was sitting in front of a large plant (probably a fake one). After eating, we went straight back to meetings in a meeting room."
20190415_100603_000,LSC23-KIS07,"At a hungry lunchtime, I was eating sandwiches with small tomatoes on top. ","At a hungry lunchtime, I was eating sandwiches with small tomatoes on top. The tomatoes were held in place with sticks. ","At a hungry lunchtime, I was eating sandwiches with small tomatoes on top. The tomatoes were held in place with sticks. I think they were chicken sandwiches and there were also small hamburgers .","At a hungry lunchtime, I was eating sandwiches with small tomatoes on top. The tomatoes were held in place with sticks. I think they were chicken sandwiches and there were also small hamburgers. I was eating with someone wearing a stripey sweater","At a hungry lunchtime, I was eating sandwiches with small tomatoes on top. The tomatoes were held in place with sticks. I think they were chicken sandwiches and there were also small hamburgers. I was eating with someone wearing a stripey sweater who was sitting in front of a large plant (probably a fake one). ","At a hungry lunchtime, I was eating sandwiches with small tomatoes on top. The tomatoes were held in place with sticks. I think they were chicken sandwiches and there were also small hamburgers. I was eating with someone wearing a stripey sweater who was sitting in front of a large plant (probably a fake one). After eating, we went straight back to meetings in a meeting room."
20190415_100635_000,LSC23-KIS07,"At a hungry lunchtime, I was eating sandwiches with small tomatoes on top. ","At a hungry lunchtime, I was eating sandwiches with small tomatoes on top. The tomatoes were held in place with sticks. ","At a hungry lunchtime, I was eating sandwiches with small tomatoes on top. The tomatoes were held in place with sticks. I think they were chicken sandwiches and there were also small hamburgers .","At a hungry lunchtime, I was eating sandwiches with small tomatoes on top. The tomatoes were held in place with sticks. I think they were chicken sandwiches and there were also small hamburgers. I was eating with someone wearing a stripey sweater","At a hungry lunchtime, I was eating sandwiches with small tomatoes on top. The tomatoes were held in place with sticks. I think they were chicken sandwiches and there were also small hamburgers. I was eating with someone wearing a stripey sweater who was sitting in front of a large plant (probably a fake one). ","At a hungry lunchtime, I was eating sandwiches with small tomatoes on top. The tomatoes were held in place with sticks. I think they were chicken sandwiches and there were also small hamburgers. I was eating with someone wearing a stripey sweater who was sitting in front of a large plant (probably a fake one). After eating, we went straight back to meetings in a meeting room."
20190415_100707_000,LSC23-KIS07,"At a hungry lunchtime, I was eating sandwiches with small tomatoes on top. ","At a hungry lunchtime, I was eating sandwiches with small tomatoes on top. The tomatoes were held in place with sticks. ","At a hungry lunchtime, I was eating sandwiches with small tomatoes on top. The tomatoes were held in place with sticks. I think they were chicken sandwiches and there were also small hamburgers .","At a hungry lunchtime, I was eating sandwiches with small tomatoes on top. The tomatoes were held in place with sticks. I think they were chicken sandwiches and there were also small hamburgers. I was eating with someone wearing a stripey sweater","At a hungry lunchtime, I was eating sandwiches with small tomatoes on top. The tomatoes were held in place with sticks. I think they were chicken sandwiches and there were also small hamburgers. I was eating with someone wearing a stripey sweater who was sitting in front of a large plant (probably a fake one). ","At a hungry lunchtime, I was eating sandwiches with small tomatoes on top. The tomatoes were held in place with sticks. I think they were chicken sandwiches and there were also small hamburgers. I was eating with someone wearing a stripey sweater who was sitting in front of a large plant (probably a fake one). After eating, we went straight back to meetings in a meeting room."
20190415_100739_000,LSC23-KIS07,"At a hungry lunchtime, I was eating sandwiches with small tomatoes on top. ","At a hungry lunchtime, I was eating sandwiches with small tomatoes on top. The tomatoes were held in place with sticks. ","At a hungry lunchtime, I was eating sandwiches with small tomatoes on top. The tomatoes were held in place with sticks. I think they were chicken sandwiches and there were also small hamburgers .","At a hungry lunchtime, I was eating sandwiches with small tomatoes on top. The tomatoes were held in place with sticks. I think they were chicken sandwiches and there were also small hamburgers. I was eating with someone wearing a stripey sweater","At a hungry lunchtime, I was eating sandwiches with small tomatoes on top. The tomatoes were held in place with sticks. I think they were chicken sandwiches and there were also small hamburgers. I was eating with someone wearing a stripey sweater who was sitting in front of a large plant (probably a fake one). ","At a hungry lunchtime, I was eating sandwiches with small tomatoes on top. The tomatoes were held in place with sticks. I think they were chicken sandwiches and there were also small hamburgers. I was eating with someone wearing a stripey sweater who was sitting in front of a large plant (probably a fake one). After eating, we went straight back to meetings in a meeting room."
20190415_100811_000,LSC23-KIS07,"At a hungry lunchtime, I was eating sandwiches with small tomatoes on top. ","At a hungry lunchtime, I was eating sandwiches with small tomatoes on top. The tomatoes were held in place with sticks. ","At a hungry lunchtime, I was eating sandwiches with small tomatoes on top. The tomatoes were held in place with sticks. I think they were chicken sandwiches and there were also small hamburgers .","At a hungry lunchtime, I was eating sandwiches with small tomatoes on top. The tomatoes were held in place with sticks. I think they were chicken sandwiches and there were also small hamburgers. I was eating with someone wearing a stripey sweater","At a hungry lunchtime, I was eating sandwiches with small tomatoes on top. The tomatoes were held in place with sticks. I think they were chicken sandwiches and there were also small hamburgers. I was eating with someone wearing a stripey sweater who was sitting in front of a large plant (probably a fake one). ","At a hungry lunchtime, I was eating sandwiches with small tomatoes on top. The tomatoes were held in place with sticks. I think they were chicken sandwiches and there were also small hamburgers. I was eating with someone wearing a stripey sweater who was sitting in front of a large plant (probably a fake one). After eating, we went straight back to meetings in a meeting room."
20190415_100843_000,LSC23-KIS07,"At a hungry lunchtime, I was eating sandwiches with small tomatoes on top. ","At a hungry lunchtime, I was eating sandwiches with small tomatoes on top. The tomatoes were held in place with sticks. ","At a hungry lunchtime, I was eating sandwiches with small tomatoes on top. The tomatoes were held in place with sticks. I think they were chicken sandwiches and there were also small hamburgers .","At a hungry lunchtime, I was eating sandwiches with small tomatoes on top. The tomatoes were held in place with sticks. I think they were chicken sandwiches and there were also small hamburgers. I was eating with someone wearing a stripey sweater","At a hungry lunchtime, I was eating sandwiches with small tomatoes on top. The tomatoes were held in place with sticks. I think they were chicken sandwiches and there were also small hamburgers. I was eating with someone wearing a stripey sweater who was sitting in front of a large plant (probably a fake one). ","At a hungry lunchtime, I was eating sandwiches with small tomatoes on top. The tomatoes were held in place with sticks. I think they were chicken sandwiches and there were also small hamburgers. I was eating with someone wearing a stripey sweater who was sitting in front of a large plant (probably a fake one). After eating, we went straight back to meetings in a meeting room."
20190415_100915_000,LSC23-KIS07,"At a hungry lunchtime, I was eating sandwiches with small tomatoes on top. ","At a hungry lunchtime, I was eating sandwiches with small tomatoes on top. The tomatoes were held in place with sticks. ","At a hungry lunchtime, I was eating sandwiches with small tomatoes on top. The tomatoes were held in place with sticks. I think they were chicken sandwiches and there were also small hamburgers .","At a hungry lunchtime, I was eating sandwiches with small tomatoes on top. The tomatoes were held in place with sticks. I think they were chicken sandwiches and there were also small hamburgers. I was eating with someone wearing a stripey sweater","At a hungry lunchtime, I was eating sandwiches with small tomatoes on top. The tomatoes were held in place with sticks. I think they were chicken sandwiches and there were also small hamburgers. I was eating with someone wearing a stripey sweater who was sitting in front of a large plant (probably a fake one). ","At a hungry lunchtime, I was eating sandwiches with small tomatoes on top. The tomatoes were held in place with sticks. I think they were chicken sandwiches and there were also small hamburgers. I was eating with someone wearing a stripey sweater who was sitting in front of a large plant (probably a fake one). After eating, we went straight back to meetings in a meeting room."
20190415_100947_000,LSC23-KIS07,"At a hungry lunchtime, I was eating sandwiches with small tomatoes on top. ","At a hungry lunchtime, I was eating sandwiches with small tomatoes on top. The tomatoes were held in place with sticks. ","At a hungry lunchtime, I was eating sandwiches with small tomatoes on top. The tomatoes were held in place with sticks. I think they were chicken sandwiches and there were also small hamburgers .","At a hungry lunchtime, I was eating sandwiches with small tomatoes on top. The tomatoes were held in place with sticks. I think they were chicken sandwiches and there were also small hamburgers. I was eating with someone wearing a stripey sweater","At a hungry lunchtime, I was eating sandwiches with small tomatoes on top. The tomatoes were held in place with sticks. I think they were chicken sandwiches and there were also small hamburgers. I was eating with someone wearing a stripey sweater who was sitting in front of a large plant (probably a fake one). ","At a hungry lunchtime, I was eating sandwiches with small tomatoes on top. The tomatoes were held in place with sticks. I think they were chicken sandwiches and there were also small hamburgers. I was eating with someone wearing a stripey sweater who was sitting in front of a large plant (probably a fake one). After eating, we went straight back to meetings in a meeting room."
20190415_101019_000,LSC23-KIS07,"At a hungry lunchtime, I was eating sandwiches with small tomatoes on top. ","At a hungry lunchtime, I was eating sandwiches with small tomatoes on top. The tomatoes were held in place with sticks. ","At a hungry lunchtime, I was eating sandwiches with small tomatoes on top. The tomatoes were held in place with sticks. I think they were chicken sandwiches and there were also small hamburgers .","At a hungry lunchtime, I was eating sandwiches with small tomatoes on top. The tomatoes were held in place with sticks. I think they were chicken sandwiches and there were also small hamburgers. I was eating with someone wearing a stripey sweater","At a hungry lunchtime, I was eating sandwiches with small tomatoes on top. The tomatoes were held in place with sticks. I think they were chicken sandwiches and there were also small hamburgers. I was eating with someone wearing a stripey sweater who was sitting in front of a large plant (probably a fake one). ","At a hungry lunchtime, I was eating sandwiches with small tomatoes on top. The tomatoes were held in place with sticks. I think they were chicken sandwiches and there were also small hamburgers. I was eating with someone wearing a stripey sweater who was sitting in front of a large plant (probably a fake one). After eating, we went straight back to meetings in a meeting room."
20190415_101051_000,LSC23-KIS07,"At a hungry lunchtime, I was eating sandwiches with small tomatoes on top. ","At a hungry lunchtime, I was eating sandwiches with small tomatoes on top. The tomatoes were held in place with sticks. ","At a hungry lunchtime, I was eating sandwiches with small tomatoes on top. The tomatoes were held in place with sticks. I think they were chicken sandwiches and there were also small hamburgers .","At a hungry lunchtime, I was eating sandwiches with small tomatoes on top. The tomatoes were held in place with sticks. I think they were chicken sandwiches and there were also small hamburgers. I was eating with someone wearing a stripey sweater","At a hungry lunchtime, I was eating sandwiches with small tomatoes on top. The tomatoes were held in place with sticks. I think they were chicken sandwiches and there were also small hamburgers. I was eating with someone wearing a stripey sweater who was sitting in front of a large plant (probably a fake one). ","At a hungry lunchtime, I was eating sandwiches with small tomatoes on top. The tomatoes were held in place with sticks. I think they were chicken sandwiches and there were also small hamburgers. I was eating with someone wearing a stripey sweater who was sitting in front of a large plant (probably a fake one). After eating, we went straight back to meetings in a meeting room."
20190415_101123_000,LSC23-KIS07,"At a hungry lunchtime, I was eating sandwiches with small tomatoes on top. ","At a hungry lunchtime, I was eating sandwiches with small tomatoes on top. The tomatoes were held in place with sticks. ","At a hungry lunchtime, I was eating sandwiches with small tomatoes on top. The tomatoes were held in place with sticks. I think they were chicken sandwiches and there were also small hamburgers .","At a hungry lunchtime, I was eating sandwiches with small tomatoes on top. The tomatoes were held in place with sticks. I think they were chicken sandwiches and there were also small hamburgers. I was eating with someone wearing a stripey sweater","At a hungry lunchtime, I was eating sandwiches with small tomatoes on top. The tomatoes were held in place with sticks. I think they were chicken sandwiches and there were also small hamburgers. I was eating with someone wearing a stripey sweater who was sitting in front of a large plant (probably a fake one). ","At a hungry lunchtime, I was eating sandwiches with small tomatoes on top. The tomatoes were held in place with sticks. I think they were chicken sandwiches and there were also small hamburgers. I was eating with someone wearing a stripey sweater who was sitting in front of a large plant (probably a fake one). After eating, we went straight back to meetings in a meeting room."
20190415_101155_000,LSC23-KIS07,"At a hungry lunchtime, I was eating sandwiches with small tomatoes on top. ","At a hungry lunchtime, I was eating sandwiches with small tomatoes on top. The tomatoes were held in place with sticks. ","At a hungry lunchtime, I was eating sandwiches with small tomatoes on top. The tomatoes were held in place with sticks. I think they were chicken sandwiches and there were also small hamburgers .","At a hungry lunchtime, I was eating sandwiches with small tomatoes on top. The tomatoes were held in place with sticks. I think they were chicken sandwiches and there were also small hamburgers. I was eating with someone wearing a stripey sweater","At a hungry lunchtime, I was eating sandwiches with small tomatoes on top. The tomatoes were held in place with sticks. I think they were chicken sandwiches and there were also small hamburgers. I was eating with someone wearing a stripey sweater who was sitting in front of a large plant (probably a fake one). ","At a hungry lunchtime, I was eating sandwiches with small tomatoes on top. The tomatoes were held in place with sticks. I think they were chicken sandwiches and there were also small hamburgers. I was eating with someone wearing a stripey sweater who was sitting in front of a large plant (probably a fake one). After eating, we went straight back to meetings in a meeting room."
20190415_101227_000,LSC23-KIS07,"At a hungry lunchtime, I was eating sandwiches with small tomatoes on top. ","At a hungry lunchtime, I was eating sandwiches with small tomatoes on top. The tomatoes were held in place with sticks. ","At a hungry lunchtime, I was eating sandwiches with small tomatoes on top. The tomatoes were held in place with sticks. I think they were chicken sandwiches and there were also small hamburgers .","At a hungry lunchtime, I was eating sandwiches with small tomatoes on top. The tomatoes were held in place with sticks. I think they were chicken sandwiches and there were also small hamburgers. I was eating with someone wearing a stripey sweater","At a hungry lunchtime, I was eating sandwiches with small tomatoes on top. The tomatoes were held in place with sticks. I think they were chicken sandwiches and there were also small hamburgers. I was eating with someone wearing a stripey sweater who was sitting in front of a large plant (probably a fake one). ","At a hungry lunchtime, I was eating sandwiches with small tomatoes on top. The tomatoes were held in place with sticks. I think they were chicken sandwiches and there were also small hamburgers. I was eating with someone wearing a stripey sweater who was sitting in front of a large plant (probably a fake one). After eating, we went straight back to meetings in a meeting room."
20190415_101259_000,LSC23-KIS07,"At a hungry lunchtime, I was eating sandwiches with small tomatoes on top. ","At a hungry lunchtime, I was eating sandwiches with small tomatoes on top. The tomatoes were held in place with sticks. ","At a hungry lunchtime, I was eating sandwiches with small tomatoes on top. The tomatoes were held in place with sticks. I think they were chicken sandwiches and there were also small hamburgers .","At a hungry lunchtime, I was eating sandwiches with small tomatoes on top. The tomatoes were held in place with sticks. I think they were chicken sandwiches and there were also small hamburgers. I was eating with someone wearing a stripey sweater","At a hungry lunchtime, I was eating sandwiches with small tomatoes on top. The tomatoes were held in place with sticks. I think they were chicken sandwiches and there were also small hamburgers. I was eating with someone wearing a stripey sweater who was sitting in front of a large plant (probably a fake one). ","At a hungry lunchtime, I was eating sandwiches with small tomatoes on top. The tomatoes were held in place with sticks. I think they were chicken sandwiches and there were also small hamburgers. I was eating with someone wearing a stripey sweater who was sitting in front of a large plant (probably a fake one). After eating, we went straight back to meetings in a meeting room."
20190415_101331_000,LSC23-KIS07,"At a hungry lunchtime, I was eating sandwiches with small tomatoes on top. ","At a hungry lunchtime, I was eating sandwiches with small tomatoes on top. The tomatoes were held in place with sticks. ","At a hungry lunchtime, I was eating sandwiches with small tomatoes on top. The tomatoes were held in place with sticks. I think they were chicken sandwiches and there were also small hamburgers .","At a hungry lunchtime, I was eating sandwiches with small tomatoes on top. The tomatoes were held in place with sticks. I think they were chicken sandwiches and there were also small hamburgers. I was eating with someone wearing a stripey sweater","At a hungry lunchtime, I was eating sandwiches with small tomatoes on top. The tomatoes were held in place with sticks. I think they were chicken sandwiches and there were also small hamburgers. I was eating with someone wearing a stripey sweater who was sitting in front of a large plant (probably a fake one). ","At a hungry lunchtime, I was eating sandwiches with small tomatoes on top. The tomatoes were held in place with sticks. I think they were chicken sandwiches and there were also small hamburgers. I was eating with someone wearing a stripey sweater who was sitting in front of a large plant (probably a fake one). After eating, we went straight back to meetings in a meeting room."
20190415_101403_000,LSC23-KIS07,"At a hungry lunchtime, I was eating sandwiches with small tomatoes on top. ","At a hungry lunchtime, I was eating sandwiches with small tomatoes on top. The tomatoes were held in place with sticks. ","At a hungry lunchtime, I was eating sandwiches with small tomatoes on top. The tomatoes were held in place with sticks. I think they were chicken sandwiches and there were also small hamburgers .","At a hungry lunchtime, I was eating sandwiches with small tomatoes on top. The tomatoes were held in place with sticks. I think they were chicken sandwiches and there were also small hamburgers. I was eating with someone wearing a stripey sweater","At a hungry lunchtime, I was eating sandwiches with small tomatoes on top. The tomatoes were held in place with sticks. I think they were chicken sandwiches and there were also small hamburgers. I was eating with someone wearing a stripey sweater who was sitting in front of a large plant (probably a fake one). ","At a hungry lunchtime, I was eating sandwiches with small tomatoes on top. The tomatoes were held in place with sticks. I think they were chicken sandwiches and there were also small hamburgers. I was eating with someone wearing a stripey sweater who was sitting in front of a large plant (probably a fake one). After eating, we went straight back to meetings in a meeting room."
20190415_101435_000,LSC23-KIS07,"At a hungry lunchtime, I was eating sandwiches with small tomatoes on top. ","At a hungry lunchtime, I was eating sandwiches with small tomatoes on top. The tomatoes were held in place with sticks. ","At a hungry lunchtime, I was eating sandwiches with small tomatoes on top. The tomatoes were held in place with sticks. I think they were chicken sandwiches and there were also small hamburgers .","At a hungry lunchtime, I was eating sandwiches with small tomatoes on top. The tomatoes were held in place with sticks. I think they were chicken sandwiches and there were also small hamburgers. I was eating with someone wearing a stripey sweater","At a hungry lunchtime, I was eating sandwiches with small tomatoes on top. The tomatoes were held in place with sticks. I think they were chicken sandwiches and there were also small hamburgers. I was eating with someone wearing a stripey sweater who was sitting in front of a large plant (probably a fake one). ","At a hungry lunchtime, I was eating sandwiches with small tomatoes on top. The tomatoes were held in place with sticks. I think they were chicken sandwiches and there were also small hamburgers. I was eating with someone wearing a stripey sweater who was sitting in front of a large plant (probably a fake one). After eating, we went straight back to meetings in a meeting room."
20190415_101507_000,LSC23-KIS07,"At a hungry lunchtime, I was eating sandwiches with small tomatoes on top. ","At a hungry lunchtime, I was eating sandwiches with small tomatoes on top. The tomatoes were held in place with sticks. ","At a hungry lunchtime, I was eating sandwiches with small tomatoes on top. The tomatoes were held in place with sticks. I think they were chicken sandwiches and there were also small hamburgers .","At a hungry lunchtime, I was eating sandwiches with small tomatoes on top. The tomatoes were held in place with sticks. I think they were chicken sandwiches and there were also small hamburgers. I was eating with someone wearing a stripey sweater","At a hungry lunchtime, I was eating sandwiches with small tomatoes on top. The tomatoes were held in place with sticks. I think they were chicken sandwiches and there were also small hamburgers. I was eating with someone wearing a stripey sweater who was sitting in front of a large plant (probably a fake one). ","At a hungry lunchtime, I was eating sandwiches with small tomatoes on top. The tomatoes were held in place with sticks. I think they were chicken sandwiches and there were also small hamburgers. I was eating with someone wearing a stripey sweater who was sitting in front of a large plant (probably a fake one). After eating, we went straight back to meetings in a meeting room."
20190415_101539_000,LSC23-KIS07,"At a hungry lunchtime, I was eating sandwiches with small tomatoes on top. ","At a hungry lunchtime, I was eating sandwiches with small tomatoes on top. The tomatoes were held in place with sticks. ","At a hungry lunchtime, I was eating sandwiches with small tomatoes on top. The tomatoes were held in place with sticks. I think they were chicken sandwiches and there were also small hamburgers .","At a hungry lunchtime, I was eating sandwiches with small tomatoes on top. The tomatoes were held in place with sticks. I think they were chicken sandwiches and there were also small hamburgers. I was eating with someone wearing a stripey sweater","At a hungry lunchtime, I was eating sandwiches with small tomatoes on top. The tomatoes were held in place with sticks. I think they were chicken sandwiches and there were also small hamburgers. I was eating with someone wearing a stripey sweater who was sitting in front of a large plant (probably a fake one). ","At a hungry lunchtime, I was eating sandwiches with small tomatoes on top. The tomatoes were held in place with sticks. I think they were chicken sandwiches and there were also small hamburgers. I was eating with someone wearing a stripey sweater who was sitting in front of a large plant (probably a fake one). After eating, we went straight back to meetings in a meeting room."
20190415_101611_000,LSC23-KIS07,"At a hungry lunchtime, I was eating sandwiches with small tomatoes on top. ","At a hungry lunchtime, I was eating sandwiches with small tomatoes on top. The tomatoes were held in place with sticks. ","At a hungry lunchtime, I was eating sandwiches with small tomatoes on top. The tomatoes were held in place with sticks. I think they were chicken sandwiches and there were also small hamburgers .","At a hungry lunchtime, I was eating sandwiches with small tomatoes on top. The tomatoes were held in place with sticks. I think they were chicken sandwiches and there were also small hamburgers. I was eating with someone wearing a stripey sweater","At a hungry lunchtime, I was eating sandwiches with small tomatoes on top. The tomatoes were held in place with sticks. I think they were chicken sandwiches and there were also small hamburgers. I was eating with someone wearing a stripey sweater who was sitting in front of a large plant (probably a fake one). ","At a hungry lunchtime, I was eating sandwiches with small tomatoes on top. The tomatoes were held in place with sticks. I think they were chicken sandwiches and there were also small hamburgers. I was eating with someone wearing a stripey sweater who was sitting in front of a large plant (probably a fake one). After eating, we went straight back to meetings in a meeting room."
20190415_101643_000,LSC23-KIS07,"At a hungry lunchtime, I was eating sandwiches with small tomatoes on top. ","At a hungry lunchtime, I was eating sandwiches with small tomatoes on top. The tomatoes were held in place with sticks. ","At a hungry lunchtime, I was eating sandwiches with small tomatoes on top. The tomatoes were held in place with sticks. I think they were chicken sandwiches and there were also small hamburgers .","At a hungry lunchtime, I was eating sandwiches with small tomatoes on top. The tomatoes were held in place with sticks. I think they were chicken sandwiches and there were also small hamburgers. I was eating with someone wearing a stripey sweater","At a hungry lunchtime, I was eating sandwiches with small tomatoes on top. The tomatoes were held in place with sticks. I think they were chicken sandwiches and there were also small hamburgers. I was eating with someone wearing a stripey sweater who was sitting in front of a large plant (probably a fake one). ","At a hungry lunchtime, I was eating sandwiches with small tomatoes on top. The tomatoes were held in place with sticks. I think they were chicken sandwiches and there were also small hamburgers. I was eating with someone wearing a stripey sweater who was sitting in front of a large plant (probably a fake one). After eating, we went straight back to meetings in a meeting room."
20190415_101715_000,LSC23-KIS07,"At a hungry lunchtime, I was eating sandwiches with small tomatoes on top. ","At a hungry lunchtime, I was eating sandwiches with small tomatoes on top. The tomatoes were held in place with sticks. ","At a hungry lunchtime, I was eating sandwiches with small tomatoes on top. The tomatoes were held in place with sticks. I think they were chicken sandwiches and there were also small hamburgers .","At a hungry lunchtime, I was eating sandwiches with small tomatoes on top. The tomatoes were held in place with sticks. I think they were chicken sandwiches and there were also small hamburgers. I was eating with someone wearing a stripey sweater","At a hungry lunchtime, I was eating sandwiches with small tomatoes on top. The tomatoes were held in place with sticks. I think they were chicken sandwiches and there were also small hamburgers. I was eating with someone wearing a stripey sweater who was sitting in front of a large plant (probably a fake one). ","At a hungry lunchtime, I was eating sandwiches with small tomatoes on top. The tomatoes were held in place with sticks. I think they were chicken sandwiches and there were also small hamburgers. I was eating with someone wearing a stripey sweater who was sitting in front of a large plant (probably a fake one). After eating, we went straight back to meetings in a meeting room."
20190415_101747_000,LSC23-KIS07,"At a hungry lunchtime, I was eating sandwiches with small tomatoes on top. ","At a hungry lunchtime, I was eating sandwiches with small tomatoes on top. The tomatoes were held in place with sticks. ","At a hungry lunchtime, I was eating sandwiches with small tomatoes on top. The tomatoes were held in place with sticks. I think they were chicken sandwiches and there were also small hamburgers .","At a hungry lunchtime, I was eating sandwiches with small tomatoes on top. The tomatoes were held in place with sticks. I think they were chicken sandwiches and there were also small hamburgers. I was eating with someone wearing a stripey sweater","At a hungry lunchtime, I was eating sandwiches with small tomatoes on top. The tomatoes were held in place with sticks. I think they were chicken sandwiches and there were also small hamburgers. I was eating with someone wearing a stripey sweater who was sitting in front of a large plant (probably a fake one). ","At a hungry lunchtime, I was eating sandwiches with small tomatoes on top. The tomatoes were held in place with sticks. I think they were chicken sandwiches and there were also small hamburgers. I was eating with someone wearing a stripey sweater who was sitting in front of a large plant (probably a fake one). After eating, we went straight back to meetings in a meeting room."
20190415_101851_000,LSC23-KIS07,"At a hungry lunchtime, I was eating sandwiches with small tomatoes on top. ","At a hungry lunchtime, I was eating sandwiches with small tomatoes on top. The tomatoes were held in place with sticks. ","At a hungry lunchtime, I was eating sandwiches with small tomatoes on top. The tomatoes were held in place with sticks. I think they were chicken sandwiches and there were also small hamburgers .","At a hungry lunchtime, I was eating sandwiches with small tomatoes on top. The tomatoes were held in place with sticks. I think they were chicken sandwiches and there were also small hamburgers. I was eating with someone wearing a stripey sweater","At a hungry lunchtime, I was eating sandwiches with small tomatoes on top. The tomatoes were held in place with sticks. I think they were chicken sandwiches and there were also small hamburgers. I was eating with someone wearing a stripey sweater who was sitting in front of a large plant (probably a fake one). ","At a hungry lunchtime, I was eating sandwiches with small tomatoes on top. The tomatoes were held in place with sticks. I think they were chicken sandwiches and there were also small hamburgers. I was eating with someone wearing a stripey sweater who was sitting in front of a large plant (probably a fake one). After eating, we went straight back to meetings in a meeting room."
20190415_101923_000,LSC23-KIS07,"At a hungry lunchtime, I was eating sandwiches with small tomatoes on top. ","At a hungry lunchtime, I was eating sandwiches with small tomatoes on top. The tomatoes were held in place with sticks. ","At a hungry lunchtime, I was eating sandwiches with small tomatoes on top. The tomatoes were held in place with sticks. I think they were chicken sandwiches and there were also small hamburgers .","At a hungry lunchtime, I was eating sandwiches with small tomatoes on top. The tomatoes were held in place with sticks. I think they were chicken sandwiches and there were also small hamburgers. I was eating with someone wearing a stripey sweater","At a hungry lunchtime, I was eating sandwiches with small tomatoes on top. The tomatoes were held in place with sticks. I think they were chicken sandwiches and there were also small hamburgers. I was eating with someone wearing a stripey sweater who was sitting in front of a large plant (probably a fake one). ","At a hungry lunchtime, I was eating sandwiches with small tomatoes on top. The tomatoes were held in place with sticks. I think they were chicken sandwiches and there were also small hamburgers. I was eating with someone wearing a stripey sweater who was sitting in front of a large plant (probably a fake one). After eating, we went straight back to meetings in a meeting room."
20190415_101955_000,LSC23-KIS07,"At a hungry lunchtime, I was eating sandwiches with small tomatoes on top. ","At a hungry lunchtime, I was eating sandwiches with small tomatoes on top. The tomatoes were held in place with sticks. ","At a hungry lunchtime, I was eating sandwiches with small tomatoes on top. The tomatoes were held in place with sticks. I think they were chicken sandwiches and there were also small hamburgers .","At a hungry lunchtime, I was eating sandwiches with small tomatoes on top. The tomatoes were held in place with sticks. I think they were chicken sandwiches and there were also small hamburgers. I was eating with someone wearing a stripey sweater","At a hungry lunchtime, I was eating sandwiches with small tomatoes on top. The tomatoes were held in place with sticks. I think they were chicken sandwiches and there were also small hamburgers. I was eating with someone wearing a stripey sweater who was sitting in front of a large plant (probably a fake one). ","At a hungry lunchtime, I was eating sandwiches with small tomatoes on top. The tomatoes were held in place with sticks. I think they were chicken sandwiches and there were also small hamburgers. I was eating with someone wearing a stripey sweater who was sitting in front of a large plant (probably a fake one). After eating, we went straight back to meetings in a meeting room."
20190415_102027_000,LSC23-KIS07,"At a hungry lunchtime, I was eating sandwiches with small tomatoes on top. ","At a hungry lunchtime, I was eating sandwiches with small tomatoes on top. The tomatoes were held in place with sticks. ","At a hungry lunchtime, I was eating sandwiches with small tomatoes on top. The tomatoes were held in place with sticks. I think they were chicken sandwiches and there were also small hamburgers .","At a hungry lunchtime, I was eating sandwiches with small tomatoes on top. The tomatoes were held in place with sticks. I think they were chicken sandwiches and there were also small hamburgers. I was eating with someone wearing a stripey sweater","At a hungry lunchtime, I was eating sandwiches with small tomatoes on top. The tomatoes were held in place with sticks. I think they were chicken sandwiches and there were also small hamburgers. I was eating with someone wearing a stripey sweater who was sitting in front of a large plant (probably a fake one). ","At a hungry lunchtime, I was eating sandwiches with small tomatoes on top. The tomatoes were held in place with sticks. I think they were chicken sandwiches and there were also small hamburgers. I was eating with someone wearing a stripey sweater who was sitting in front of a large plant (probably a fake one). After eating, we went straight back to meetings in a meeting room."
20190415_102059_000,LSC23-KIS07,"At a hungry lunchtime, I was eating sandwiches with small tomatoes on top. ","At a hungry lunchtime, I was eating sandwiches with small tomatoes on top. The tomatoes were held in place with sticks. ","At a hungry lunchtime, I was eating sandwiches with small tomatoes on top. The tomatoes were held in place with sticks. I think they were chicken sandwiches and there were also small hamburgers .","At a hungry lunchtime, I was eating sandwiches with small tomatoes on top. The tomatoes were held in place with sticks. I think they were chicken sandwiches and there were also small hamburgers. I was eating with someone wearing a stripey sweater","At a hungry lunchtime, I was eating sandwiches with small tomatoes on top. The tomatoes were held in place with sticks. I think they were chicken sandwiches and there were also small hamburgers. I was eating with someone wearing a stripey sweater who was sitting in front of a large plant (probably a fake one). ","At a hungry lunchtime, I was eating sandwiches with small tomatoes on top. The tomatoes were held in place with sticks. I think they were chicken sandwiches and there were also small hamburgers. I was eating with someone wearing a stripey sweater who was sitting in front of a large plant (probably a fake one). After eating, we went straight back to meetings in a meeting room."
20190415_102131_000,LSC23-KIS07,"At a hungry lunchtime, I was eating sandwiches with small tomatoes on top. ","At a hungry lunchtime, I was eating sandwiches with small tomatoes on top. The tomatoes were held in place with sticks. ","At a hungry lunchtime, I was eating sandwiches with small tomatoes on top. The tomatoes were held in place with sticks. I think they were chicken sandwiches and there were also small hamburgers .","At a hungry lunchtime, I was eating sandwiches with small tomatoes on top. The tomatoes were held in place with sticks. I think they were chicken sandwiches and there were also small hamburgers. I was eating with someone wearing a stripey sweater","At a hungry lunchtime, I was eating sandwiches with small tomatoes on top. The tomatoes were held in place with sticks. I think they were chicken sandwiches and there were also small hamburgers. I was eating with someone wearing a stripey sweater who was sitting in front of a large plant (probably a fake one). ","At a hungry lunchtime, I was eating sandwiches with small tomatoes on top. The tomatoes were held in place with sticks. I think they were chicken sandwiches and there were also small hamburgers. I was eating with someone wearing a stripey sweater who was sitting in front of a large plant (probably a fake one). After eating, we went straight back to meetings in a meeting room."
20190415_102203_000,LSC23-KIS07,"At a hungry lunchtime, I was eating sandwiches with small tomatoes on top. ","At a hungry lunchtime, I was eating sandwiches with small tomatoes on top. The tomatoes were held in place with sticks. ","At a hungry lunchtime, I was eating sandwiches with small tomatoes on top. The tomatoes were held in place with sticks. I think they were chicken sandwiches and there were also small hamburgers .","At a hungry lunchtime, I was eating sandwiches with small tomatoes on top. The tomatoes were held in place with sticks. I think they were chicken sandwiches and there were also small hamburgers. I was eating with someone wearing a stripey sweater","At a hungry lunchtime, I was eating sandwiches with small tomatoes on top. The tomatoes were held in place with sticks. I think they were chicken sandwiches and there were also small hamburgers. I was eating with someone wearing a stripey sweater who was sitting in front of a large plant (probably a fake one). ","At a hungry lunchtime, I was eating sandwiches with small tomatoes on top. The tomatoes were held in place with sticks. I think they were chicken sandwiches and there were also small hamburgers. I was eating with someone wearing a stripey sweater who was sitting in front of a large plant (probably a fake one). After eating, we went straight back to meetings in a meeting room."
20190415_102235_000,LSC23-KIS07,"At a hungry lunchtime, I was eating sandwiches with small tomatoes on top. ","At a hungry lunchtime, I was eating sandwiches with small tomatoes on top. The tomatoes were held in place with sticks. ","At a hungry lunchtime, I was eating sandwiches with small tomatoes on top. The tomatoes were held in place with sticks. I think they were chicken sandwiches and there were also small hamburgers .","At a hungry lunchtime, I was eating sandwiches with small tomatoes on top. The tomatoes were held in place with sticks. I think they were chicken sandwiches and there were also small hamburgers. I was eating with someone wearing a stripey sweater","At a hungry lunchtime, I was eating sandwiches with small tomatoes on top. The tomatoes were held in place with sticks. I think they were chicken sandwiches and there were also small hamburgers. I was eating with someone wearing a stripey sweater who was sitting in front of a large plant (probably a fake one). ","At a hungry lunchtime, I was eating sandwiches with small tomatoes on top. The tomatoes were held in place with sticks. I think they were chicken sandwiches and there were also small hamburgers. I was eating with someone wearing a stripey sweater who was sitting in front of a large plant (probably a fake one). After eating, we went straight back to meetings in a meeting room."
20190415_102307_000,LSC23-KIS07,"At a hungry lunchtime, I was eating sandwiches with small tomatoes on top. ","At a hungry lunchtime, I was eating sandwiches with small tomatoes on top. The tomatoes were held in place with sticks. ","At a hungry lunchtime, I was eating sandwiches with small tomatoes on top. The tomatoes were held in place with sticks. I think they were chicken sandwiches and there were also small hamburgers .","At a hungry lunchtime, I was eating sandwiches with small tomatoes on top. The tomatoes were held in place with sticks. I think they were chicken sandwiches and there were also small hamburgers. I was eating with someone wearing a stripey sweater","At a hungry lunchtime, I was eating sandwiches with small tomatoes on top. The tomatoes were held in place with sticks. I think they were chicken sandwiches and there were also small hamburgers. I was eating with someone wearing a stripey sweater who was sitting in front of a large plant (probably a fake one). ","At a hungry lunchtime, I was eating sandwiches with small tomatoes on top. The tomatoes were held in place with sticks. I think they were chicken sandwiches and there were also small hamburgers. I was eating with someone wearing a stripey sweater who was sitting in front of a large plant (probably a fake one). After eating, we went straight back to meetings in a meeting room."
20190415_102339_000,LSC23-KIS07,"At a hungry lunchtime, I was eating sandwiches with small tomatoes on top. ","At a hungry lunchtime, I was eating sandwiches with small tomatoes on top. The tomatoes were held in place with sticks. ","At a hungry lunchtime, I was eating sandwiches with small tomatoes on top. The tomatoes were held in place with sticks. I think they were chicken sandwiches and there were also small hamburgers .","At a hungry lunchtime, I was eating sandwiches with small tomatoes on top. The tomatoes were held in place with sticks. I think they were chicken sandwiches and there were also small hamburgers. I was eating with someone wearing a stripey sweater","At a hungry lunchtime, I was eating sandwiches with small tomatoes on top. The tomatoes were held in place with sticks. I think they were chicken sandwiches and there were also small hamburgers. I was eating with someone wearing a stripey sweater who was sitting in front of a large plant (probably a fake one). ","At a hungry lunchtime, I was eating sandwiches with small tomatoes on top. The tomatoes were held in place with sticks. I think they were chicken sandwiches and there were also small hamburgers. I was eating with someone wearing a stripey sweater who was sitting in front of a large plant (probably a fake one). After eating, we went straight back to meetings in a meeting room."
20190415_102411_000,LSC23-KIS07,"At a hungry lunchtime, I was eating sandwiches with small tomatoes on top. ","At a hungry lunchtime, I was eating sandwiches with small tomatoes on top. The tomatoes were held in place with sticks. ","At a hungry lunchtime, I was eating sandwiches with small tomatoes on top. The tomatoes were held in place with sticks. I think they were chicken sandwiches and there were also small hamburgers .","At a hungry lunchtime, I was eating sandwiches with small tomatoes on top. The tomatoes were held in place with sticks. I think they were chicken sandwiches and there were also small hamburgers. I was eating with someone wearing a stripey sweater","At a hungry lunchtime, I was eating sandwiches with small tomatoes on top. The tomatoes were held in place with sticks. I think they were chicken sandwiches and there were also small hamburgers. I was eating with someone wearing a stripey sweater who was sitting in front of a large plant (probably a fake one). ","At a hungry lunchtime, I was eating sandwiches with small tomatoes on top. The tomatoes were held in place with sticks. I think they were chicken sandwiches and there were also small hamburgers. I was eating with someone wearing a stripey sweater who was sitting in front of a large plant (probably a fake one). After eating, we went straight back to meetings in a meeting room."
20190415_102443_000,LSC23-KIS07,"At a hungry lunchtime, I was eating sandwiches with small tomatoes on top. ","At a hungry lunchtime, I was eating sandwiches with small tomatoes on top. The tomatoes were held in place with sticks. ","At a hungry lunchtime, I was eating sandwiches with small tomatoes on top. The tomatoes were held in place with sticks. I think they were chicken sandwiches and there were also small hamburgers .","At a hungry lunchtime, I was eating sandwiches with small tomatoes on top. The tomatoes were held in place with sticks. I think they were chicken sandwiches and there were also small hamburgers. I was eating with someone wearing a stripey sweater","At a hungry lunchtime, I was eating sandwiches with small tomatoes on top. The tomatoes were held in place with sticks. I think they were chicken sandwiches and there were also small hamburgers. I was eating with someone wearing a stripey sweater who was sitting in front of a large plant (probably a fake one). ","At a hungry lunchtime, I was eating sandwiches with small tomatoes on top. The tomatoes were held in place with sticks. I think they were chicken sandwiches and there were also small hamburgers. I was eating with someone wearing a stripey sweater who was sitting in front of a large plant (probably a fake one). After eating, we went straight back to meetings in a meeting room."
20190415_102515_000,LSC23-KIS07,"At a hungry lunchtime, I was eating sandwiches with small tomatoes on top. ","At a hungry lunchtime, I was eating sandwiches with small tomatoes on top. The tomatoes were held in place with sticks. ","At a hungry lunchtime, I was eating sandwiches with small tomatoes on top. The tomatoes were held in place with sticks. I think they were chicken sandwiches and there were also small hamburgers .","At a hungry lunchtime, I was eating sandwiches with small tomatoes on top. The tomatoes were held in place with sticks. I think they were chicken sandwiches and there were also small hamburgers. I was eating with someone wearing a stripey sweater","At a hungry lunchtime, I was eating sandwiches with small tomatoes on top. The tomatoes were held in place with sticks. I think they were chicken sandwiches and there were also small hamburgers. I was eating with someone wearing a stripey sweater who was sitting in front of a large plant (probably a fake one). ","At a hungry lunchtime, I was eating sandwiches with small tomatoes on top. The tomatoes were held in place with sticks. I think they were chicken sandwiches and there were also small hamburgers. I was eating with someone wearing a stripey sweater who was sitting in front of a large plant (probably a fake one). After eating, we went straight back to meetings in a meeting room."
20190415_102600_000,LSC23-KIS07,"At a hungry lunchtime, I was eating sandwiches with small tomatoes on top. ","At a hungry lunchtime, I was eating sandwiches with small tomatoes on top. The tomatoes were held in place with sticks. ","At a hungry lunchtime, I was eating sandwiches with small tomatoes on top. The tomatoes were held in place with sticks. I think they were chicken sandwiches and there were also small hamburgers .","At a hungry lunchtime, I was eating sandwiches with small tomatoes on top. The tomatoes were held in place with sticks. I think they were chicken sandwiches and there were also small hamburgers. I was eating with someone wearing a stripey sweater","At a hungry lunchtime, I was eating sandwiches with small tomatoes on top. The tomatoes were held in place with sticks. I think they were chicken sandwiches and there were also small hamburgers. I was eating with someone wearing a stripey sweater who was sitting in front of a large plant (probably a fake one). ","At a hungry lunchtime, I was eating sandwiches with small tomatoes on top. The tomatoes were held in place with sticks. I think they were chicken sandwiches and there were also small hamburgers. I was eating with someone wearing a stripey sweater who was sitting in front of a large plant (probably a fake one). After eating, we went straight back to meetings in a meeting room."
20190415_102944_000,LSC23-KIS07,"At a hungry lunchtime, I was eating sandwiches with small tomatoes on top. ","At a hungry lunchtime, I was eating sandwiches with small tomatoes on top. The tomatoes were held in place with sticks. ","At a hungry lunchtime, I was eating sandwiches with small tomatoes on top. The tomatoes were held in place with sticks. I think they were chicken sandwiches and there were also small hamburgers .","At a hungry lunchtime, I was eating sandwiches with small tomatoes on top. The tomatoes were held in place with sticks. I think they were chicken sandwiches and there were also small hamburgers. I was eating with someone wearing a stripey sweater","At a hungry lunchtime, I was eating sandwiches with small tomatoes on top. The tomatoes were held in place with sticks. I think they were chicken sandwiches and there were also small hamburgers. I was eating with someone wearing a stripey sweater who was sitting in front of a large plant (probably a fake one). ","At a hungry lunchtime, I was eating sandwiches with small tomatoes on top. The tomatoes were held in place with sticks. I think they were chicken sandwiches and there were also small hamburgers. I was eating with someone wearing a stripey sweater who was sitting in front of a large plant (probably a fake one). After eating, we went straight back to meetings in a meeting room."
20190415_103016_000,LSC23-KIS07,"At a hungry lunchtime, I was eating sandwiches with small tomatoes on top. ","At a hungry lunchtime, I was eating sandwiches with small tomatoes on top. The tomatoes were held in place with sticks. ","At a hungry lunchtime, I was eating sandwiches with small tomatoes on top. The tomatoes were held in place with sticks. I think they were chicken sandwiches and there were also small hamburgers .","At a hungry lunchtime, I was eating sandwiches with small tomatoes on top. The tomatoes were held in place with sticks. I think they were chicken sandwiches and there were also small hamburgers. I was eating with someone wearing a stripey sweater","At a hungry lunchtime, I was eating sandwiches with small tomatoes on top. The tomatoes were held in place with sticks. I think they were chicken sandwiches and there were also small hamburgers. I was eating with someone wearing a stripey sweater who was sitting in front of a large plant (probably a fake one). ","At a hungry lunchtime, I was eating sandwiches with small tomatoes on top. The tomatoes were held in place with sticks. I think they were chicken sandwiches and there were also small hamburgers. I was eating with someone wearing a stripey sweater who was sitting in front of a large plant (probably a fake one). After eating, we went straight back to meetings in a meeting room."
20190415_103048_000,LSC23-KIS07,"At a hungry lunchtime, I was eating sandwiches with small tomatoes on top. ","At a hungry lunchtime, I was eating sandwiches with small tomatoes on top. The tomatoes were held in place with sticks. ","At a hungry lunchtime, I was eating sandwiches with small tomatoes on top. The tomatoes were held in place with sticks. I think they were chicken sandwiches and there were also small hamburgers .","At a hungry lunchtime, I was eating sandwiches with small tomatoes on top. The tomatoes were held in place with sticks. I think they were chicken sandwiches and there were also small hamburgers. I was eating with someone wearing a stripey sweater","At a hungry lunchtime, I was eating sandwiches with small tomatoes on top. The tomatoes were held in place with sticks. I think they were chicken sandwiches and there were also small hamburgers. I was eating with someone wearing a stripey sweater who was sitting in front of a large plant (probably a fake one). ","At a hungry lunchtime, I was eating sandwiches with small tomatoes on top. The tomatoes were held in place with sticks. I think they were chicken sandwiches and there were also small hamburgers. I was eating with someone wearing a stripey sweater who was sitting in front of a large plant (probably a fake one). After eating, we went straight back to meetings in a meeting room."
20190415_103120_000,LSC23-KIS07,"At a hungry lunchtime, I was eating sandwiches with small tomatoes on top. ","At a hungry lunchtime, I was eating sandwiches with small tomatoes on top. The tomatoes were held in place with sticks. ","At a hungry lunchtime, I was eating sandwiches with small tomatoes on top. The tomatoes were held in place with sticks. I think they were chicken sandwiches and there were also small hamburgers .","At a hungry lunchtime, I was eating sandwiches with small tomatoes on top. The tomatoes were held in place with sticks. I think they were chicken sandwiches and there were also small hamburgers. I was eating with someone wearing a stripey sweater","At a hungry lunchtime, I was eating sandwiches with small tomatoes on top. The tomatoes were held in place with sticks. I think they were chicken sandwiches and there were also small hamburgers. I was eating with someone wearing a stripey sweater who was sitting in front of a large plant (probably a fake one). ","At a hungry lunchtime, I was eating sandwiches with small tomatoes on top. The tomatoes were held in place with sticks. I think they were chicken sandwiches and there were also small hamburgers. I was eating with someone wearing a stripey sweater who was sitting in front of a large plant (probably a fake one). After eating, we went straight back to meetings in a meeting room."
20190415_103152_000,LSC23-KIS07,"At a hungry lunchtime, I was eating sandwiches with small tomatoes on top. ","At a hungry lunchtime, I was eating sandwiches with small tomatoes on top. The tomatoes were held in place with sticks. ","At a hungry lunchtime, I was eating sandwiches with small tomatoes on top. The tomatoes were held in place with sticks. I think they were chicken sandwiches and there were also small hamburgers .","At a hungry lunchtime, I was eating sandwiches with small tomatoes on top. The tomatoes were held in place with sticks. I think they were chicken sandwiches and there were also small hamburgers. I was eating with someone wearing a stripey sweater","At a hungry lunchtime, I was eating sandwiches with small tomatoes on top. The tomatoes were held in place with sticks. I think they were chicken sandwiches and there were also small hamburgers. I was eating with someone wearing a stripey sweater who was sitting in front of a large plant (probably a fake one). ","At a hungry lunchtime, I was eating sandwiches with small tomatoes on top. The tomatoes were held in place with sticks. I think they were chicken sandwiches and there were also small hamburgers. I was eating with someone wearing a stripey sweater who was sitting in front of a large plant (probably a fake one). After eating, we went straight back to meetings in a meeting room."
20190415_103224_000,LSC23-KIS07,"At a hungry lunchtime, I was eating sandwiches with small tomatoes on top. ","At a hungry lunchtime, I was eating sandwiches with small tomatoes on top. The tomatoes were held in place with sticks. ","At a hungry lunchtime, I was eating sandwiches with small tomatoes on top. The tomatoes were held in place with sticks. I think they were chicken sandwiches and there were also small hamburgers .","At a hungry lunchtime, I was eating sandwiches with small tomatoes on top. The tomatoes were held in place with sticks. I think they were chicken sandwiches and there were also small hamburgers. I was eating with someone wearing a stripey sweater","At a hungry lunchtime, I was eating sandwiches with small tomatoes on top. The tomatoes were held in place with sticks. I think they were chicken sandwiches and there were also small hamburgers. I was eating with someone wearing a stripey sweater who was sitting in front of a large plant (probably a fake one). ","At a hungry lunchtime, I was eating sandwiches with small tomatoes on top. The tomatoes were held in place with sticks. I think they were chicken sandwiches and there were also small hamburgers. I was eating with someone wearing a stripey sweater who was sitting in front of a large plant (probably a fake one). After eating, we went straight back to meetings in a meeting room."
20190415_103256_000,LSC23-KIS07,"At a hungry lunchtime, I was eating sandwiches with small tomatoes on top. ","At a hungry lunchtime, I was eating sandwiches with small tomatoes on top. The tomatoes were held in place with sticks. ","At a hungry lunchtime, I was eating sandwiches with small tomatoes on top. The tomatoes were held in place with sticks. I think they were chicken sandwiches and there were also small hamburgers .","At a hungry lunchtime, I was eating sandwiches with small tomatoes on top. The tomatoes were held in place with sticks. I think they were chicken sandwiches and there were also small hamburgers. I was eating with someone wearing a stripey sweater","At a hungry lunchtime, I was eating sandwiches with small tomatoes on top. The tomatoes were held in place with sticks. I think they were chicken sandwiches and there were also small hamburgers. I was eating with someone wearing a stripey sweater who was sitting in front of a large plant (probably a fake one). ","At a hungry lunchtime, I was eating sandwiches with small tomatoes on top. The tomatoes were held in place with sticks. I think they were chicken sandwiches and there were also small hamburgers. I was eating with someone wearing a stripey sweater who was sitting in front of a large plant (probably a fake one). After eating, we went straight back to meetings in a meeting room."
20190415_103328_000,LSC23-KIS07,"At a hungry lunchtime, I was eating sandwiches with small tomatoes on top. ","At a hungry lunchtime, I was eating sandwiches with small tomatoes on top. The tomatoes were held in place with sticks. ","At a hungry lunchtime, I was eating sandwiches with small tomatoes on top. The tomatoes were held in place with sticks. I think they were chicken sandwiches and there were also small hamburgers .","At a hungry lunchtime, I was eating sandwiches with small tomatoes on top. The tomatoes were held in place with sticks. I think they were chicken sandwiches and there were also small hamburgers. I was eating with someone wearing a stripey sweater","At a hungry lunchtime, I was eating sandwiches with small tomatoes on top. The tomatoes were held in place with sticks. I think they were chicken sandwiches and there were also small hamburgers. I was eating with someone wearing a stripey sweater who was sitting in front of a large plant (probably a fake one). ","At a hungry lunchtime, I was eating sandwiches with small tomatoes on top. The tomatoes were held in place with sticks. I think they were chicken sandwiches and there were also small hamburgers. I was eating with someone wearing a stripey sweater who was sitting in front of a large plant (probably a fake one). After eating, we went straight back to meetings in a meeting room."
20190415_103400_000,LSC23-KIS07,"At a hungry lunchtime, I was eating sandwiches with small tomatoes on top. ","At a hungry lunchtime, I was eating sandwiches with small tomatoes on top. The tomatoes were held in place with sticks. ","At a hungry lunchtime, I was eating sandwiches with small tomatoes on top. The tomatoes were held in place with sticks. I think they were chicken sandwiches and there were also small hamburgers .","At a hungry lunchtime, I was eating sandwiches with small tomatoes on top. The tomatoes were held in place with sticks. I think they were chicken sandwiches and there were also small hamburgers. I was eating with someone wearing a stripey sweater","At a hungry lunchtime, I was eating sandwiches with small tomatoes on top. The tomatoes were held in place with sticks. I think they were chicken sandwiches and there were also small hamburgers. I was eating with someone wearing a stripey sweater who was sitting in front of a large plant (probably a fake one). ","At a hungry lunchtime, I was eating sandwiches with small tomatoes on top. The tomatoes were held in place with sticks. I think they were chicken sandwiches and there were also small hamburgers. I was eating with someone wearing a stripey sweater who was sitting in front of a large plant (probably a fake one). After eating, we went straight back to meetings in a meeting room."
20190415_103432_000,LSC23-KIS07,"At a hungry lunchtime, I was eating sandwiches with small tomatoes on top. ","At a hungry lunchtime, I was eating sandwiches with small tomatoes on top. The tomatoes were held in place with sticks. ","At a hungry lunchtime, I was eating sandwiches with small tomatoes on top. The tomatoes were held in place with sticks. I think they were chicken sandwiches and there were also small hamburgers .","At a hungry lunchtime, I was eating sandwiches with small tomatoes on top. The tomatoes were held in place with sticks. I think they were chicken sandwiches and there were also small hamburgers. I was eating with someone wearing a stripey sweater","At a hungry lunchtime, I was eating sandwiches with small tomatoes on top. The tomatoes were held in place with sticks. I think they were chicken sandwiches and there were also small hamburgers. I was eating with someone wearing a stripey sweater who was sitting in front of a large plant (probably a fake one). ","At a hungry lunchtime, I was eating sandwiches with small tomatoes on top. The tomatoes were held in place with sticks. I think they were chicken sandwiches and there were also small hamburgers. I was eating with someone wearing a stripey sweater who was sitting in front of a large plant (probably a fake one). After eating, we went straight back to meetings in a meeting room."
20190415_103504_000,LSC23-KIS07,"At a hungry lunchtime, I was eating sandwiches with small tomatoes on top. ","At a hungry lunchtime, I was eating sandwiches with small tomatoes on top. The tomatoes were held in place with sticks. ","At a hungry lunchtime, I was eating sandwiches with small tomatoes on top. The tomatoes were held in place with sticks. I think they were chicken sandwiches and there were also small hamburgers .","At a hungry lunchtime, I was eating sandwiches with small tomatoes on top. The tomatoes were held in place with sticks. I think they were chicken sandwiches and there were also small hamburgers. I was eating with someone wearing a stripey sweater","At a hungry lunchtime, I was eating sandwiches with small tomatoes on top. The tomatoes were held in place with sticks. I think they were chicken sandwiches and there were also small hamburgers. I was eating with someone wearing a stripey sweater who was sitting in front of a large plant (probably a fake one). ","At a hungry lunchtime, I was eating sandwiches with small tomatoes on top. The tomatoes were held in place with sticks. I think they were chicken sandwiches and there were also small hamburgers. I was eating with someone wearing a stripey sweater who was sitting in front of a large plant (probably a fake one). After eating, we went straight back to meetings in a meeting room."
20190415_103536_000,LSC23-KIS07,"At a hungry lunchtime, I was eating sandwiches with small tomatoes on top. ","At a hungry lunchtime, I was eating sandwiches with small tomatoes on top. The tomatoes were held in place with sticks. ","At a hungry lunchtime, I was eating sandwiches with small tomatoes on top. The tomatoes were held in place with sticks. I think they were chicken sandwiches and there were also small hamburgers .","At a hungry lunchtime, I was eating sandwiches with small tomatoes on top. The tomatoes were held in place with sticks. I think they were chicken sandwiches and there were also small hamburgers. I was eating with someone wearing a stripey sweater","At a hungry lunchtime, I was eating sandwiches with small tomatoes on top. The tomatoes were held in place with sticks. I think they were chicken sandwiches and there were also small hamburgers. I was eating with someone wearing a stripey sweater who was sitting in front of a large plant (probably a fake one). ","At a hungry lunchtime, I was eating sandwiches with small tomatoes on top. The tomatoes were held in place with sticks. I think they were chicken sandwiches and there were also small hamburgers. I was eating with someone wearing a stripey sweater who was sitting in front of a large plant (probably a fake one). After eating, we went straight back to meetings in a meeting room."
20190415_103608_000,LSC23-KIS07,"At a hungry lunchtime, I was eating sandwiches with small tomatoes on top. ","At a hungry lunchtime, I was eating sandwiches with small tomatoes on top. The tomatoes were held in place with sticks. ","At a hungry lunchtime, I was eating sandwiches with small tomatoes on top. The tomatoes were held in place with sticks. I think they were chicken sandwiches and there were also small hamburgers .","At a hungry lunchtime, I was eating sandwiches with small tomatoes on top. The tomatoes were held in place with sticks. I think they were chicken sandwiches and there were also small hamburgers. I was eating with someone wearing a stripey sweater","At a hungry lunchtime, I was eating sandwiches with small tomatoes on top. The tomatoes were held in place with sticks. I think they were chicken sandwiches and there were also small hamburgers. I was eating with someone wearing a stripey sweater who was sitting in front of a large plant (probably a fake one). ","At a hungry lunchtime, I was eating sandwiches with small tomatoes on top. The tomatoes were held in place with sticks. I think they were chicken sandwiches and there were also small hamburgers. I was eating with someone wearing a stripey sweater who was sitting in front of a large plant (probably a fake one). After eating, we went straight back to meetings in a meeting room."
20190415_103640_000,LSC23-KIS07,"At a hungry lunchtime, I was eating sandwiches with small tomatoes on top. ","At a hungry lunchtime, I was eating sandwiches with small tomatoes on top. The tomatoes were held in place with sticks. ","At a hungry lunchtime, I was eating sandwiches with small tomatoes on top. The tomatoes were held in place with sticks. I think they were chicken sandwiches and there were also small hamburgers .","At a hungry lunchtime, I was eating sandwiches with small tomatoes on top. The tomatoes were held in place with sticks. I think they were chicken sandwiches and there were also small hamburgers. I was eating with someone wearing a stripey sweater","At a hungry lunchtime, I was eating sandwiches with small tomatoes on top. The tomatoes were held in place with sticks. I think they were chicken sandwiches and there were also small hamburgers. I was eating with someone wearing a stripey sweater who was sitting in front of a large plant (probably a fake one). ","At a hungry lunchtime, I was eating sandwiches with small tomatoes on top. The tomatoes were held in place with sticks. I think they were chicken sandwiches and there were also small hamburgers. I was eating with someone wearing a stripey sweater who was sitting in front of a large plant (probably a fake one). After eating, we went straight back to meetings in a meeting room."
20190415_103712_000,LSC23-KIS07,"At a hungry lunchtime, I was eating sandwiches with small tomatoes on top. ","At a hungry lunchtime, I was eating sandwiches with small tomatoes on top. The tomatoes were held in place with sticks. ","At a hungry lunchtime, I was eating sandwiches with small tomatoes on top. The tomatoes were held in place with sticks. I think they were chicken sandwiches and there were also small hamburgers .","At a hungry lunchtime, I was eating sandwiches with small tomatoes on top. The tomatoes were held in place with sticks. I think they were chicken sandwiches and there were also small hamburgers. I was eating with someone wearing a stripey sweater","At a hungry lunchtime, I was eating sandwiches with small tomatoes on top. The tomatoes were held in place with sticks. I think they were chicken sandwiches and there were also small hamburgers. I was eating with someone wearing a stripey sweater who was sitting in front of a large plant (probably a fake one). ","At a hungry lunchtime, I was eating sandwiches with small tomatoes on top. The tomatoes were held in place with sticks. I think they were chicken sandwiches and there were also small hamburgers. I was eating with someone wearing a stripey sweater who was sitting in front of a large plant (probably a fake one). After eating, we went straight back to meetings in a meeting room."
20190415_103744_000,LSC23-KIS07,"At a hungry lunchtime, I was eating sandwiches with small tomatoes on top. ","At a hungry lunchtime, I was eating sandwiches with small tomatoes on top. The tomatoes were held in place with sticks. ","At a hungry lunchtime, I was eating sandwiches with small tomatoes on top. The tomatoes were held in place with sticks. I think they were chicken sandwiches and there were also small hamburgers .","At a hungry lunchtime, I was eating sandwiches with small tomatoes on top. The tomatoes were held in place with sticks. I think they were chicken sandwiches and there were also small hamburgers. I was eating with someone wearing a stripey sweater","At a hungry lunchtime, I was eating sandwiches with small tomatoes on top. The tomatoes were held in place with sticks. I think they were chicken sandwiches and there were also small hamburgers. I was eating with someone wearing a stripey sweater who was sitting in front of a large plant (probably a fake one). ","At a hungry lunchtime, I was eating sandwiches with small tomatoes on top. The tomatoes were held in place with sticks. I think they were chicken sandwiches and there were also small hamburgers. I was eating with someone wearing a stripey sweater who was sitting in front of a large plant (probably a fake one). After eating, we went straight back to meetings in a meeting room."
20190415_103816_000,LSC23-KIS07,"At a hungry lunchtime, I was eating sandwiches with small tomatoes on top. ","At a hungry lunchtime, I was eating sandwiches with small tomatoes on top. The tomatoes were held in place with sticks. ","At a hungry lunchtime, I was eating sandwiches with small tomatoes on top. The tomatoes were held in place with sticks. I think they were chicken sandwiches and there were also small hamburgers .","At a hungry lunchtime, I was eating sandwiches with small tomatoes on top. The tomatoes were held in place with sticks. I think they were chicken sandwiches and there were also small hamburgers. I was eating with someone wearing a stripey sweater","At a hungry lunchtime, I was eating sandwiches with small tomatoes on top. The tomatoes were held in place with sticks. I think they were chicken sandwiches and there were also small hamburgers. I was eating with someone wearing a stripey sweater who was sitting in front of a large plant (probably a fake one). ","At a hungry lunchtime, I was eating sandwiches with small tomatoes on top. The tomatoes were held in place with sticks. I think they were chicken sandwiches and there were also small hamburgers. I was eating with someone wearing a stripey sweater who was sitting in front of a large plant (probably a fake one). After eating, we went straight back to meetings in a meeting room."
20190415_103848_000,LSC23-KIS07,"At a hungry lunchtime, I was eating sandwiches with small tomatoes on top. ","At a hungry lunchtime, I was eating sandwiches with small tomatoes on top. The tomatoes were held in place with sticks. ","At a hungry lunchtime, I was eating sandwiches with small tomatoes on top. The tomatoes were held in place with sticks. I think they were chicken sandwiches and there were also small hamburgers .","At a hungry lunchtime, I was eating sandwiches with small tomatoes on top. The tomatoes were held in place with sticks. I think they were chicken sandwiches and there were also small hamburgers. I was eating with someone wearing a stripey sweater","At a hungry lunchtime, I was eating sandwiches with small tomatoes on top. The tomatoes were held in place with sticks. I think they were chicken sandwiches and there were also small hamburgers. I was eating with someone wearing a stripey sweater who was sitting in front of a large plant (probably a fake one). ","At a hungry lunchtime, I was eating sandwiches with small tomatoes on top. The tomatoes were held in place with sticks. I think they were chicken sandwiches and there were also small hamburgers. I was eating with someone wearing a stripey sweater who was sitting in front of a large plant (probably a fake one). After eating, we went straight back to meetings in a meeting room."
20190415_103920_000,LSC23-KIS07,"At a hungry lunchtime, I was eating sandwiches with small tomatoes on top. ","At a hungry lunchtime, I was eating sandwiches with small tomatoes on top. The tomatoes were held in place with sticks. ","At a hungry lunchtime, I was eating sandwiches with small tomatoes on top. The tomatoes were held in place with sticks. I think they were chicken sandwiches and there were also small hamburgers .","At a hungry lunchtime, I was eating sandwiches with small tomatoes on top. The tomatoes were held in place with sticks. I think they were chicken sandwiches and there were also small hamburgers. I was eating with someone wearing a stripey sweater","At a hungry lunchtime, I was eating sandwiches with small tomatoes on top. The tomatoes were held in place with sticks. I think they were chicken sandwiches and there were also small hamburgers. I was eating with someone wearing a stripey sweater who was sitting in front of a large plant (probably a fake one). ","At a hungry lunchtime, I was eating sandwiches with small tomatoes on top. The tomatoes were held in place with sticks. I think they were chicken sandwiches and there were also small hamburgers. I was eating with someone wearing a stripey sweater who was sitting in front of a large plant (probably a fake one). After eating, we went straight back to meetings in a meeting room."
20190415_103952_000,LSC23-KIS07,"At a hungry lunchtime, I was eating sandwiches with small tomatoes on top. ","At a hungry lunchtime, I was eating sandwiches with small tomatoes on top. The tomatoes were held in place with sticks. ","At a hungry lunchtime, I was eating sandwiches with small tomatoes on top. The tomatoes were held in place with sticks. I think they were chicken sandwiches and there were also small hamburgers .","At a hungry lunchtime, I was eating sandwiches with small tomatoes on top. The tomatoes were held in place with sticks. I think they were chicken sandwiches and there were also small hamburgers. I was eating with someone wearing a stripey sweater","At a hungry lunchtime, I was eating sandwiches with small tomatoes on top. The tomatoes were held in place with sticks. I think they were chicken sandwiches and there were also small hamburgers. I was eating with someone wearing a stripey sweater who was sitting in front of a large plant (probably a fake one). ","At a hungry lunchtime, I was eating sandwiches with small tomatoes on top. The tomatoes were held in place with sticks. I think they were chicken sandwiches and there were also small hamburgers. I was eating with someone wearing a stripey sweater who was sitting in front of a large plant (probably a fake one). After eating, we went straight back to meetings in a meeting room."
20190415_104024_000,LSC23-KIS07,"At a hungry lunchtime, I was eating sandwiches with small tomatoes on top. ","At a hungry lunchtime, I was eating sandwiches with small tomatoes on top. The tomatoes were held in place with sticks. ","At a hungry lunchtime, I was eating sandwiches with small tomatoes on top. The tomatoes were held in place with sticks. I think they were chicken sandwiches and there were also small hamburgers .","At a hungry lunchtime, I was eating sandwiches with small tomatoes on top. The tomatoes were held in place with sticks. I think they were chicken sandwiches and there were also small hamburgers. I was eating with someone wearing a stripey sweater","At a hungry lunchtime, I was eating sandwiches with small tomatoes on top. The tomatoes were held in place with sticks. I think they were chicken sandwiches and there were also small hamburgers. I was eating with someone wearing a stripey sweater who was sitting in front of a large plant (probably a fake one). ","At a hungry lunchtime, I was eating sandwiches with small tomatoes on top. The tomatoes were held in place with sticks. I think they were chicken sandwiches and there were also small hamburgers. I was eating with someone wearing a stripey sweater who was sitting in front of a large plant (probably a fake one). After eating, we went straight back to meetings in a meeting room."
20190415_104056_000,LSC23-KIS07,"At a hungry lunchtime, I was eating sandwiches with small tomatoes on top. ","At a hungry lunchtime, I was eating sandwiches with small tomatoes on top. The tomatoes were held in place with sticks. ","At a hungry lunchtime, I was eating sandwiches with small tomatoes on top. The tomatoes were held in place with sticks. I think they were chicken sandwiches and there were also small hamburgers .","At a hungry lunchtime, I was eating sandwiches with small tomatoes on top. The tomatoes were held in place with sticks. I think they were chicken sandwiches and there were also small hamburgers. I was eating with someone wearing a stripey sweater","At a hungry lunchtime, I was eating sandwiches with small tomatoes on top. The tomatoes were held in place with sticks. I think they were chicken sandwiches and there were also small hamburgers. I was eating with someone wearing a stripey sweater who was sitting in front of a large plant (probably a fake one). ","At a hungry lunchtime, I was eating sandwiches with small tomatoes on top. The tomatoes were held in place with sticks. I think they were chicken sandwiches and there were also small hamburgers. I was eating with someone wearing a stripey sweater who was sitting in front of a large plant (probably a fake one). After eating, we went straight back to meetings in a meeting room."
20190415_104128_000,LSC23-KIS07,"At a hungry lunchtime, I was eating sandwiches with small tomatoes on top. ","At a hungry lunchtime, I was eating sandwiches with small tomatoes on top. The tomatoes were held in place with sticks. ","At a hungry lunchtime, I was eating sandwiches with small tomatoes on top. The tomatoes were held in place with sticks. I think they were chicken sandwiches and there were also small hamburgers .","At a hungry lunchtime, I was eating sandwiches with small tomatoes on top. The tomatoes were held in place with sticks. I think they were chicken sandwiches and there were also small hamburgers. I was eating with someone wearing a stripey sweater","At a hungry lunchtime, I was eating sandwiches with small tomatoes on top. The tomatoes were held in place with sticks. I think they were chicken sandwiches and there were also small hamburgers. I was eating with someone wearing a stripey sweater who was sitting in front of a large plant (probably a fake one). ","At a hungry lunchtime, I was eating sandwiches with small tomatoes on top. The tomatoes were held in place with sticks. I think they were chicken sandwiches and there were also small hamburgers. I was eating with someone wearing a stripey sweater who was sitting in front of a large plant (probably a fake one). After eating, we went straight back to meetings in a meeting room."
20190415_104200_000,LSC23-KIS07,"At a hungry lunchtime, I was eating sandwiches with small tomatoes on top. ","At a hungry lunchtime, I was eating sandwiches with small tomatoes on top. The tomatoes were held in place with sticks. ","At a hungry lunchtime, I was eating sandwiches with small tomatoes on top. The tomatoes were held in place with sticks. I think they were chicken sandwiches and there were also small hamburgers .","At a hungry lunchtime, I was eating sandwiches with small tomatoes on top. The tomatoes were held in place with sticks. I think they were chicken sandwiches and there were also small hamburgers. I was eating with someone wearing a stripey sweater","At a hungry lunchtime, I was eating sandwiches with small tomatoes on top. The tomatoes were held in place with sticks. I think they were chicken sandwiches and there were also small hamburgers. I was eating with someone wearing a stripey sweater who was sitting in front of a large plant (probably a fake one). ","At a hungry lunchtime, I was eating sandwiches with small tomatoes on top. The tomatoes were held in place with sticks. I think they were chicken sandwiches and there were also small hamburgers. I was eating with someone wearing a stripey sweater who was sitting in front of a large plant (probably a fake one). After eating, we went straight back to meetings in a meeting room."
20190415_104232_000,LSC23-KIS07,"At a hungry lunchtime, I was eating sandwiches with small tomatoes on top. ","At a hungry lunchtime, I was eating sandwiches with small tomatoes on top. The tomatoes were held in place with sticks. ","At a hungry lunchtime, I was eating sandwiches with small tomatoes on top. The tomatoes were held in place with sticks. I think they were chicken sandwiches and there were also small hamburgers .","At a hungry lunchtime, I was eating sandwiches with small tomatoes on top. The tomatoes were held in place with sticks. I think they were chicken sandwiches and there were also small hamburgers. I was eating with someone wearing a stripey sweater","At a hungry lunchtime, I was eating sandwiches with small tomatoes on top. The tomatoes were held in place with sticks. I think they were chicken sandwiches and there were also small hamburgers. I was eating with someone wearing a stripey sweater who was sitting in front of a large plant (probably a fake one). ","At a hungry lunchtime, I was eating sandwiches with small tomatoes on top. The tomatoes were held in place with sticks. I think they were chicken sandwiches and there were also small hamburgers. I was eating with someone wearing a stripey sweater who was sitting in front of a large plant (probably a fake one). After eating, we went straight back to meetings in a meeting room."
20190415_104304_000,LSC23-KIS07,"At a hungry lunchtime, I was eating sandwiches with small tomatoes on top. ","At a hungry lunchtime, I was eating sandwiches with small tomatoes on top. The tomatoes were held in place with sticks. ","At a hungry lunchtime, I was eating sandwiches with small tomatoes on top. The tomatoes were held in place with sticks. I think they were chicken sandwiches and there were also small hamburgers .","At a hungry lunchtime, I was eating sandwiches with small tomatoes on top. The tomatoes were held in place with sticks. I think they were chicken sandwiches and there were also small hamburgers. I was eating with someone wearing a stripey sweater","At a hungry lunchtime, I was eating sandwiches with small tomatoes on top. The tomatoes were held in place with sticks. I think they were chicken sandwiches and there were also small hamburgers. I was eating with someone wearing a stripey sweater who was sitting in front of a large plant (probably a fake one). ","At a hungry lunchtime, I was eating sandwiches with small tomatoes on top. The tomatoes were held in place with sticks. I think they were chicken sandwiches and there were also small hamburgers. I was eating with someone wearing a stripey sweater who was sitting in front of a large plant (probably a fake one). After eating, we went straight back to meetings in a meeting room."
20190415_104336_000,LSC23-KIS07,"At a hungry lunchtime, I was eating sandwiches with small tomatoes on top. ","At a hungry lunchtime, I was eating sandwiches with small tomatoes on top. The tomatoes were held in place with sticks. ","At a hungry lunchtime, I was eating sandwiches with small tomatoes on top. The tomatoes were held in place with sticks. I think they were chicken sandwiches and there were also small hamburgers .","At a hungry lunchtime, I was eating sandwiches with small tomatoes on top. The tomatoes were held in place with sticks. I think they were chicken sandwiches and there were also small hamburgers. I was eating with someone wearing a stripey sweater","At a hungry lunchtime, I was eating sandwiches with small tomatoes on top. The tomatoes were held in place with sticks. I think they were chicken sandwiches and there were also small hamburgers. I was eating with someone wearing a stripey sweater who was sitting in front of a large plant (probably a fake one). ","At a hungry lunchtime, I was eating sandwiches with small tomatoes on top. The tomatoes were held in place with sticks. I think they were chicken sandwiches and there were also small hamburgers. I was eating with someone wearing a stripey sweater who was sitting in front of a large plant (probably a fake one). After eating, we went straight back to meetings in a meeting room."
20190415_104408_000,LSC23-KIS07,"At a hungry lunchtime, I was eating sandwiches with small tomatoes on top. ","At a hungry lunchtime, I was eating sandwiches with small tomatoes on top. The tomatoes were held in place with sticks. ","At a hungry lunchtime, I was eating sandwiches with small tomatoes on top. The tomatoes were held in place with sticks. I think they were chicken sandwiches and there were also small hamburgers .","At a hungry lunchtime, I was eating sandwiches with small tomatoes on top. The tomatoes were held in place with sticks. I think they were chicken sandwiches and there were also small hamburgers. I was eating with someone wearing a stripey sweater","At a hungry lunchtime, I was eating sandwiches with small tomatoes on top. The tomatoes were held in place with sticks. I think they were chicken sandwiches and there were also small hamburgers. I was eating with someone wearing a stripey sweater who was sitting in front of a large plant (probably a fake one). ","At a hungry lunchtime, I was eating sandwiches with small tomatoes on top. The tomatoes were held in place with sticks. I think they were chicken sandwiches and there were also small hamburgers. I was eating with someone wearing a stripey sweater who was sitting in front of a large plant (probably a fake one). After eating, we went straight back to meetings in a meeting room."
20190415_104440_000,LSC23-KIS07,"At a hungry lunchtime, I was eating sandwiches with small tomatoes on top. ","At a hungry lunchtime, I was eating sandwiches with small tomatoes on top. The tomatoes were held in place with sticks. ","At a hungry lunchtime, I was eating sandwiches with small tomatoes on top. The tomatoes were held in place with sticks. I think they were chicken sandwiches and there were also small hamburgers .","At a hungry lunchtime, I was eating sandwiches with small tomatoes on top. The tomatoes were held in place with sticks. I think they were chicken sandwiches and there were also small hamburgers. I was eating with someone wearing a stripey sweater","At a hungry lunchtime, I was eating sandwiches with small tomatoes on top. The tomatoes were held in place with sticks. I think they were chicken sandwiches and there were also small hamburgers. I was eating with someone wearing a stripey sweater who was sitting in front of a large plant (probably a fake one). ","At a hungry lunchtime, I was eating sandwiches with small tomatoes on top. The tomatoes were held in place with sticks. I think they were chicken sandwiches and there were also small hamburgers. I was eating with someone wearing a stripey sweater who was sitting in front of a large plant (probably a fake one). After eating, we went straight back to meetings in a meeting room."
20190415_104512_000,LSC23-KIS07,"At a hungry lunchtime, I was eating sandwiches with small tomatoes on top. ","At a hungry lunchtime, I was eating sandwiches with small tomatoes on top. The tomatoes were held in place with sticks. ","At a hungry lunchtime, I was eating sandwiches with small tomatoes on top. The tomatoes were held in place with sticks. I think they were chicken sandwiches and there were also small hamburgers .","At a hungry lunchtime, I was eating sandwiches with small tomatoes on top. The tomatoes were held in place with sticks. I think they were chicken sandwiches and there were also small hamburgers. I was eating with someone wearing a stripey sweater","At a hungry lunchtime, I was eating sandwiches with small tomatoes on top. The tomatoes were held in place with sticks. I think they were chicken sandwiches and there were also small hamburgers. I was eating with someone wearing a stripey sweater who was sitting in front of a large plant (probably a fake one). ","At a hungry lunchtime, I was eating sandwiches with small tomatoes on top. The tomatoes were held in place with sticks. I think they were chicken sandwiches and there were also small hamburgers. I was eating with someone wearing a stripey sweater who was sitting in front of a large plant (probably a fake one). After eating, we went straight back to meetings in a meeting room."
20190415_104544_000,LSC23-KIS07,"At a hungry lunchtime, I was eating sandwiches with small tomatoes on top. ","At a hungry lunchtime, I was eating sandwiches with small tomatoes on top. The tomatoes were held in place with sticks. ","At a hungry lunchtime, I was eating sandwiches with small tomatoes on top. The tomatoes were held in place with sticks. I think they were chicken sandwiches and there were also small hamburgers .","At a hungry lunchtime, I was eating sandwiches with small tomatoes on top. The tomatoes were held in place with sticks. I think they were chicken sandwiches and there were also small hamburgers. I was eating with someone wearing a stripey sweater","At a hungry lunchtime, I was eating sandwiches with small tomatoes on top. The tomatoes were held in place with sticks. I think they were chicken sandwiches and there were also small hamburgers. I was eating with someone wearing a stripey sweater who was sitting in front of a large plant (probably a fake one). ","At a hungry lunchtime, I was eating sandwiches with small tomatoes on top. The tomatoes were held in place with sticks. I think they were chicken sandwiches and there were also small hamburgers. I was eating with someone wearing a stripey sweater who was sitting in front of a large plant (probably a fake one). After eating, we went straight back to meetings in a meeting room."
20190415_104629_000,LSC23-KIS07,"At a hungry lunchtime, I was eating sandwiches with small tomatoes on top. ","At a hungry lunchtime, I was eating sandwiches with small tomatoes on top. The tomatoes were held in place with sticks. ","At a hungry lunchtime, I was eating sandwiches with small tomatoes on top. The tomatoes were held in place with sticks. I think they were chicken sandwiches and there were also small hamburgers .","At a hungry lunchtime, I was eating sandwiches with small tomatoes on top. The tomatoes were held in place with sticks. I think they were chicken sandwiches and there were also small hamburgers. I was eating with someone wearing a stripey sweater","At a hungry lunchtime, I was eating sandwiches with small tomatoes on top. The tomatoes were held in place with sticks. I think they were chicken sandwiches and there were also small hamburgers. I was eating with someone wearing a stripey sweater who was sitting in front of a large plant (probably a fake one). ","At a hungry lunchtime, I was eating sandwiches with small tomatoes on top. The tomatoes were held in place with sticks. I think they were chicken sandwiches and there were also small hamburgers. I was eating with someone wearing a stripey sweater who was sitting in front of a large plant (probably a fake one). After eating, we went straight back to meetings in a meeting room."
20190415_104701_000,LSC23-KIS07,"At a hungry lunchtime, I was eating sandwiches with small tomatoes on top. ","At a hungry lunchtime, I was eating sandwiches with small tomatoes on top. The tomatoes were held in place with sticks. ","At a hungry lunchtime, I was eating sandwiches with small tomatoes on top. The tomatoes were held in place with sticks. I think they were chicken sandwiches and there were also small hamburgers .","At a hungry lunchtime, I was eating sandwiches with small tomatoes on top. The tomatoes were held in place with sticks. I think they were chicken sandwiches and there were also small hamburgers. I was eating with someone wearing a stripey sweater","At a hungry lunchtime, I was eating sandwiches with small tomatoes on top. The tomatoes were held in place with sticks. I think they were chicken sandwiches and there were also small hamburgers. I was eating with someone wearing a stripey sweater who was sitting in front of a large plant (probably a fake one). ","At a hungry lunchtime, I was eating sandwiches with small tomatoes on top. The tomatoes were held in place with sticks. I think they were chicken sandwiches and there were also small hamburgers. I was eating with someone wearing a stripey sweater who was sitting in front of a large plant (probably a fake one). After eating, we went straight back to meetings in a meeting room."
20190415_104733_000,LSC23-KIS07,"At a hungry lunchtime, I was eating sandwiches with small tomatoes on top. ","At a hungry lunchtime, I was eating sandwiches with small tomatoes on top. The tomatoes were held in place with sticks. ","At a hungry lunchtime, I was eating sandwiches with small tomatoes on top. The tomatoes were held in place with sticks. I think they were chicken sandwiches and there were also small hamburgers .","At a hungry lunchtime, I was eating sandwiches with small tomatoes on top. The tomatoes were held in place with sticks. I think they were chicken sandwiches and there were also small hamburgers. I was eating with someone wearing a stripey sweater","At a hungry lunchtime, I was eating sandwiches with small tomatoes on top. The tomatoes were held in place with sticks. I think they were chicken sandwiches and there were also small hamburgers. I was eating with someone wearing a stripey sweater who was sitting in front of a large plant (probably a fake one). ","At a hungry lunchtime, I was eating sandwiches with small tomatoes on top. The tomatoes were held in place with sticks. I think they were chicken sandwiches and there were also small hamburgers. I was eating with someone wearing a stripey sweater who was sitting in front of a large plant (probably a fake one). After eating, we went straight back to meetings in a meeting room."
20190415_104805_000,LSC23-KIS07,"At a hungry lunchtime, I was eating sandwiches with small tomatoes on top. ","At a hungry lunchtime, I was eating sandwiches with small tomatoes on top. The tomatoes were held in place with sticks. ","At a hungry lunchtime, I was eating sandwiches with small tomatoes on top. The tomatoes were held in place with sticks. I think they were chicken sandwiches and there were also small hamburgers .","At a hungry lunchtime, I was eating sandwiches with small tomatoes on top. The tomatoes were held in place with sticks. I think they were chicken sandwiches and there were also small hamburgers. I was eating with someone wearing a stripey sweater","At a hungry lunchtime, I was eating sandwiches with small tomatoes on top. The tomatoes were held in place with sticks. I think they were chicken sandwiches and there were also small hamburgers. I was eating with someone wearing a stripey sweater who was sitting in front of a large plant (probably a fake one). ","At a hungry lunchtime, I was eating sandwiches with small tomatoes on top. The tomatoes were held in place with sticks. I think they were chicken sandwiches and there were also small hamburgers. I was eating with someone wearing a stripey sweater who was sitting in front of a large plant (probably a fake one). After eating, we went straight back to meetings in a meeting room."
20190415_104837_000,LSC23-KIS07,"At a hungry lunchtime, I was eating sandwiches with small tomatoes on top. ","At a hungry lunchtime, I was eating sandwiches with small tomatoes on top. The tomatoes were held in place with sticks. ","At a hungry lunchtime, I was eating sandwiches with small tomatoes on top. The tomatoes were held in place with sticks. I think they were chicken sandwiches and there were also small hamburgers .","At a hungry lunchtime, I was eating sandwiches with small tomatoes on top. The tomatoes were held in place with sticks. I think they were chicken sandwiches and there were also small hamburgers. I was eating with someone wearing a stripey sweater","At a hungry lunchtime, I was eating sandwiches with small tomatoes on top. The tomatoes were held in place with sticks. I think they were chicken sandwiches and there were also small hamburgers. I was eating with someone wearing a stripey sweater who was sitting in front of a large plant (probably a fake one). ","At a hungry lunchtime, I was eating sandwiches with small tomatoes on top. The tomatoes were held in place with sticks. I think they were chicken sandwiches and there were also small hamburgers. I was eating with someone wearing a stripey sweater who was sitting in front of a large plant (probably a fake one). After eating, we went straight back to meetings in a meeting room."
20190415_104909_000,LSC23-KIS07,"At a hungry lunchtime, I was eating sandwiches with small tomatoes on top. ","At a hungry lunchtime, I was eating sandwiches with small tomatoes on top. The tomatoes were held in place with sticks. ","At a hungry lunchtime, I was eating sandwiches with small tomatoes on top. The tomatoes were held in place with sticks. I think they were chicken sandwiches and there were also small hamburgers .","At a hungry lunchtime, I was eating sandwiches with small tomatoes on top. The tomatoes were held in place with sticks. I think they were chicken sandwiches and there were also small hamburgers. I was eating with someone wearing a stripey sweater","At a hungry lunchtime, I was eating sandwiches with small tomatoes on top. The tomatoes were held in place with sticks. I think they were chicken sandwiches and there were also small hamburgers. I was eating with someone wearing a stripey sweater who was sitting in front of a large plant (probably a fake one). ","At a hungry lunchtime, I was eating sandwiches with small tomatoes on top. The tomatoes were held in place with sticks. I think they were chicken sandwiches and there were also small hamburgers. I was eating with someone wearing a stripey sweater who was sitting in front of a large plant (probably a fake one). After eating, we went straight back to meetings in a meeting room."
20190415_104941_000,LSC23-KIS07,"At a hungry lunchtime, I was eating sandwiches with small tomatoes on top. ","At a hungry lunchtime, I was eating sandwiches with small tomatoes on top. The tomatoes were held in place with sticks. ","At a hungry lunchtime, I was eating sandwiches with small tomatoes on top. The tomatoes were held in place with sticks. I think they were chicken sandwiches and there were also small hamburgers .","At a hungry lunchtime, I was eating sandwiches with small tomatoes on top. The tomatoes were held in place with sticks. I think they were chicken sandwiches and there were also small hamburgers. I was eating with someone wearing a stripey sweater","At a hungry lunchtime, I was eating sandwiches with small tomatoes on top. The tomatoes were held in place with sticks. I think they were chicken sandwiches and there were also small hamburgers. I was eating with someone wearing a stripey sweater who was sitting in front of a large plant (probably a fake one). ","At a hungry lunchtime, I was eating sandwiches with small tomatoes on top. The tomatoes were held in place with sticks. I think they were chicken sandwiches and there were also small hamburgers. I was eating with someone wearing a stripey sweater who was sitting in front of a large plant (probably a fake one). After eating, we went straight back to meetings in a meeting room."
20190415_105013_000,LSC23-KIS07,"At a hungry lunchtime, I was eating sandwiches with small tomatoes on top. ","At a hungry lunchtime, I was eating sandwiches with small tomatoes on top. The tomatoes were held in place with sticks. ","At a hungry lunchtime, I was eating sandwiches with small tomatoes on top. The tomatoes were held in place with sticks. I think they were chicken sandwiches and there were also small hamburgers .","At a hungry lunchtime, I was eating sandwiches with small tomatoes on top. The tomatoes were held in place with sticks. I think they were chicken sandwiches and there were also small hamburgers. I was eating with someone wearing a stripey sweater","At a hungry lunchtime, I was eating sandwiches with small tomatoes on top. The tomatoes were held in place with sticks. I think they were chicken sandwiches and there were also small hamburgers. I was eating with someone wearing a stripey sweater who was sitting in front of a large plant (probably a fake one). ","At a hungry lunchtime, I was eating sandwiches with small tomatoes on top. The tomatoes were held in place with sticks. I think they were chicken sandwiches and there were also small hamburgers. I was eating with someone wearing a stripey sweater who was sitting in front of a large plant (probably a fake one). After eating, we went straight back to meetings in a meeting room."
20190415_105045_000,LSC23-KIS07,"At a hungry lunchtime, I was eating sandwiches with small tomatoes on top. ","At a hungry lunchtime, I was eating sandwiches with small tomatoes on top. The tomatoes were held in place with sticks. ","At a hungry lunchtime, I was eating sandwiches with small tomatoes on top. The tomatoes were held in place with sticks. I think they were chicken sandwiches and there were also small hamburgers .","At a hungry lunchtime, I was eating sandwiches with small tomatoes on top. The tomatoes were held in place with sticks. I think they were chicken sandwiches and there were also small hamburgers. I was eating with someone wearing a stripey sweater","At a hungry lunchtime, I was eating sandwiches with small tomatoes on top. The tomatoes were held in place with sticks. I think they were chicken sandwiches and there were also small hamburgers. I was eating with someone wearing a stripey sweater who was sitting in front of a large plant (probably a fake one). ","At a hungry lunchtime, I was eating sandwiches with small tomatoes on top. The tomatoes were held in place with sticks. I think they were chicken sandwiches and there were also small hamburgers. I was eating with someone wearing a stripey sweater who was sitting in front of a large plant (probably a fake one). After eating, we went straight back to meetings in a meeting room."
20190415_105117_000,LSC23-KIS07,"At a hungry lunchtime, I was eating sandwiches with small tomatoes on top. ","At a hungry lunchtime, I was eating sandwiches with small tomatoes on top. The tomatoes were held in place with sticks. ","At a hungry lunchtime, I was eating sandwiches with small tomatoes on top. The tomatoes were held in place with sticks. I think they were chicken sandwiches and there were also small hamburgers .","At a hungry lunchtime, I was eating sandwiches with small tomatoes on top. The tomatoes were held in place with sticks. I think they were chicken sandwiches and there were also small hamburgers. I was eating with someone wearing a stripey sweater","At a hungry lunchtime, I was eating sandwiches with small tomatoes on top. The tomatoes were held in place with sticks. I think they were chicken sandwiches and there were also small hamburgers. I was eating with someone wearing a stripey sweater who was sitting in front of a large plant (probably a fake one). ","At a hungry lunchtime, I was eating sandwiches with small tomatoes on top. The tomatoes were held in place with sticks. I think they were chicken sandwiches and there were also small hamburgers. I was eating with someone wearing a stripey sweater who was sitting in front of a large plant (probably a fake one). After eating, we went straight back to meetings in a meeting room."
20190415_105149_000,LSC23-KIS07,"At a hungry lunchtime, I was eating sandwiches with small tomatoes on top. ","At a hungry lunchtime, I was eating sandwiches with small tomatoes on top. The tomatoes were held in place with sticks. ","At a hungry lunchtime, I was eating sandwiches with small tomatoes on top. The tomatoes were held in place with sticks. I think they were chicken sandwiches and there were also small hamburgers .","At a hungry lunchtime, I was eating sandwiches with small tomatoes on top. The tomatoes were held in place with sticks. I think they were chicken sandwiches and there were also small hamburgers. I was eating with someone wearing a stripey sweater","At a hungry lunchtime, I was eating sandwiches with small tomatoes on top. The tomatoes were held in place with sticks. I think they were chicken sandwiches and there were also small hamburgers. I was eating with someone wearing a stripey sweater who was sitting in front of a large plant (probably a fake one). ","At a hungry lunchtime, I was eating sandwiches with small tomatoes on top. The tomatoes were held in place with sticks. I think they were chicken sandwiches and there were also small hamburgers. I was eating with someone wearing a stripey sweater who was sitting in front of a large plant (probably a fake one). After eating, we went straight back to meetings in a meeting room."
20190415_105221_000,LSC23-KIS07,"At a hungry lunchtime, I was eating sandwiches with small tomatoes on top. ","At a hungry lunchtime, I was eating sandwiches with small tomatoes on top. The tomatoes were held in place with sticks. ","At a hungry lunchtime, I was eating sandwiches with small tomatoes on top. The tomatoes were held in place with sticks. I think they were chicken sandwiches and there were also small hamburgers .","At a hungry lunchtime, I was eating sandwiches with small tomatoes on top. The tomatoes were held in place with sticks. I think they were chicken sandwiches and there were also small hamburgers. I was eating with someone wearing a stripey sweater","At a hungry lunchtime, I was eating sandwiches with small tomatoes on top. The tomatoes were held in place with sticks. I think they were chicken sandwiches and there were also small hamburgers. I was eating with someone wearing a stripey sweater who was sitting in front of a large plant (probably a fake one). ","At a hungry lunchtime, I was eating sandwiches with small tomatoes on top. The tomatoes were held in place with sticks. I think they were chicken sandwiches and there were also small hamburgers. I was eating with someone wearing a stripey sweater who was sitting in front of a large plant (probably a fake one). After eating, we went straight back to meetings in a meeting room."
20190415_105253_000,LSC23-KIS07,"At a hungry lunchtime, I was eating sandwiches with small tomatoes on top. ","At a hungry lunchtime, I was eating sandwiches with small tomatoes on top. The tomatoes were held in place with sticks. ","At a hungry lunchtime, I was eating sandwiches with small tomatoes on top. The tomatoes were held in place with sticks. I think they were chicken sandwiches and there were also small hamburgers .","At a hungry lunchtime, I was eating sandwiches with small tomatoes on top. The tomatoes were held in place with sticks. I think they were chicken sandwiches and there were also small hamburgers. I was eating with someone wearing a stripey sweater","At a hungry lunchtime, I was eating sandwiches with small tomatoes on top. The tomatoes were held in place with sticks. I think they were chicken sandwiches and there were also small hamburgers. I was eating with someone wearing a stripey sweater who was sitting in front of a large plant (probably a fake one). ","At a hungry lunchtime, I was eating sandwiches with small tomatoes on top. The tomatoes were held in place with sticks. I think they were chicken sandwiches and there were also small hamburgers. I was eating with someone wearing a stripey sweater who was sitting in front of a large plant (probably a fake one). After eating, we went straight back to meetings in a meeting room."
20190415_105325_000,LSC23-KIS07,"At a hungry lunchtime, I was eating sandwiches with small tomatoes on top. ","At a hungry lunchtime, I was eating sandwiches with small tomatoes on top. The tomatoes were held in place with sticks. ","At a hungry lunchtime, I was eating sandwiches with small tomatoes on top. The tomatoes were held in place with sticks. I think they were chicken sandwiches and there were also small hamburgers .","At a hungry lunchtime, I was eating sandwiches with small tomatoes on top. The tomatoes were held in place with sticks. I think they were chicken sandwiches and there were also small hamburgers. I was eating with someone wearing a stripey sweater","At a hungry lunchtime, I was eating sandwiches with small tomatoes on top. The tomatoes were held in place with sticks. I think they were chicken sandwiches and there were also small hamburgers. I was eating with someone wearing a stripey sweater who was sitting in front of a large plant (probably a fake one). ","At a hungry lunchtime, I was eating sandwiches with small tomatoes on top. The tomatoes were held in place with sticks. I think they were chicken sandwiches and there were also small hamburgers. I was eating with someone wearing a stripey sweater who was sitting in front of a large plant (probably a fake one). After eating, we went straight back to meetings in a meeting room."
20190415_105357_000,LSC23-KIS07,"At a hungry lunchtime, I was eating sandwiches with small tomatoes on top. ","At a hungry lunchtime, I was eating sandwiches with small tomatoes on top. The tomatoes were held in place with sticks. ","At a hungry lunchtime, I was eating sandwiches with small tomatoes on top. The tomatoes were held in place with sticks. I think they were chicken sandwiches and there were also small hamburgers .","At a hungry lunchtime, I was eating sandwiches with small tomatoes on top. The tomatoes were held in place with sticks. I think they were chicken sandwiches and there were also small hamburgers. I was eating with someone wearing a stripey sweater","At a hungry lunchtime, I was eating sandwiches with small tomatoes on top. The tomatoes were held in place with sticks. I think they were chicken sandwiches and there were also small hamburgers. I was eating with someone wearing a stripey sweater who was sitting in front of a large plant (probably a fake one). ","At a hungry lunchtime, I was eating sandwiches with small tomatoes on top. The tomatoes were held in place with sticks. I think they were chicken sandwiches and there were also small hamburgers. I was eating with someone wearing a stripey sweater who was sitting in front of a large plant (probably a fake one). After eating, we went straight back to meetings in a meeting room."
20190415_105429_000,LSC23-KIS07,"At a hungry lunchtime, I was eating sandwiches with small tomatoes on top. ","At a hungry lunchtime, I was eating sandwiches with small tomatoes on top. The tomatoes were held in place with sticks. ","At a hungry lunchtime, I was eating sandwiches with small tomatoes on top. The tomatoes were held in place with sticks. I think they were chicken sandwiches and there were also small hamburgers .","At a hungry lunchtime, I was eating sandwiches with small tomatoes on top. The tomatoes were held in place with sticks. I think they were chicken sandwiches and there were also small hamburgers. I was eating with someone wearing a stripey sweater","At a hungry lunchtime, I was eating sandwiches with small tomatoes on top. The tomatoes were held in place with sticks. I think they were chicken sandwiches and there were also small hamburgers. I was eating with someone wearing a stripey sweater who was sitting in front of a large plant (probably a fake one). ","At a hungry lunchtime, I was eating sandwiches with small tomatoes on top. The tomatoes were held in place with sticks. I think they were chicken sandwiches and there were also small hamburgers. I was eating with someone wearing a stripey sweater who was sitting in front of a large plant (probably a fake one). After eating, we went straight back to meetings in a meeting room."
20190415_105501_000,LSC23-KIS07,"At a hungry lunchtime, I was eating sandwiches with small tomatoes on top. ","At a hungry lunchtime, I was eating sandwiches with small tomatoes on top. The tomatoes were held in place with sticks. ","At a hungry lunchtime, I was eating sandwiches with small tomatoes on top. The tomatoes were held in place with sticks. I think they were chicken sandwiches and there were also small hamburgers .","At a hungry lunchtime, I was eating sandwiches with small tomatoes on top. The tomatoes were held in place with sticks. I think they were chicken sandwiches and there were also small hamburgers. I was eating with someone wearing a stripey sweater","At a hungry lunchtime, I was eating sandwiches with small tomatoes on top. The tomatoes were held in place with sticks. I think they were chicken sandwiches and there were also small hamburgers. I was eating with someone wearing a stripey sweater who was sitting in front of a large plant (probably a fake one). ","At a hungry lunchtime, I was eating sandwiches with small tomatoes on top. The tomatoes were held in place with sticks. I think they were chicken sandwiches and there were also small hamburgers. I was eating with someone wearing a stripey sweater who was sitting in front of a large plant (probably a fake one). After eating, we went straight back to meetings in a meeting room."
20190415_105533_000,LSC23-KIS07,"At a hungry lunchtime, I was eating sandwiches with small tomatoes on top. ","At a hungry lunchtime, I was eating sandwiches with small tomatoes on top. The tomatoes were held in place with sticks. ","At a hungry lunchtime, I was eating sandwiches with small tomatoes on top. The tomatoes were held in place with sticks. I think they were chicken sandwiches and there were also small hamburgers .","At a hungry lunchtime, I was eating sandwiches with small tomatoes on top. The tomatoes were held in place with sticks. I think they were chicken sandwiches and there were also small hamburgers. I was eating with someone wearing a stripey sweater","At a hungry lunchtime, I was eating sandwiches with small tomatoes on top. The tomatoes were held in place with sticks. I think they were chicken sandwiches and there were also small hamburgers. I was eating with someone wearing a stripey sweater who was sitting in front of a large plant (probably a fake one). ","At a hungry lunchtime, I was eating sandwiches with small tomatoes on top. The tomatoes were held in place with sticks. I think they were chicken sandwiches and there were also small hamburgers. I was eating with someone wearing a stripey sweater who was sitting in front of a large plant (probably a fake one). After eating, we went straight back to meetings in a meeting room."
20190415_105605_000,LSC23-KIS07,"At a hungry lunchtime, I was eating sandwiches with small tomatoes on top. ","At a hungry lunchtime, I was eating sandwiches with small tomatoes on top. The tomatoes were held in place with sticks. ","At a hungry lunchtime, I was eating sandwiches with small tomatoes on top. The tomatoes were held in place with sticks. I think they were chicken sandwiches and there were also small hamburgers .","At a hungry lunchtime, I was eating sandwiches with small tomatoes on top. The tomatoes were held in place with sticks. I think they were chicken sandwiches and there were also small hamburgers. I was eating with someone wearing a stripey sweater","At a hungry lunchtime, I was eating sandwiches with small tomatoes on top. The tomatoes were held in place with sticks. I think they were chicken sandwiches and there were also small hamburgers. I was eating with someone wearing a stripey sweater who was sitting in front of a large plant (probably a fake one). ","At a hungry lunchtime, I was eating sandwiches with small tomatoes on top. The tomatoes were held in place with sticks. I think they were chicken sandwiches and there were also small hamburgers. I was eating with someone wearing a stripey sweater who was sitting in front of a large plant (probably a fake one). After eating, we went straight back to meetings in a meeting room."
20190415_105637_000,LSC23-KIS07,"At a hungry lunchtime, I was eating sandwiches with small tomatoes on top. ","At a hungry lunchtime, I was eating sandwiches with small tomatoes on top. The tomatoes were held in place with sticks. ","At a hungry lunchtime, I was eating sandwiches with small tomatoes on top. The tomatoes were held in place with sticks. I think they were chicken sandwiches and there were also small hamburgers .","At a hungry lunchtime, I was eating sandwiches with small tomatoes on top. The tomatoes were held in place with sticks. I think they were chicken sandwiches and there were also small hamburgers. I was eating with someone wearing a stripey sweater","At a hungry lunchtime, I was eating sandwiches with small tomatoes on top. The tomatoes were held in place with sticks. I think they were chicken sandwiches and there were also small hamburgers. I was eating with someone wearing a stripey sweater who was sitting in front of a large plant (probably a fake one). ","At a hungry lunchtime, I was eating sandwiches with small tomatoes on top. The tomatoes were held in place with sticks. I think they were chicken sandwiches and there were also small hamburgers. I was eating with someone wearing a stripey sweater who was sitting in front of a large plant (probably a fake one). After eating, we went straight back to meetings in a meeting room."
20190415_105709_000,LSC23-KIS07,"At a hungry lunchtime, I was eating sandwiches with small tomatoes on top. ","At a hungry lunchtime, I was eating sandwiches with small tomatoes on top. The tomatoes were held in place with sticks. ","At a hungry lunchtime, I was eating sandwiches with small tomatoes on top. The tomatoes were held in place with sticks. I think they were chicken sandwiches and there were also small hamburgers .","At a hungry lunchtime, I was eating sandwiches with small tomatoes on top. The tomatoes were held in place with sticks. I think they were chicken sandwiches and there were also small hamburgers. I was eating with someone wearing a stripey sweater","At a hungry lunchtime, I was eating sandwiches with small tomatoes on top. The tomatoes were held in place with sticks. I think they were chicken sandwiches and there were also small hamburgers. I was eating with someone wearing a stripey sweater who was sitting in front of a large plant (probably a fake one). ","At a hungry lunchtime, I was eating sandwiches with small tomatoes on top. The tomatoes were held in place with sticks. I think they were chicken sandwiches and there were also small hamburgers. I was eating with someone wearing a stripey sweater who was sitting in front of a large plant (probably a fake one). After eating, we went straight back to meetings in a meeting room."
20190415_105741_000,LSC23-KIS07,"At a hungry lunchtime, I was eating sandwiches with small tomatoes on top. ","At a hungry lunchtime, I was eating sandwiches with small tomatoes on top. The tomatoes were held in place with sticks. ","At a hungry lunchtime, I was eating sandwiches with small tomatoes on top. The tomatoes were held in place with sticks. I think they were chicken sandwiches and there were also small hamburgers .","At a hungry lunchtime, I was eating sandwiches with small tomatoes on top. The tomatoes were held in place with sticks. I think they were chicken sandwiches and there were also small hamburgers. I was eating with someone wearing a stripey sweater","At a hungry lunchtime, I was eating sandwiches with small tomatoes on top. The tomatoes were held in place with sticks. I think they were chicken sandwiches and there were also small hamburgers. I was eating with someone wearing a stripey sweater who was sitting in front of a large plant (probably a fake one). ","At a hungry lunchtime, I was eating sandwiches with small tomatoes on top. The tomatoes were held in place with sticks. I think they were chicken sandwiches and there were also small hamburgers. I was eating with someone wearing a stripey sweater who was sitting in front of a large plant (probably a fake one). After eating, we went straight back to meetings in a meeting room."
20191023_133447_000,LSC23-KIS08,There was a man in the front row with a yellow hat on.,There was a man in the front row with a yellow hat on. I was on a stage in a room with a lot of people  watching.,There was a man in the front row with a yellow hat on. I was on a stage in a room with a lot of people  watching. I was on some sort of panel,There was a man in the front row with a yellow hat on. I was on a stage in a room with a lot of people  watching. I was on some sort of panel and writing notes on paper. ,There was a man in the front row with a yellow hat on. I was on a stage in a room with a lot of people  watching. I was on some sort of panel and writing notes on paper. I  remember the man had a blue sweater/top on also.,There was a man in the front row with a yellow hat on. I was on a stage in a room with a lot of people  watching. I was on some sort of panel and writing notes on paper. I  remember the man had a blue sweater/top on also. It was in France at ACM MM2019.
20191023_133504_000,LSC23-KIS08,There was a man in the front row with a yellow hat on.,There was a man in the front row with a yellow hat on. I was on a stage in a room with a lot of people  watching.,There was a man in the front row with a yellow hat on. I was on a stage in a room with a lot of people  watching. I was on some sort of panel,There was a man in the front row with a yellow hat on. I was on a stage in a room with a lot of people  watching. I was on some sort of panel and writing notes on paper. ,There was a man in the front row with a yellow hat on. I was on a stage in a room with a lot of people  watching. I was on some sort of panel and writing notes on paper. I  remember the man had a blue sweater/top on also.,There was a man in the front row with a yellow hat on. I was on a stage in a room with a lot of people  watching. I was on some sort of panel and writing notes on paper. I  remember the man had a blue sweater/top on also. It was in France at ACM MM2019.
20191023_133521_000,LSC23-KIS08,There was a man in the front row with a yellow hat on.,There was a man in the front row with a yellow hat on. I was on a stage in a room with a lot of people  watching.,There was a man in the front row with a yellow hat on. I was on a stage in a room with a lot of people  watching. I was on some sort of panel,There was a man in the front row with a yellow hat on. I was on a stage in a room with a lot of people  watching. I was on some sort of panel and writing notes on paper. ,There was a man in the front row with a yellow hat on. I was on a stage in a room with a lot of people  watching. I was on some sort of panel and writing notes on paper. I  remember the man had a blue sweater/top on also.,There was a man in the front row with a yellow hat on. I was on a stage in a room with a lot of people  watching. I was on some sort of panel and writing notes on paper. I  remember the man had a blue sweater/top on also. It was in France at ACM MM2019.
20191023_133538_000,LSC23-KIS08,There was a man in the front row with a yellow hat on.,There was a man in the front row with a yellow hat on. I was on a stage in a room with a lot of people  watching.,There was a man in the front row with a yellow hat on. I was on a stage in a room with a lot of people  watching. I was on some sort of panel,There was a man in the front row with a yellow hat on. I was on a stage in a room with a lot of people  watching. I was on some sort of panel and writing notes on paper. ,There was a man in the front row with a yellow hat on. I was on a stage in a room with a lot of people  watching. I was on some sort of panel and writing notes on paper. I  remember the man had a blue sweater/top on also.,There was a man in the front row with a yellow hat on. I was on a stage in a room with a lot of people  watching. I was on some sort of panel and writing notes on paper. I  remember the man had a blue sweater/top on also. It was in France at ACM MM2019.
20191023_133555_000,LSC23-KIS08,There was a man in the front row with a yellow hat on.,There was a man in the front row with a yellow hat on. I was on a stage in a room with a lot of people  watching.,There was a man in the front row with a yellow hat on. I was on a stage in a room with a lot of people  watching. I was on some sort of panel,There was a man in the front row with a yellow hat on. I was on a stage in a room with a lot of people  watching. I was on some sort of panel and writing notes on paper. ,There was a man in the front row with a yellow hat on. I was on a stage in a room with a lot of people  watching. I was on some sort of panel and writing notes on paper. I  remember the man had a blue sweater/top on also.,There was a man in the front row with a yellow hat on. I was on a stage in a room with a lot of people  watching. I was on some sort of panel and writing notes on paper. I  remember the man had a blue sweater/top on also. It was in France at ACM MM2019.
20191023_133612_000,LSC23-KIS08,There was a man in the front row with a yellow hat on.,There was a man in the front row with a yellow hat on. I was on a stage in a room with a lot of people  watching.,There was a man in the front row with a yellow hat on. I was on a stage in a room with a lot of people  watching. I was on some sort of panel,There was a man in the front row with a yellow hat on. I was on a stage in a room with a lot of people  watching. I was on some sort of panel and writing notes on paper. ,There was a man in the front row with a yellow hat on. I was on a stage in a room with a lot of people  watching. I was on some sort of panel and writing notes on paper. I  remember the man had a blue sweater/top on also.,There was a man in the front row with a yellow hat on. I was on a stage in a room with a lot of people  watching. I was on some sort of panel and writing notes on paper. I  remember the man had a blue sweater/top on also. It was in France at ACM MM2019.
20191023_133629_000,LSC23-KIS08,There was a man in the front row with a yellow hat on.,There was a man in the front row with a yellow hat on. I was on a stage in a room with a lot of people  watching.,There was a man in the front row with a yellow hat on. I was on a stage in a room with a lot of people  watching. I was on some sort of panel,There was a man in the front row with a yellow hat on. I was on a stage in a room with a lot of people  watching. I was on some sort of panel and writing notes on paper. ,There was a man in the front row with a yellow hat on. I was on a stage in a room with a lot of people  watching. I was on some sort of panel and writing notes on paper. I  remember the man had a blue sweater/top on also.,There was a man in the front row with a yellow hat on. I was on a stage in a room with a lot of people  watching. I was on some sort of panel and writing notes on paper. I  remember the man had a blue sweater/top on also. It was in France at ACM MM2019.
20191023_133646_000,LSC23-KIS08,There was a man in the front row with a yellow hat on.,There was a man in the front row with a yellow hat on. I was on a stage in a room with a lot of people  watching.,There was a man in the front row with a yellow hat on. I was on a stage in a room with a lot of people  watching. I was on some sort of panel,There was a man in the front row with a yellow hat on. I was on a stage in a room with a lot of people  watching. I was on some sort of panel and writing notes on paper. ,There was a man in the front row with a yellow hat on. I was on a stage in a room with a lot of people  watching. I was on some sort of panel and writing notes on paper. I  remember the man had a blue sweater/top on also.,There was a man in the front row with a yellow hat on. I was on a stage in a room with a lot of people  watching. I was on some sort of panel and writing notes on paper. I  remember the man had a blue sweater/top on also. It was in France at ACM MM2019.
20191023_133703_000,LSC23-KIS08,There was a man in the front row with a yellow hat on.,There was a man in the front row with a yellow hat on. I was on a stage in a room with a lot of people  watching.,There was a man in the front row with a yellow hat on. I was on a stage in a room with a lot of people  watching. I was on some sort of panel,There was a man in the front row with a yellow hat on. I was on a stage in a room with a lot of people  watching. I was on some sort of panel and writing notes on paper. ,There was a man in the front row with a yellow hat on. I was on a stage in a room with a lot of people  watching. I was on some sort of panel and writing notes on paper. I  remember the man had a blue sweater/top on also.,There was a man in the front row with a yellow hat on. I was on a stage in a room with a lot of people  watching. I was on some sort of panel and writing notes on paper. I  remember the man had a blue sweater/top on also. It was in France at ACM MM2019.
20191023_133722_000,LSC23-KIS08,There was a man in the front row with a yellow hat on.,There was a man in the front row with a yellow hat on. I was on a stage in a room with a lot of people  watching.,There was a man in the front row with a yellow hat on. I was on a stage in a room with a lot of people  watching. I was on some sort of panel,There was a man in the front row with a yellow hat on. I was on a stage in a room with a lot of people  watching. I was on some sort of panel and writing notes on paper. ,There was a man in the front row with a yellow hat on. I was on a stage in a room with a lot of people  watching. I was on some sort of panel and writing notes on paper. I  remember the man had a blue sweater/top on also.,There was a man in the front row with a yellow hat on. I was on a stage in a room with a lot of people  watching. I was on some sort of panel and writing notes on paper. I  remember the man had a blue sweater/top on also. It was in France at ACM MM2019.
20191023_133739_000,LSC23-KIS08,There was a man in the front row with a yellow hat on.,There was a man in the front row with a yellow hat on. I was on a stage in a room with a lot of people  watching.,There was a man in the front row with a yellow hat on. I was on a stage in a room with a lot of people  watching. I was on some sort of panel,There was a man in the front row with a yellow hat on. I was on a stage in a room with a lot of people  watching. I was on some sort of panel and writing notes on paper. ,There was a man in the front row with a yellow hat on. I was on a stage in a room with a lot of people  watching. I was on some sort of panel and writing notes on paper. I  remember the man had a blue sweater/top on also.,There was a man in the front row with a yellow hat on. I was on a stage in a room with a lot of people  watching. I was on some sort of panel and writing notes on paper. I  remember the man had a blue sweater/top on also. It was in France at ACM MM2019.
20191023_133756_000,LSC23-KIS08,There was a man in the front row with a yellow hat on.,There was a man in the front row with a yellow hat on. I was on a stage in a room with a lot of people  watching.,There was a man in the front row with a yellow hat on. I was on a stage in a room with a lot of people  watching. I was on some sort of panel,There was a man in the front row with a yellow hat on. I was on a stage in a room with a lot of people  watching. I was on some sort of panel and writing notes on paper. ,There was a man in the front row with a yellow hat on. I was on a stage in a room with a lot of people  watching. I was on some sort of panel and writing notes on paper. I  remember the man had a blue sweater/top on also.,There was a man in the front row with a yellow hat on. I was on a stage in a room with a lot of people  watching. I was on some sort of panel and writing notes on paper. I  remember the man had a blue sweater/top on also. It was in France at ACM MM2019.
20191023_133813_000,LSC23-KIS08,There was a man in the front row with a yellow hat on.,There was a man in the front row with a yellow hat on. I was on a stage in a room with a lot of people  watching.,There was a man in the front row with a yellow hat on. I was on a stage in a room with a lot of people  watching. I was on some sort of panel,There was a man in the front row with a yellow hat on. I was on a stage in a room with a lot of people  watching. I was on some sort of panel and writing notes on paper. ,There was a man in the front row with a yellow hat on. I was on a stage in a room with a lot of people  watching. I was on some sort of panel and writing notes on paper. I  remember the man had a blue sweater/top on also.,There was a man in the front row with a yellow hat on. I was on a stage in a room with a lot of people  watching. I was on some sort of panel and writing notes on paper. I  remember the man had a blue sweater/top on also. It was in France at ACM MM2019.
20191023_133830_000,LSC23-KIS08,There was a man in the front row with a yellow hat on.,There was a man in the front row with a yellow hat on. I was on a stage in a room with a lot of people  watching.,There was a man in the front row with a yellow hat on. I was on a stage in a room with a lot of people  watching. I was on some sort of panel,There was a man in the front row with a yellow hat on. I was on a stage in a room with a lot of people  watching. I was on some sort of panel and writing notes on paper. ,There was a man in the front row with a yellow hat on. I was on a stage in a room with a lot of people  watching. I was on some sort of panel and writing notes on paper. I  remember the man had a blue sweater/top on also.,There was a man in the front row with a yellow hat on. I was on a stage in a room with a lot of people  watching. I was on some sort of panel and writing notes on paper. I  remember the man had a blue sweater/top on also. It was in France at ACM MM2019.
20191023_133847_000,LSC23-KIS08,There was a man in the front row with a yellow hat on.,There was a man in the front row with a yellow hat on. I was on a stage in a room with a lot of people  watching.,There was a man in the front row with a yellow hat on. I was on a stage in a room with a lot of people  watching. I was on some sort of panel,There was a man in the front row with a yellow hat on. I was on a stage in a room with a lot of people  watching. I was on some sort of panel and writing notes on paper. ,There was a man in the front row with a yellow hat on. I was on a stage in a room with a lot of people  watching. I was on some sort of panel and writing notes on paper. I  remember the man had a blue sweater/top on also.,There was a man in the front row with a yellow hat on. I was on a stage in a room with a lot of people  watching. I was on some sort of panel and writing notes on paper. I  remember the man had a blue sweater/top on also. It was in France at ACM MM2019.
20191023_133904_000,LSC23-KIS08,There was a man in the front row with a yellow hat on.,There was a man in the front row with a yellow hat on. I was on a stage in a room with a lot of people  watching.,There was a man in the front row with a yellow hat on. I was on a stage in a room with a lot of people  watching. I was on some sort of panel,There was a man in the front row with a yellow hat on. I was on a stage in a room with a lot of people  watching. I was on some sort of panel and writing notes on paper. ,There was a man in the front row with a yellow hat on. I was on a stage in a room with a lot of people  watching. I was on some sort of panel and writing notes on paper. I  remember the man had a blue sweater/top on also.,There was a man in the front row with a yellow hat on. I was on a stage in a room with a lot of people  watching. I was on some sort of panel and writing notes on paper. I  remember the man had a blue sweater/top on also. It was in France at ACM MM2019.
20191023_133921_000,LSC23-KIS08,There was a man in the front row with a yellow hat on.,There was a man in the front row with a yellow hat on. I was on a stage in a room with a lot of people  watching.,There was a man in the front row with a yellow hat on. I was on a stage in a room with a lot of people  watching. I was on some sort of panel,There was a man in the front row with a yellow hat on. I was on a stage in a room with a lot of people  watching. I was on some sort of panel and writing notes on paper. ,There was a man in the front row with a yellow hat on. I was on a stage in a room with a lot of people  watching. I was on some sort of panel and writing notes on paper. I  remember the man had a blue sweater/top on also.,There was a man in the front row with a yellow hat on. I was on a stage in a room with a lot of people  watching. I was on some sort of panel and writing notes on paper. I  remember the man had a blue sweater/top on also. It was in France at ACM MM2019.
20191023_133938_000,LSC23-KIS08,There was a man in the front row with a yellow hat on.,There was a man in the front row with a yellow hat on. I was on a stage in a room with a lot of people  watching.,There was a man in the front row with a yellow hat on. I was on a stage in a room with a lot of people  watching. I was on some sort of panel,There was a man in the front row with a yellow hat on. I was on a stage in a room with a lot of people  watching. I was on some sort of panel and writing notes on paper. ,There was a man in the front row with a yellow hat on. I was on a stage in a room with a lot of people  watching. I was on some sort of panel and writing notes on paper. I  remember the man had a blue sweater/top on also.,There was a man in the front row with a yellow hat on. I was on a stage in a room with a lot of people  watching. I was on some sort of panel and writing notes on paper. I  remember the man had a blue sweater/top on also. It was in France at ACM MM2019.
20191023_133955_000,LSC23-KIS08,There was a man in the front row with a yellow hat on.,There was a man in the front row with a yellow hat on. I was on a stage in a room with a lot of people  watching.,There was a man in the front row with a yellow hat on. I was on a stage in a room with a lot of people  watching. I was on some sort of panel,There was a man in the front row with a yellow hat on. I was on a stage in a room with a lot of people  watching. I was on some sort of panel and writing notes on paper. ,There was a man in the front row with a yellow hat on. I was on a stage in a room with a lot of people  watching. I was on some sort of panel and writing notes on paper. I  remember the man had a blue sweater/top on also.,There was a man in the front row with a yellow hat on. I was on a stage in a room with a lot of people  watching. I was on some sort of panel and writing notes on paper. I  remember the man had a blue sweater/top on also. It was in France at ACM MM2019.
20191023_134012_000,LSC23-KIS08,There was a man in the front row with a yellow hat on.,There was a man in the front row with a yellow hat on. I was on a stage in a room with a lot of people  watching.,There was a man in the front row with a yellow hat on. I was on a stage in a room with a lot of people  watching. I was on some sort of panel,There was a man in the front row with a yellow hat on. I was on a stage in a room with a lot of people  watching. I was on some sort of panel and writing notes on paper. ,There was a man in the front row with a yellow hat on. I was on a stage in a room with a lot of people  watching. I was on some sort of panel and writing notes on paper. I  remember the man had a blue sweater/top on also.,There was a man in the front row with a yellow hat on. I was on a stage in a room with a lot of people  watching. I was on some sort of panel and writing notes on paper. I  remember the man had a blue sweater/top on also. It was in France at ACM MM2019.
20191023_134030_000,LSC23-KIS08,There was a man in the front row with a yellow hat on.,There was a man in the front row with a yellow hat on. I was on a stage in a room with a lot of people  watching.,There was a man in the front row with a yellow hat on. I was on a stage in a room with a lot of people  watching. I was on some sort of panel,There was a man in the front row with a yellow hat on. I was on a stage in a room with a lot of people  watching. I was on some sort of panel and writing notes on paper. ,There was a man in the front row with a yellow hat on. I was on a stage in a room with a lot of people  watching. I was on some sort of panel and writing notes on paper. I  remember the man had a blue sweater/top on also.,There was a man in the front row with a yellow hat on. I was on a stage in a room with a lot of people  watching. I was on some sort of panel and writing notes on paper. I  remember the man had a blue sweater/top on also. It was in France at ACM MM2019.
20191023_134047_000,LSC23-KIS08,There was a man in the front row with a yellow hat on.,There was a man in the front row with a yellow hat on. I was on a stage in a room with a lot of people  watching.,There was a man in the front row with a yellow hat on. I was on a stage in a room with a lot of people  watching. I was on some sort of panel,There was a man in the front row with a yellow hat on. I was on a stage in a room with a lot of people  watching. I was on some sort of panel and writing notes on paper. ,There was a man in the front row with a yellow hat on. I was on a stage in a room with a lot of people  watching. I was on some sort of panel and writing notes on paper. I  remember the man had a blue sweater/top on also.,There was a man in the front row with a yellow hat on. I was on a stage in a room with a lot of people  watching. I was on some sort of panel and writing notes on paper. I  remember the man had a blue sweater/top on also. It was in France at ACM MM2019.
20191023_134104_000,LSC23-KIS08,There was a man in the front row with a yellow hat on.,There was a man in the front row with a yellow hat on. I was on a stage in a room with a lot of people  watching.,There was a man in the front row with a yellow hat on. I was on a stage in a room with a lot of people  watching. I was on some sort of panel,There was a man in the front row with a yellow hat on. I was on a stage in a room with a lot of people  watching. I was on some sort of panel and writing notes on paper. ,There was a man in the front row with a yellow hat on. I was on a stage in a room with a lot of people  watching. I was on some sort of panel and writing notes on paper. I  remember the man had a blue sweater/top on also.,There was a man in the front row with a yellow hat on. I was on a stage in a room with a lot of people  watching. I was on some sort of panel and writing notes on paper. I  remember the man had a blue sweater/top on also. It was in France at ACM MM2019.
20191023_134121_000,LSC23-KIS08,There was a man in the front row with a yellow hat on.,There was a man in the front row with a yellow hat on. I was on a stage in a room with a lot of people  watching.,There was a man in the front row with a yellow hat on. I was on a stage in a room with a lot of people  watching. I was on some sort of panel,There was a man in the front row with a yellow hat on. I was on a stage in a room with a lot of people  watching. I was on some sort of panel and writing notes on paper. ,There was a man in the front row with a yellow hat on. I was on a stage in a room with a lot of people  watching. I was on some sort of panel and writing notes on paper. I  remember the man had a blue sweater/top on also.,There was a man in the front row with a yellow hat on. I was on a stage in a room with a lot of people  watching. I was on some sort of panel and writing notes on paper. I  remember the man had a blue sweater/top on also. It was in France at ACM MM2019.
20191023_134138_000,LSC23-KIS08,There was a man in the front row with a yellow hat on.,There was a man in the front row with a yellow hat on. I was on a stage in a room with a lot of people  watching.,There was a man in the front row with a yellow hat on. I was on a stage in a room with a lot of people  watching. I was on some sort of panel,There was a man in the front row with a yellow hat on. I was on a stage in a room with a lot of people  watching. I was on some sort of panel and writing notes on paper. ,There was a man in the front row with a yellow hat on. I was on a stage in a room with a lot of people  watching. I was on some sort of panel and writing notes on paper. I  remember the man had a blue sweater/top on also.,There was a man in the front row with a yellow hat on. I was on a stage in a room with a lot of people  watching. I was on some sort of panel and writing notes on paper. I  remember the man had a blue sweater/top on also. It was in France at ACM MM2019.
20191023_134155_000,LSC23-KIS08,There was a man in the front row with a yellow hat on.,There was a man in the front row with a yellow hat on. I was on a stage in a room with a lot of people  watching.,There was a man in the front row with a yellow hat on. I was on a stage in a room with a lot of people  watching. I was on some sort of panel,There was a man in the front row with a yellow hat on. I was on a stage in a room with a lot of people  watching. I was on some sort of panel and writing notes on paper. ,There was a man in the front row with a yellow hat on. I was on a stage in a room with a lot of people  watching. I was on some sort of panel and writing notes on paper. I  remember the man had a blue sweater/top on also.,There was a man in the front row with a yellow hat on. I was on a stage in a room with a lot of people  watching. I was on some sort of panel and writing notes on paper. I  remember the man had a blue sweater/top on also. It was in France at ACM MM2019.
20191023_134212_000,LSC23-KIS08,There was a man in the front row with a yellow hat on.,There was a man in the front row with a yellow hat on. I was on a stage in a room with a lot of people  watching.,There was a man in the front row with a yellow hat on. I was on a stage in a room with a lot of people  watching. I was on some sort of panel,There was a man in the front row with a yellow hat on. I was on a stage in a room with a lot of people  watching. I was on some sort of panel and writing notes on paper. ,There was a man in the front row with a yellow hat on. I was on a stage in a room with a lot of people  watching. I was on some sort of panel and writing notes on paper. I  remember the man had a blue sweater/top on also.,There was a man in the front row with a yellow hat on. I was on a stage in a room with a lot of people  watching. I was on some sort of panel and writing notes on paper. I  remember the man had a blue sweater/top on also. It was in France at ACM MM2019.
20191023_134229_000,LSC23-KIS08,There was a man in the front row with a yellow hat on.,There was a man in the front row with a yellow hat on. I was on a stage in a room with a lot of people  watching.,There was a man in the front row with a yellow hat on. I was on a stage in a room with a lot of people  watching. I was on some sort of panel,There was a man in the front row with a yellow hat on. I was on a stage in a room with a lot of people  watching. I was on some sort of panel and writing notes on paper. ,There was a man in the front row with a yellow hat on. I was on a stage in a room with a lot of people  watching. I was on some sort of panel and writing notes on paper. I  remember the man had a blue sweater/top on also.,There was a man in the front row with a yellow hat on. I was on a stage in a room with a lot of people  watching. I was on some sort of panel and writing notes on paper. I  remember the man had a blue sweater/top on also. It was in France at ACM MM2019.
20191023_134246_000,LSC23-KIS08,There was a man in the front row with a yellow hat on.,There was a man in the front row with a yellow hat on. I was on a stage in a room with a lot of people  watching.,There was a man in the front row with a yellow hat on. I was on a stage in a room with a lot of people  watching. I was on some sort of panel,There was a man in the front row with a yellow hat on. I was on a stage in a room with a lot of people  watching. I was on some sort of panel and writing notes on paper. ,There was a man in the front row with a yellow hat on. I was on a stage in a room with a lot of people  watching. I was on some sort of panel and writing notes on paper. I  remember the man had a blue sweater/top on also.,There was a man in the front row with a yellow hat on. I was on a stage in a room with a lot of people  watching. I was on some sort of panel and writing notes on paper. I  remember the man had a blue sweater/top on also. It was in France at ACM MM2019.
20191023_134303_000,LSC23-KIS08,There was a man in the front row with a yellow hat on.,There was a man in the front row with a yellow hat on. I was on a stage in a room with a lot of people  watching.,There was a man in the front row with a yellow hat on. I was on a stage in a room with a lot of people  watching. I was on some sort of panel,There was a man in the front row with a yellow hat on. I was on a stage in a room with a lot of people  watching. I was on some sort of panel and writing notes on paper. ,There was a man in the front row with a yellow hat on. I was on a stage in a room with a lot of people  watching. I was on some sort of panel and writing notes on paper. I  remember the man had a blue sweater/top on also.,There was a man in the front row with a yellow hat on. I was on a stage in a room with a lot of people  watching. I was on some sort of panel and writing notes on paper. I  remember the man had a blue sweater/top on also. It was in France at ACM MM2019.
20191023_134320_000,LSC23-KIS08,There was a man in the front row with a yellow hat on.,There was a man in the front row with a yellow hat on. I was on a stage in a room with a lot of people  watching.,There was a man in the front row with a yellow hat on. I was on a stage in a room with a lot of people  watching. I was on some sort of panel,There was a man in the front row with a yellow hat on. I was on a stage in a room with a lot of people  watching. I was on some sort of panel and writing notes on paper. ,There was a man in the front row with a yellow hat on. I was on a stage in a room with a lot of people  watching. I was on some sort of panel and writing notes on paper. I  remember the man had a blue sweater/top on also.,There was a man in the front row with a yellow hat on. I was on a stage in a room with a lot of people  watching. I was on some sort of panel and writing notes on paper. I  remember the man had a blue sweater/top on also. It was in France at ACM MM2019.
20191023_134350_000,LSC23-KIS08,There was a man in the front row with a yellow hat on.,There was a man in the front row with a yellow hat on. I was on a stage in a room with a lot of people  watching.,There was a man in the front row with a yellow hat on. I was on a stage in a room with a lot of people  watching. I was on some sort of panel,There was a man in the front row with a yellow hat on. I was on a stage in a room with a lot of people  watching. I was on some sort of panel and writing notes on paper. ,There was a man in the front row with a yellow hat on. I was on a stage in a room with a lot of people  watching. I was on some sort of panel and writing notes on paper. I  remember the man had a blue sweater/top on also.,There was a man in the front row with a yellow hat on. I was on a stage in a room with a lot of people  watching. I was on some sort of panel and writing notes on paper. I  remember the man had a blue sweater/top on also. It was in France at ACM MM2019.
20191023_134408_000,LSC23-KIS08,There was a man in the front row with a yellow hat on.,There was a man in the front row with a yellow hat on. I was on a stage in a room with a lot of people  watching.,There was a man in the front row with a yellow hat on. I was on a stage in a room with a lot of people  watching. I was on some sort of panel,There was a man in the front row with a yellow hat on. I was on a stage in a room with a lot of people  watching. I was on some sort of panel and writing notes on paper. ,There was a man in the front row with a yellow hat on. I was on a stage in a room with a lot of people  watching. I was on some sort of panel and writing notes on paper. I  remember the man had a blue sweater/top on also.,There was a man in the front row with a yellow hat on. I was on a stage in a room with a lot of people  watching. I was on some sort of panel and writing notes on paper. I  remember the man had a blue sweater/top on also. It was in France at ACM MM2019.
20191023_134425_000,LSC23-KIS08,There was a man in the front row with a yellow hat on.,There was a man in the front row with a yellow hat on. I was on a stage in a room with a lot of people  watching.,There was a man in the front row with a yellow hat on. I was on a stage in a room with a lot of people  watching. I was on some sort of panel,There was a man in the front row with a yellow hat on. I was on a stage in a room with a lot of people  watching. I was on some sort of panel and writing notes on paper. ,There was a man in the front row with a yellow hat on. I was on a stage in a room with a lot of people  watching. I was on some sort of panel and writing notes on paper. I  remember the man had a blue sweater/top on also.,There was a man in the front row with a yellow hat on. I was on a stage in a room with a lot of people  watching. I was on some sort of panel and writing notes on paper. I  remember the man had a blue sweater/top on also. It was in France at ACM MM2019.
20191023_134442_000,LSC23-KIS08,There was a man in the front row with a yellow hat on.,There was a man in the front row with a yellow hat on. I was on a stage in a room with a lot of people  watching.,There was a man in the front row with a yellow hat on. I was on a stage in a room with a lot of people  watching. I was on some sort of panel,There was a man in the front row with a yellow hat on. I was on a stage in a room with a lot of people  watching. I was on some sort of panel and writing notes on paper. ,There was a man in the front row with a yellow hat on. I was on a stage in a room with a lot of people  watching. I was on some sort of panel and writing notes on paper. I  remember the man had a blue sweater/top on also.,There was a man in the front row with a yellow hat on. I was on a stage in a room with a lot of people  watching. I was on some sort of panel and writing notes on paper. I  remember the man had a blue sweater/top on also. It was in France at ACM MM2019.
20191023_134459_000,LSC23-KIS08,There was a man in the front row with a yellow hat on.,There was a man in the front row with a yellow hat on. I was on a stage in a room with a lot of people  watching.,There was a man in the front row with a yellow hat on. I was on a stage in a room with a lot of people  watching. I was on some sort of panel,There was a man in the front row with a yellow hat on. I was on a stage in a room with a lot of people  watching. I was on some sort of panel and writing notes on paper. ,There was a man in the front row with a yellow hat on. I was on a stage in a room with a lot of people  watching. I was on some sort of panel and writing notes on paper. I  remember the man had a blue sweater/top on also.,There was a man in the front row with a yellow hat on. I was on a stage in a room with a lot of people  watching. I was on some sort of panel and writing notes on paper. I  remember the man had a blue sweater/top on also. It was in France at ACM MM2019.
20191023_134516_000,LSC23-KIS08,There was a man in the front row with a yellow hat on.,There was a man in the front row with a yellow hat on. I was on a stage in a room with a lot of people  watching.,There was a man in the front row with a yellow hat on. I was on a stage in a room with a lot of people  watching. I was on some sort of panel,There was a man in the front row with a yellow hat on. I was on a stage in a room with a lot of people  watching. I was on some sort of panel and writing notes on paper. ,There was a man in the front row with a yellow hat on. I was on a stage in a room with a lot of people  watching. I was on some sort of panel and writing notes on paper. I  remember the man had a blue sweater/top on also.,There was a man in the front row with a yellow hat on. I was on a stage in a room with a lot of people  watching. I was on some sort of panel and writing notes on paper. I  remember the man had a blue sweater/top on also. It was in France at ACM MM2019.
20191023_134533_000,LSC23-KIS08,There was a man in the front row with a yellow hat on.,There was a man in the front row with a yellow hat on. I was on a stage in a room with a lot of people  watching.,There was a man in the front row with a yellow hat on. I was on a stage in a room with a lot of people  watching. I was on some sort of panel,There was a man in the front row with a yellow hat on. I was on a stage in a room with a lot of people  watching. I was on some sort of panel and writing notes on paper. ,There was a man in the front row with a yellow hat on. I was on a stage in a room with a lot of people  watching. I was on some sort of panel and writing notes on paper. I  remember the man had a blue sweater/top on also.,There was a man in the front row with a yellow hat on. I was on a stage in a room with a lot of people  watching. I was on some sort of panel and writing notes on paper. I  remember the man had a blue sweater/top on also. It was in France at ACM MM2019.
20191023_134550_000,LSC23-KIS08,There was a man in the front row with a yellow hat on.,There was a man in the front row with a yellow hat on. I was on a stage in a room with a lot of people  watching.,There was a man in the front row with a yellow hat on. I was on a stage in a room with a lot of people  watching. I was on some sort of panel,There was a man in the front row with a yellow hat on. I was on a stage in a room with a lot of people  watching. I was on some sort of panel and writing notes on paper. ,There was a man in the front row with a yellow hat on. I was on a stage in a room with a lot of people  watching. I was on some sort of panel and writing notes on paper. I  remember the man had a blue sweater/top on also.,There was a man in the front row with a yellow hat on. I was on a stage in a room with a lot of people  watching. I was on some sort of panel and writing notes on paper. I  remember the man had a blue sweater/top on also. It was in France at ACM MM2019.
20191023_134607_000,LSC23-KIS08,There was a man in the front row with a yellow hat on.,There was a man in the front row with a yellow hat on. I was on a stage in a room with a lot of people  watching.,There was a man in the front row with a yellow hat on. I was on a stage in a room with a lot of people  watching. I was on some sort of panel,There was a man in the front row with a yellow hat on. I was on a stage in a room with a lot of people  watching. I was on some sort of panel and writing notes on paper. ,There was a man in the front row with a yellow hat on. I was on a stage in a room with a lot of people  watching. I was on some sort of panel and writing notes on paper. I  remember the man had a blue sweater/top on also.,There was a man in the front row with a yellow hat on. I was on a stage in a room with a lot of people  watching. I was on some sort of panel and writing notes on paper. I  remember the man had a blue sweater/top on also. It was in France at ACM MM2019.
20191023_134624_000,LSC23-KIS08,There was a man in the front row with a yellow hat on.,There was a man in the front row with a yellow hat on. I was on a stage in a room with a lot of people  watching.,There was a man in the front row with a yellow hat on. I was on a stage in a room with a lot of people  watching. I was on some sort of panel,There was a man in the front row with a yellow hat on. I was on a stage in a room with a lot of people  watching. I was on some sort of panel and writing notes on paper. ,There was a man in the front row with a yellow hat on. I was on a stage in a room with a lot of people  watching. I was on some sort of panel and writing notes on paper. I  remember the man had a blue sweater/top on also.,There was a man in the front row with a yellow hat on. I was on a stage in a room with a lot of people  watching. I was on some sort of panel and writing notes on paper. I  remember the man had a blue sweater/top on also. It was in France at ACM MM2019.
20191023_134641_000,LSC23-KIS08,There was a man in the front row with a yellow hat on.,There was a man in the front row with a yellow hat on. I was on a stage in a room with a lot of people  watching.,There was a man in the front row with a yellow hat on. I was on a stage in a room with a lot of people  watching. I was on some sort of panel,There was a man in the front row with a yellow hat on. I was on a stage in a room with a lot of people  watching. I was on some sort of panel and writing notes on paper. ,There was a man in the front row with a yellow hat on. I was on a stage in a room with a lot of people  watching. I was on some sort of panel and writing notes on paper. I  remember the man had a blue sweater/top on also.,There was a man in the front row with a yellow hat on. I was on a stage in a room with a lot of people  watching. I was on some sort of panel and writing notes on paper. I  remember the man had a blue sweater/top on also. It was in France at ACM MM2019.
20191023_134658_000,LSC23-KIS08,There was a man in the front row with a yellow hat on.,There was a man in the front row with a yellow hat on. I was on a stage in a room with a lot of people  watching.,There was a man in the front row with a yellow hat on. I was on a stage in a room with a lot of people  watching. I was on some sort of panel,There was a man in the front row with a yellow hat on. I was on a stage in a room with a lot of people  watching. I was on some sort of panel and writing notes on paper. ,There was a man in the front row with a yellow hat on. I was on a stage in a room with a lot of people  watching. I was on some sort of panel and writing notes on paper. I  remember the man had a blue sweater/top on also.,There was a man in the front row with a yellow hat on. I was on a stage in a room with a lot of people  watching. I was on some sort of panel and writing notes on paper. I  remember the man had a blue sweater/top on also. It was in France at ACM MM2019.
20191023_134716_000,LSC23-KIS08,There was a man in the front row with a yellow hat on.,There was a man in the front row with a yellow hat on. I was on a stage in a room with a lot of people  watching.,There was a man in the front row with a yellow hat on. I was on a stage in a room with a lot of people  watching. I was on some sort of panel,There was a man in the front row with a yellow hat on. I was on a stage in a room with a lot of people  watching. I was on some sort of panel and writing notes on paper. ,There was a man in the front row with a yellow hat on. I was on a stage in a room with a lot of people  watching. I was on some sort of panel and writing notes on paper. I  remember the man had a blue sweater/top on also.,There was a man in the front row with a yellow hat on. I was on a stage in a room with a lot of people  watching. I was on some sort of panel and writing notes on paper. I  remember the man had a blue sweater/top on also. It was in France at ACM MM2019.
20191023_134733_000,LSC23-KIS08,There was a man in the front row with a yellow hat on.,There was a man in the front row with a yellow hat on. I was on a stage in a room with a lot of people  watching.,There was a man in the front row with a yellow hat on. I was on a stage in a room with a lot of people  watching. I was on some sort of panel,There was a man in the front row with a yellow hat on. I was on a stage in a room with a lot of people  watching. I was on some sort of panel and writing notes on paper. ,There was a man in the front row with a yellow hat on. I was on a stage in a room with a lot of people  watching. I was on some sort of panel and writing notes on paper. I  remember the man had a blue sweater/top on also.,There was a man in the front row with a yellow hat on. I was on a stage in a room with a lot of people  watching. I was on some sort of panel and writing notes on paper. I  remember the man had a blue sweater/top on also. It was in France at ACM MM2019.
20191023_134750_000,LSC23-KIS08,There was a man in the front row with a yellow hat on.,There was a man in the front row with a yellow hat on. I was on a stage in a room with a lot of people  watching.,There was a man in the front row with a yellow hat on. I was on a stage in a room with a lot of people  watching. I was on some sort of panel,There was a man in the front row with a yellow hat on. I was on a stage in a room with a lot of people  watching. I was on some sort of panel and writing notes on paper. ,There was a man in the front row with a yellow hat on. I was on a stage in a room with a lot of people  watching. I was on some sort of panel and writing notes on paper. I  remember the man had a blue sweater/top on also.,There was a man in the front row with a yellow hat on. I was on a stage in a room with a lot of people  watching. I was on some sort of panel and writing notes on paper. I  remember the man had a blue sweater/top on also. It was in France at ACM MM2019.
20191023_134807_000,LSC23-KIS08,There was a man in the front row with a yellow hat on.,There was a man in the front row with a yellow hat on. I was on a stage in a room with a lot of people  watching.,There was a man in the front row with a yellow hat on. I was on a stage in a room with a lot of people  watching. I was on some sort of panel,There was a man in the front row with a yellow hat on. I was on a stage in a room with a lot of people  watching. I was on some sort of panel and writing notes on paper. ,There was a man in the front row with a yellow hat on. I was on a stage in a room with a lot of people  watching. I was on some sort of panel and writing notes on paper. I  remember the man had a blue sweater/top on also.,There was a man in the front row with a yellow hat on. I was on a stage in a room with a lot of people  watching. I was on some sort of panel and writing notes on paper. I  remember the man had a blue sweater/top on also. It was in France at ACM MM2019.
20191023_134824_000,LSC23-KIS08,There was a man in the front row with a yellow hat on.,There was a man in the front row with a yellow hat on. I was on a stage in a room with a lot of people  watching.,There was a man in the front row with a yellow hat on. I was on a stage in a room with a lot of people  watching. I was on some sort of panel,There was a man in the front row with a yellow hat on. I was on a stage in a room with a lot of people  watching. I was on some sort of panel and writing notes on paper. ,There was a man in the front row with a yellow hat on. I was on a stage in a room with a lot of people  watching. I was on some sort of panel and writing notes on paper. I  remember the man had a blue sweater/top on also.,There was a man in the front row with a yellow hat on. I was on a stage in a room with a lot of people  watching. I was on some sort of panel and writing notes on paper. I  remember the man had a blue sweater/top on also. It was in France at ACM MM2019.
20191023_134841_000,LSC23-KIS08,There was a man in the front row with a yellow hat on.,There was a man in the front row with a yellow hat on. I was on a stage in a room with a lot of people  watching.,There was a man in the front row with a yellow hat on. I was on a stage in a room with a lot of people  watching. I was on some sort of panel,There was a man in the front row with a yellow hat on. I was on a stage in a room with a lot of people  watching. I was on some sort of panel and writing notes on paper. ,There was a man in the front row with a yellow hat on. I was on a stage in a room with a lot of people  watching. I was on some sort of panel and writing notes on paper. I  remember the man had a blue sweater/top on also.,There was a man in the front row with a yellow hat on. I was on a stage in a room with a lot of people  watching. I was on some sort of panel and writing notes on paper. I  remember the man had a blue sweater/top on also. It was in France at ACM MM2019.
20191023_134858_000,LSC23-KIS08,There was a man in the front row with a yellow hat on.,There was a man in the front row with a yellow hat on. I was on a stage in a room with a lot of people  watching.,There was a man in the front row with a yellow hat on. I was on a stage in a room with a lot of people  watching. I was on some sort of panel,There was a man in the front row with a yellow hat on. I was on a stage in a room with a lot of people  watching. I was on some sort of panel and writing notes on paper. ,There was a man in the front row with a yellow hat on. I was on a stage in a room with a lot of people  watching. I was on some sort of panel and writing notes on paper. I  remember the man had a blue sweater/top on also.,There was a man in the front row with a yellow hat on. I was on a stage in a room with a lot of people  watching. I was on some sort of panel and writing notes on paper. I  remember the man had a blue sweater/top on also. It was in France at ACM MM2019.
20191023_134915_000,LSC23-KIS08,There was a man in the front row with a yellow hat on.,There was a man in the front row with a yellow hat on. I was on a stage in a room with a lot of people  watching.,There was a man in the front row with a yellow hat on. I was on a stage in a room with a lot of people  watching. I was on some sort of panel,There was a man in the front row with a yellow hat on. I was on a stage in a room with a lot of people  watching. I was on some sort of panel and writing notes on paper. ,There was a man in the front row with a yellow hat on. I was on a stage in a room with a lot of people  watching. I was on some sort of panel and writing notes on paper. I  remember the man had a blue sweater/top on also.,There was a man in the front row with a yellow hat on. I was on a stage in a room with a lot of people  watching. I was on some sort of panel and writing notes on paper. I  remember the man had a blue sweater/top on also. It was in France at ACM MM2019.
20191023_134932_000,LSC23-KIS08,There was a man in the front row with a yellow hat on.,There was a man in the front row with a yellow hat on. I was on a stage in a room with a lot of people  watching.,There was a man in the front row with a yellow hat on. I was on a stage in a room with a lot of people  watching. I was on some sort of panel,There was a man in the front row with a yellow hat on. I was on a stage in a room with a lot of people  watching. I was on some sort of panel and writing notes on paper. ,There was a man in the front row with a yellow hat on. I was on a stage in a room with a lot of people  watching. I was on some sort of panel and writing notes on paper. I  remember the man had a blue sweater/top on also.,There was a man in the front row with a yellow hat on. I was on a stage in a room with a lot of people  watching. I was on some sort of panel and writing notes on paper. I  remember the man had a blue sweater/top on also. It was in France at ACM MM2019.
20191023_134949_000,LSC23-KIS08,There was a man in the front row with a yellow hat on.,There was a man in the front row with a yellow hat on. I was on a stage in a room with a lot of people  watching.,There was a man in the front row with a yellow hat on. I was on a stage in a room with a lot of people  watching. I was on some sort of panel,There was a man in the front row with a yellow hat on. I was on a stage in a room with a lot of people  watching. I was on some sort of panel and writing notes on paper. ,There was a man in the front row with a yellow hat on. I was on a stage in a room with a lot of people  watching. I was on some sort of panel and writing notes on paper. I  remember the man had a blue sweater/top on also.,There was a man in the front row with a yellow hat on. I was on a stage in a room with a lot of people  watching. I was on some sort of panel and writing notes on paper. I  remember the man had a blue sweater/top on also. It was in France at ACM MM2019.
20191023_135006_000,LSC23-KIS08,There was a man in the front row with a yellow hat on.,There was a man in the front row with a yellow hat on. I was on a stage in a room with a lot of people  watching.,There was a man in the front row with a yellow hat on. I was on a stage in a room with a lot of people  watching. I was on some sort of panel,There was a man in the front row with a yellow hat on. I was on a stage in a room with a lot of people  watching. I was on some sort of panel and writing notes on paper. ,There was a man in the front row with a yellow hat on. I was on a stage in a room with a lot of people  watching. I was on some sort of panel and writing notes on paper. I  remember the man had a blue sweater/top on also.,There was a man in the front row with a yellow hat on. I was on a stage in a room with a lot of people  watching. I was on some sort of panel and writing notes on paper. I  remember the man had a blue sweater/top on also. It was in France at ACM MM2019.
20191023_135024_000,LSC23-KIS08,There was a man in the front row with a yellow hat on.,There was a man in the front row with a yellow hat on. I was on a stage in a room with a lot of people  watching.,There was a man in the front row with a yellow hat on. I was on a stage in a room with a lot of people  watching. I was on some sort of panel,There was a man in the front row with a yellow hat on. I was on a stage in a room with a lot of people  watching. I was on some sort of panel and writing notes on paper. ,There was a man in the front row with a yellow hat on. I was on a stage in a room with a lot of people  watching. I was on some sort of panel and writing notes on paper. I  remember the man had a blue sweater/top on also.,There was a man in the front row with a yellow hat on. I was on a stage in a room with a lot of people  watching. I was on some sort of panel and writing notes on paper. I  remember the man had a blue sweater/top on also. It was in France at ACM MM2019.
20191023_135041_000,LSC23-KIS08,There was a man in the front row with a yellow hat on.,There was a man in the front row with a yellow hat on. I was on a stage in a room with a lot of people  watching.,There was a man in the front row with a yellow hat on. I was on a stage in a room with a lot of people  watching. I was on some sort of panel,There was a man in the front row with a yellow hat on. I was on a stage in a room with a lot of people  watching. I was on some sort of panel and writing notes on paper. ,There was a man in the front row with a yellow hat on. I was on a stage in a room with a lot of people  watching. I was on some sort of panel and writing notes on paper. I  remember the man had a blue sweater/top on also.,There was a man in the front row with a yellow hat on. I was on a stage in a room with a lot of people  watching. I was on some sort of panel and writing notes on paper. I  remember the man had a blue sweater/top on also. It was in France at ACM MM2019.
20191023_135058_000,LSC23-KIS08,There was a man in the front row with a yellow hat on.,There was a man in the front row with a yellow hat on. I was on a stage in a room with a lot of people  watching.,There was a man in the front row with a yellow hat on. I was on a stage in a room with a lot of people  watching. I was on some sort of panel,There was a man in the front row with a yellow hat on. I was on a stage in a room with a lot of people  watching. I was on some sort of panel and writing notes on paper. ,There was a man in the front row with a yellow hat on. I was on a stage in a room with a lot of people  watching. I was on some sort of panel and writing notes on paper. I  remember the man had a blue sweater/top on also.,There was a man in the front row with a yellow hat on. I was on a stage in a room with a lot of people  watching. I was on some sort of panel and writing notes on paper. I  remember the man had a blue sweater/top on also. It was in France at ACM MM2019.
20191023_135115_000,LSC23-KIS08,There was a man in the front row with a yellow hat on.,There was a man in the front row with a yellow hat on. I was on a stage in a room with a lot of people  watching.,There was a man in the front row with a yellow hat on. I was on a stage in a room with a lot of people  watching. I was on some sort of panel,There was a man in the front row with a yellow hat on. I was on a stage in a room with a lot of people  watching. I was on some sort of panel and writing notes on paper. ,There was a man in the front row with a yellow hat on. I was on a stage in a room with a lot of people  watching. I was on some sort of panel and writing notes on paper. I  remember the man had a blue sweater/top on also.,There was a man in the front row with a yellow hat on. I was on a stage in a room with a lot of people  watching. I was on some sort of panel and writing notes on paper. I  remember the man had a blue sweater/top on also. It was in France at ACM MM2019.
20191023_135132_000,LSC23-KIS08,There was a man in the front row with a yellow hat on.,There was a man in the front row with a yellow hat on. I was on a stage in a room with a lot of people  watching.,There was a man in the front row with a yellow hat on. I was on a stage in a room with a lot of people  watching. I was on some sort of panel,There was a man in the front row with a yellow hat on. I was on a stage in a room with a lot of people  watching. I was on some sort of panel and writing notes on paper. ,There was a man in the front row with a yellow hat on. I was on a stage in a room with a lot of people  watching. I was on some sort of panel and writing notes on paper. I  remember the man had a blue sweater/top on also.,There was a man in the front row with a yellow hat on. I was on a stage in a room with a lot of people  watching. I was on some sort of panel and writing notes on paper. I  remember the man had a blue sweater/top on also. It was in France at ACM MM2019.
20191023_135149_000,LSC23-KIS08,There was a man in the front row with a yellow hat on.,There was a man in the front row with a yellow hat on. I was on a stage in a room with a lot of people  watching.,There was a man in the front row with a yellow hat on. I was on a stage in a room with a lot of people  watching. I was on some sort of panel,There was a man in the front row with a yellow hat on. I was on a stage in a room with a lot of people  watching. I was on some sort of panel and writing notes on paper. ,There was a man in the front row with a yellow hat on. I was on a stage in a room with a lot of people  watching. I was on some sort of panel and writing notes on paper. I  remember the man had a blue sweater/top on also.,There was a man in the front row with a yellow hat on. I was on a stage in a room with a lot of people  watching. I was on some sort of panel and writing notes on paper. I  remember the man had a blue sweater/top on also. It was in France at ACM MM2019.
20191023_135206_000,LSC23-KIS08,There was a man in the front row with a yellow hat on.,There was a man in the front row with a yellow hat on. I was on a stage in a room with a lot of people  watching.,There was a man in the front row with a yellow hat on. I was on a stage in a room with a lot of people  watching. I was on some sort of panel,There was a man in the front row with a yellow hat on. I was on a stage in a room with a lot of people  watching. I was on some sort of panel and writing notes on paper. ,There was a man in the front row with a yellow hat on. I was on a stage in a room with a lot of people  watching. I was on some sort of panel and writing notes on paper. I  remember the man had a blue sweater/top on also.,There was a man in the front row with a yellow hat on. I was on a stage in a room with a lot of people  watching. I was on some sort of panel and writing notes on paper. I  remember the man had a blue sweater/top on also. It was in France at ACM MM2019.
20191023_135223_000,LSC23-KIS08,There was a man in the front row with a yellow hat on.,There was a man in the front row with a yellow hat on. I was on a stage in a room with a lot of people  watching.,There was a man in the front row with a yellow hat on. I was on a stage in a room with a lot of people  watching. I was on some sort of panel,There was a man in the front row with a yellow hat on. I was on a stage in a room with a lot of people  watching. I was on some sort of panel and writing notes on paper. ,There was a man in the front row with a yellow hat on. I was on a stage in a room with a lot of people  watching. I was on some sort of panel and writing notes on paper. I  remember the man had a blue sweater/top on also.,There was a man in the front row with a yellow hat on. I was on a stage in a room with a lot of people  watching. I was on some sort of panel and writing notes on paper. I  remember the man had a blue sweater/top on also. It was in France at ACM MM2019.
20191023_135240_000,LSC23-KIS08,There was a man in the front row with a yellow hat on.,There was a man in the front row with a yellow hat on. I was on a stage in a room with a lot of people  watching.,There was a man in the front row with a yellow hat on. I was on a stage in a room with a lot of people  watching. I was on some sort of panel,There was a man in the front row with a yellow hat on. I was on a stage in a room with a lot of people  watching. I was on some sort of panel and writing notes on paper. ,There was a man in the front row with a yellow hat on. I was on a stage in a room with a lot of people  watching. I was on some sort of panel and writing notes on paper. I  remember the man had a blue sweater/top on also.,There was a man in the front row with a yellow hat on. I was on a stage in a room with a lot of people  watching. I was on some sort of panel and writing notes on paper. I  remember the man had a blue sweater/top on also. It was in France at ACM MM2019.
20191023_135257_000,LSC23-KIS08,There was a man in the front row with a yellow hat on.,There was a man in the front row with a yellow hat on. I was on a stage in a room with a lot of people  watching.,There was a man in the front row with a yellow hat on. I was on a stage in a room with a lot of people  watching. I was on some sort of panel,There was a man in the front row with a yellow hat on. I was on a stage in a room with a lot of people  watching. I was on some sort of panel and writing notes on paper. ,There was a man in the front row with a yellow hat on. I was on a stage in a room with a lot of people  watching. I was on some sort of panel and writing notes on paper. I  remember the man had a blue sweater/top on also.,There was a man in the front row with a yellow hat on. I was on a stage in a room with a lot of people  watching. I was on some sort of panel and writing notes on paper. I  remember the man had a blue sweater/top on also. It was in France at ACM MM2019.
20191023_135314_000,LSC23-KIS08,There was a man in the front row with a yellow hat on.,There was a man in the front row with a yellow hat on. I was on a stage in a room with a lot of people  watching.,There was a man in the front row with a yellow hat on. I was on a stage in a room with a lot of people  watching. I was on some sort of panel,There was a man in the front row with a yellow hat on. I was on a stage in a room with a lot of people  watching. I was on some sort of panel and writing notes on paper. ,There was a man in the front row with a yellow hat on. I was on a stage in a room with a lot of people  watching. I was on some sort of panel and writing notes on paper. I  remember the man had a blue sweater/top on also.,There was a man in the front row with a yellow hat on. I was on a stage in a room with a lot of people  watching. I was on some sort of panel and writing notes on paper. I  remember the man had a blue sweater/top on also. It was in France at ACM MM2019.
20191023_135331_000,LSC23-KIS08,There was a man in the front row with a yellow hat on.,There was a man in the front row with a yellow hat on. I was on a stage in a room with a lot of people  watching.,There was a man in the front row with a yellow hat on. I was on a stage in a room with a lot of people  watching. I was on some sort of panel,There was a man in the front row with a yellow hat on. I was on a stage in a room with a lot of people  watching. I was on some sort of panel and writing notes on paper. ,There was a man in the front row with a yellow hat on. I was on a stage in a room with a lot of people  watching. I was on some sort of panel and writing notes on paper. I  remember the man had a blue sweater/top on also.,There was a man in the front row with a yellow hat on. I was on a stage in a room with a lot of people  watching. I was on some sort of panel and writing notes on paper. I  remember the man had a blue sweater/top on also. It was in France at ACM MM2019.
20191023_135349_000,LSC23-KIS08,There was a man in the front row with a yellow hat on.,There was a man in the front row with a yellow hat on. I was on a stage in a room with a lot of people  watching.,There was a man in the front row with a yellow hat on. I was on a stage in a room with a lot of people  watching. I was on some sort of panel,There was a man in the front row with a yellow hat on. I was on a stage in a room with a lot of people  watching. I was on some sort of panel and writing notes on paper. ,There was a man in the front row with a yellow hat on. I was on a stage in a room with a lot of people  watching. I was on some sort of panel and writing notes on paper. I  remember the man had a blue sweater/top on also.,There was a man in the front row with a yellow hat on. I was on a stage in a room with a lot of people  watching. I was on some sort of panel and writing notes on paper. I  remember the man had a blue sweater/top on also. It was in France at ACM MM2019.
20191023_135406_000,LSC23-KIS08,There was a man in the front row with a yellow hat on.,There was a man in the front row with a yellow hat on. I was on a stage in a room with a lot of people  watching.,There was a man in the front row with a yellow hat on. I was on a stage in a room with a lot of people  watching. I was on some sort of panel,There was a man in the front row with a yellow hat on. I was on a stage in a room with a lot of people  watching. I was on some sort of panel and writing notes on paper. ,There was a man in the front row with a yellow hat on. I was on a stage in a room with a lot of people  watching. I was on some sort of panel and writing notes on paper. I  remember the man had a blue sweater/top on also.,There was a man in the front row with a yellow hat on. I was on a stage in a room with a lot of people  watching. I was on some sort of panel and writing notes on paper. I  remember the man had a blue sweater/top on also. It was in France at ACM MM2019.
20191023_135423_000,LSC23-KIS08,There was a man in the front row with a yellow hat on.,There was a man in the front row with a yellow hat on. I was on a stage in a room with a lot of people  watching.,There was a man in the front row with a yellow hat on. I was on a stage in a room with a lot of people  watching. I was on some sort of panel,There was a man in the front row with a yellow hat on. I was on a stage in a room with a lot of people  watching. I was on some sort of panel and writing notes on paper. ,There was a man in the front row with a yellow hat on. I was on a stage in a room with a lot of people  watching. I was on some sort of panel and writing notes on paper. I  remember the man had a blue sweater/top on also.,There was a man in the front row with a yellow hat on. I was on a stage in a room with a lot of people  watching. I was on some sort of panel and writing notes on paper. I  remember the man had a blue sweater/top on also. It was in France at ACM MM2019.
20191023_135440_000,LSC23-KIS08,There was a man in the front row with a yellow hat on.,There was a man in the front row with a yellow hat on. I was on a stage in a room with a lot of people  watching.,There was a man in the front row with a yellow hat on. I was on a stage in a room with a lot of people  watching. I was on some sort of panel,There was a man in the front row with a yellow hat on. I was on a stage in a room with a lot of people  watching. I was on some sort of panel and writing notes on paper. ,There was a man in the front row with a yellow hat on. I was on a stage in a room with a lot of people  watching. I was on some sort of panel and writing notes on paper. I  remember the man had a blue sweater/top on also.,There was a man in the front row with a yellow hat on. I was on a stage in a room with a lot of people  watching. I was on some sort of panel and writing notes on paper. I  remember the man had a blue sweater/top on also. It was in France at ACM MM2019.
20191023_135457_000,LSC23-KIS08,There was a man in the front row with a yellow hat on.,There was a man in the front row with a yellow hat on. I was on a stage in a room with a lot of people  watching.,There was a man in the front row with a yellow hat on. I was on a stage in a room with a lot of people  watching. I was on some sort of panel,There was a man in the front row with a yellow hat on. I was on a stage in a room with a lot of people  watching. I was on some sort of panel and writing notes on paper. ,There was a man in the front row with a yellow hat on. I was on a stage in a room with a lot of people  watching. I was on some sort of panel and writing notes on paper. I  remember the man had a blue sweater/top on also.,There was a man in the front row with a yellow hat on. I was on a stage in a room with a lot of people  watching. I was on some sort of panel and writing notes on paper. I  remember the man had a blue sweater/top on also. It was in France at ACM MM2019.
20191023_135514_000,LSC23-KIS08,There was a man in the front row with a yellow hat on.,There was a man in the front row with a yellow hat on. I was on a stage in a room with a lot of people  watching.,There was a man in the front row with a yellow hat on. I was on a stage in a room with a lot of people  watching. I was on some sort of panel,There was a man in the front row with a yellow hat on. I was on a stage in a room with a lot of people  watching. I was on some sort of panel and writing notes on paper. ,There was a man in the front row with a yellow hat on. I was on a stage in a room with a lot of people  watching. I was on some sort of panel and writing notes on paper. I  remember the man had a blue sweater/top on also.,There was a man in the front row with a yellow hat on. I was on a stage in a room with a lot of people  watching. I was on some sort of panel and writing notes on paper. I  remember the man had a blue sweater/top on also. It was in France at ACM MM2019.
20191023_135531_000,LSC23-KIS08,There was a man in the front row with a yellow hat on.,There was a man in the front row with a yellow hat on. I was on a stage in a room with a lot of people  watching.,There was a man in the front row with a yellow hat on. I was on a stage in a room with a lot of people  watching. I was on some sort of panel,There was a man in the front row with a yellow hat on. I was on a stage in a room with a lot of people  watching. I was on some sort of panel and writing notes on paper. ,There was a man in the front row with a yellow hat on. I was on a stage in a room with a lot of people  watching. I was on some sort of panel and writing notes on paper. I  remember the man had a blue sweater/top on also.,There was a man in the front row with a yellow hat on. I was on a stage in a room with a lot of people  watching. I was on some sort of panel and writing notes on paper. I  remember the man had a blue sweater/top on also. It was in France at ACM MM2019.
20191023_135548_000,LSC23-KIS08,There was a man in the front row with a yellow hat on.,There was a man in the front row with a yellow hat on. I was on a stage in a room with a lot of people  watching.,There was a man in the front row with a yellow hat on. I was on a stage in a room with a lot of people  watching. I was on some sort of panel,There was a man in the front row with a yellow hat on. I was on a stage in a room with a lot of people  watching. I was on some sort of panel and writing notes on paper. ,There was a man in the front row with a yellow hat on. I was on a stage in a room with a lot of people  watching. I was on some sort of panel and writing notes on paper. I  remember the man had a blue sweater/top on also.,There was a man in the front row with a yellow hat on. I was on a stage in a room with a lot of people  watching. I was on some sort of panel and writing notes on paper. I  remember the man had a blue sweater/top on also. It was in France at ACM MM2019.
20191023_135605_000,LSC23-KIS08,There was a man in the front row with a yellow hat on.,There was a man in the front row with a yellow hat on. I was on a stage in a room with a lot of people  watching.,There was a man in the front row with a yellow hat on. I was on a stage in a room with a lot of people  watching. I was on some sort of panel,There was a man in the front row with a yellow hat on. I was on a stage in a room with a lot of people  watching. I was on some sort of panel and writing notes on paper. ,There was a man in the front row with a yellow hat on. I was on a stage in a room with a lot of people  watching. I was on some sort of panel and writing notes on paper. I  remember the man had a blue sweater/top on also.,There was a man in the front row with a yellow hat on. I was on a stage in a room with a lot of people  watching. I was on some sort of panel and writing notes on paper. I  remember the man had a blue sweater/top on also. It was in France at ACM MM2019.
20191023_135622_000,LSC23-KIS08,There was a man in the front row with a yellow hat on.,There was a man in the front row with a yellow hat on. I was on a stage in a room with a lot of people  watching.,There was a man in the front row with a yellow hat on. I was on a stage in a room with a lot of people  watching. I was on some sort of panel,There was a man in the front row with a yellow hat on. I was on a stage in a room with a lot of people  watching. I was on some sort of panel and writing notes on paper. ,There was a man in the front row with a yellow hat on. I was on a stage in a room with a lot of people  watching. I was on some sort of panel and writing notes on paper. I  remember the man had a blue sweater/top on also.,There was a man in the front row with a yellow hat on. I was on a stage in a room with a lot of people  watching. I was on some sort of panel and writing notes on paper. I  remember the man had a blue sweater/top on also. It was in France at ACM MM2019.
20191023_135639_000,LSC23-KIS08,There was a man in the front row with a yellow hat on.,There was a man in the front row with a yellow hat on. I was on a stage in a room with a lot of people  watching.,There was a man in the front row with a yellow hat on. I was on a stage in a room with a lot of people  watching. I was on some sort of panel,There was a man in the front row with a yellow hat on. I was on a stage in a room with a lot of people  watching. I was on some sort of panel and writing notes on paper. ,There was a man in the front row with a yellow hat on. I was on a stage in a room with a lot of people  watching. I was on some sort of panel and writing notes on paper. I  remember the man had a blue sweater/top on also.,There was a man in the front row with a yellow hat on. I was on a stage in a room with a lot of people  watching. I was on some sort of panel and writing notes on paper. I  remember the man had a blue sweater/top on also. It was in France at ACM MM2019.
20191023_135657_000,LSC23-KIS08,There was a man in the front row with a yellow hat on.,There was a man in the front row with a yellow hat on. I was on a stage in a room with a lot of people  watching.,There was a man in the front row with a yellow hat on. I was on a stage in a room with a lot of people  watching. I was on some sort of panel,There was a man in the front row with a yellow hat on. I was on a stage in a room with a lot of people  watching. I was on some sort of panel and writing notes on paper. ,There was a man in the front row with a yellow hat on. I was on a stage in a room with a lot of people  watching. I was on some sort of panel and writing notes on paper. I  remember the man had a blue sweater/top on also.,There was a man in the front row with a yellow hat on. I was on a stage in a room with a lot of people  watching. I was on some sort of panel and writing notes on paper. I  remember the man had a blue sweater/top on also. It was in France at ACM MM2019.
20191023_135714_000,LSC23-KIS08,There was a man in the front row with a yellow hat on.,There was a man in the front row with a yellow hat on. I was on a stage in a room with a lot of people  watching.,There was a man in the front row with a yellow hat on. I was on a stage in a room with a lot of people  watching. I was on some sort of panel,There was a man in the front row with a yellow hat on. I was on a stage in a room with a lot of people  watching. I was on some sort of panel and writing notes on paper. ,There was a man in the front row with a yellow hat on. I was on a stage in a room with a lot of people  watching. I was on some sort of panel and writing notes on paper. I  remember the man had a blue sweater/top on also.,There was a man in the front row with a yellow hat on. I was on a stage in a room with a lot of people  watching. I was on some sort of panel and writing notes on paper. I  remember the man had a blue sweater/top on also. It was in France at ACM MM2019.
20191023_135731_000,LSC23-KIS08,There was a man in the front row with a yellow hat on.,There was a man in the front row with a yellow hat on. I was on a stage in a room with a lot of people  watching.,There was a man in the front row with a yellow hat on. I was on a stage in a room with a lot of people  watching. I was on some sort of panel,There was a man in the front row with a yellow hat on. I was on a stage in a room with a lot of people  watching. I was on some sort of panel and writing notes on paper. ,There was a man in the front row with a yellow hat on. I was on a stage in a room with a lot of people  watching. I was on some sort of panel and writing notes on paper. I  remember the man had a blue sweater/top on also.,There was a man in the front row with a yellow hat on. I was on a stage in a room with a lot of people  watching. I was on some sort of panel and writing notes on paper. I  remember the man had a blue sweater/top on also. It was in France at ACM MM2019.
20191023_135748_000,LSC23-KIS08,There was a man in the front row with a yellow hat on.,There was a man in the front row with a yellow hat on. I was on a stage in a room with a lot of people  watching.,There was a man in the front row with a yellow hat on. I was on a stage in a room with a lot of people  watching. I was on some sort of panel,There was a man in the front row with a yellow hat on. I was on a stage in a room with a lot of people  watching. I was on some sort of panel and writing notes on paper. ,There was a man in the front row with a yellow hat on. I was on a stage in a room with a lot of people  watching. I was on some sort of panel and writing notes on paper. I  remember the man had a blue sweater/top on also.,There was a man in the front row with a yellow hat on. I was on a stage in a room with a lot of people  watching. I was on some sort of panel and writing notes on paper. I  remember the man had a blue sweater/top on also. It was in France at ACM MM2019.
20191023_135805_000,LSC23-KIS08,There was a man in the front row with a yellow hat on.,There was a man in the front row with a yellow hat on. I was on a stage in a room with a lot of people  watching.,There was a man in the front row with a yellow hat on. I was on a stage in a room with a lot of people  watching. I was on some sort of panel,There was a man in the front row with a yellow hat on. I was on a stage in a room with a lot of people  watching. I was on some sort of panel and writing notes on paper. ,There was a man in the front row with a yellow hat on. I was on a stage in a room with a lot of people  watching. I was on some sort of panel and writing notes on paper. I  remember the man had a blue sweater/top on also.,There was a man in the front row with a yellow hat on. I was on a stage in a room with a lot of people  watching. I was on some sort of panel and writing notes on paper. I  remember the man had a blue sweater/top on also. It was in France at ACM MM2019.
20191023_135822_000,LSC23-KIS08,There was a man in the front row with a yellow hat on.,There was a man in the front row with a yellow hat on. I was on a stage in a room with a lot of people  watching.,There was a man in the front row with a yellow hat on. I was on a stage in a room with a lot of people  watching. I was on some sort of panel,There was a man in the front row with a yellow hat on. I was on a stage in a room with a lot of people  watching. I was on some sort of panel and writing notes on paper. ,There was a man in the front row with a yellow hat on. I was on a stage in a room with a lot of people  watching. I was on some sort of panel and writing notes on paper. I  remember the man had a blue sweater/top on also.,There was a man in the front row with a yellow hat on. I was on a stage in a room with a lot of people  watching. I was on some sort of panel and writing notes on paper. I  remember the man had a blue sweater/top on also. It was in France at ACM MM2019.
20191023_135839_000,LSC23-KIS08,There was a man in the front row with a yellow hat on.,There was a man in the front row with a yellow hat on. I was on a stage in a room with a lot of people  watching.,There was a man in the front row with a yellow hat on. I was on a stage in a room with a lot of people  watching. I was on some sort of panel,There was a man in the front row with a yellow hat on. I was on a stage in a room with a lot of people  watching. I was on some sort of panel and writing notes on paper. ,There was a man in the front row with a yellow hat on. I was on a stage in a room with a lot of people  watching. I was on some sort of panel and writing notes on paper. I  remember the man had a blue sweater/top on also.,There was a man in the front row with a yellow hat on. I was on a stage in a room with a lot of people  watching. I was on some sort of panel and writing notes on paper. I  remember the man had a blue sweater/top on also. It was in France at ACM MM2019.
20191023_135856_000,LSC23-KIS08,There was a man in the front row with a yellow hat on.,There was a man in the front row with a yellow hat on. I was on a stage in a room with a lot of people  watching.,There was a man in the front row with a yellow hat on. I was on a stage in a room with a lot of people  watching. I was on some sort of panel,There was a man in the front row with a yellow hat on. I was on a stage in a room with a lot of people  watching. I was on some sort of panel and writing notes on paper. ,There was a man in the front row with a yellow hat on. I was on a stage in a room with a lot of people  watching. I was on some sort of panel and writing notes on paper. I  remember the man had a blue sweater/top on also.,There was a man in the front row with a yellow hat on. I was on a stage in a room with a lot of people  watching. I was on some sort of panel and writing notes on paper. I  remember the man had a blue sweater/top on also. It was in France at ACM MM2019.
20191023_135913_000,LSC23-KIS08,There was a man in the front row with a yellow hat on.,There was a man in the front row with a yellow hat on. I was on a stage in a room with a lot of people  watching.,There was a man in the front row with a yellow hat on. I was on a stage in a room with a lot of people  watching. I was on some sort of panel,There was a man in the front row with a yellow hat on. I was on a stage in a room with a lot of people  watching. I was on some sort of panel and writing notes on paper. ,There was a man in the front row with a yellow hat on. I was on a stage in a room with a lot of people  watching. I was on some sort of panel and writing notes on paper. I  remember the man had a blue sweater/top on also.,There was a man in the front row with a yellow hat on. I was on a stage in a room with a lot of people  watching. I was on some sort of panel and writing notes on paper. I  remember the man had a blue sweater/top on also. It was in France at ACM MM2019.
20191023_135930_000,LSC23-KIS08,There was a man in the front row with a yellow hat on.,There was a man in the front row with a yellow hat on. I was on a stage in a room with a lot of people  watching.,There was a man in the front row with a yellow hat on. I was on a stage in a room with a lot of people  watching. I was on some sort of panel,There was a man in the front row with a yellow hat on. I was on a stage in a room with a lot of people  watching. I was on some sort of panel and writing notes on paper. ,There was a man in the front row with a yellow hat on. I was on a stage in a room with a lot of people  watching. I was on some sort of panel and writing notes on paper. I  remember the man had a blue sweater/top on also.,There was a man in the front row with a yellow hat on. I was on a stage in a room with a lot of people  watching. I was on some sort of panel and writing notes on paper. I  remember the man had a blue sweater/top on also. It was in France at ACM MM2019.
20191023_135947_000,LSC23-KIS08,There was a man in the front row with a yellow hat on.,There was a man in the front row with a yellow hat on. I was on a stage in a room with a lot of people  watching.,There was a man in the front row with a yellow hat on. I was on a stage in a room with a lot of people  watching. I was on some sort of panel,There was a man in the front row with a yellow hat on. I was on a stage in a room with a lot of people  watching. I was on some sort of panel and writing notes on paper. ,There was a man in the front row with a yellow hat on. I was on a stage in a room with a lot of people  watching. I was on some sort of panel and writing notes on paper. I  remember the man had a blue sweater/top on also.,There was a man in the front row with a yellow hat on. I was on a stage in a room with a lot of people  watching. I was on some sort of panel and writing notes on paper. I  remember the man had a blue sweater/top on also. It was in France at ACM MM2019.
20191023_140004_000,LSC23-KIS08,There was a man in the front row with a yellow hat on.,There was a man in the front row with a yellow hat on. I was on a stage in a room with a lot of people  watching.,There was a man in the front row with a yellow hat on. I was on a stage in a room with a lot of people  watching. I was on some sort of panel,There was a man in the front row with a yellow hat on. I was on a stage in a room with a lot of people  watching. I was on some sort of panel and writing notes on paper. ,There was a man in the front row with a yellow hat on. I was on a stage in a room with a lot of people  watching. I was on some sort of panel and writing notes on paper. I  remember the man had a blue sweater/top on also.,There was a man in the front row with a yellow hat on. I was on a stage in a room with a lot of people  watching. I was on some sort of panel and writing notes on paper. I  remember the man had a blue sweater/top on also. It was in France at ACM MM2019.
20191023_140022_000,LSC23-KIS08,There was a man in the front row with a yellow hat on.,There was a man in the front row with a yellow hat on. I was on a stage in a room with a lot of people  watching.,There was a man in the front row with a yellow hat on. I was on a stage in a room with a lot of people  watching. I was on some sort of panel,There was a man in the front row with a yellow hat on. I was on a stage in a room with a lot of people  watching. I was on some sort of panel and writing notes on paper. ,There was a man in the front row with a yellow hat on. I was on a stage in a room with a lot of people  watching. I was on some sort of panel and writing notes on paper. I  remember the man had a blue sweater/top on also.,There was a man in the front row with a yellow hat on. I was on a stage in a room with a lot of people  watching. I was on some sort of panel and writing notes on paper. I  remember the man had a blue sweater/top on also. It was in France at ACM MM2019.
20191023_140039_000,LSC23-KIS08,There was a man in the front row with a yellow hat on.,There was a man in the front row with a yellow hat on. I was on a stage in a room with a lot of people  watching.,There was a man in the front row with a yellow hat on. I was on a stage in a room with a lot of people  watching. I was on some sort of panel,There was a man in the front row with a yellow hat on. I was on a stage in a room with a lot of people  watching. I was on some sort of panel and writing notes on paper. ,There was a man in the front row with a yellow hat on. I was on a stage in a room with a lot of people  watching. I was on some sort of panel and writing notes on paper. I  remember the man had a blue sweater/top on also.,There was a man in the front row with a yellow hat on. I was on a stage in a room with a lot of people  watching. I was on some sort of panel and writing notes on paper. I  remember the man had a blue sweater/top on also. It was in France at ACM MM2019.
20191023_140056_000,LSC23-KIS08,There was a man in the front row with a yellow hat on.,There was a man in the front row with a yellow hat on. I was on a stage in a room with a lot of people  watching.,There was a man in the front row with a yellow hat on. I was on a stage in a room with a lot of people  watching. I was on some sort of panel,There was a man in the front row with a yellow hat on. I was on a stage in a room with a lot of people  watching. I was on some sort of panel and writing notes on paper. ,There was a man in the front row with a yellow hat on. I was on a stage in a room with a lot of people  watching. I was on some sort of panel and writing notes on paper. I  remember the man had a blue sweater/top on also.,There was a man in the front row with a yellow hat on. I was on a stage in a room with a lot of people  watching. I was on some sort of panel and writing notes on paper. I  remember the man had a blue sweater/top on also. It was in France at ACM MM2019.
20191023_140113_000,LSC23-KIS08,There was a man in the front row with a yellow hat on.,There was a man in the front row with a yellow hat on. I was on a stage in a room with a lot of people  watching.,There was a man in the front row with a yellow hat on. I was on a stage in a room with a lot of people  watching. I was on some sort of panel,There was a man in the front row with a yellow hat on. I was on a stage in a room with a lot of people  watching. I was on some sort of panel and writing notes on paper. ,There was a man in the front row with a yellow hat on. I was on a stage in a room with a lot of people  watching. I was on some sort of panel and writing notes on paper. I  remember the man had a blue sweater/top on also.,There was a man in the front row with a yellow hat on. I was on a stage in a room with a lot of people  watching. I was on some sort of panel and writing notes on paper. I  remember the man had a blue sweater/top on also. It was in France at ACM MM2019.
20191023_140130_000,LSC23-KIS08,There was a man in the front row with a yellow hat on.,There was a man in the front row with a yellow hat on. I was on a stage in a room with a lot of people  watching.,There was a man in the front row with a yellow hat on. I was on a stage in a room with a lot of people  watching. I was on some sort of panel,There was a man in the front row with a yellow hat on. I was on a stage in a room with a lot of people  watching. I was on some sort of panel and writing notes on paper. ,There was a man in the front row with a yellow hat on. I was on a stage in a room with a lot of people  watching. I was on some sort of panel and writing notes on paper. I  remember the man had a blue sweater/top on also.,There was a man in the front row with a yellow hat on. I was on a stage in a room with a lot of people  watching. I was on some sort of panel and writing notes on paper. I  remember the man had a blue sweater/top on also. It was in France at ACM MM2019.
20191023_140147_000,LSC23-KIS08,There was a man in the front row with a yellow hat on.,There was a man in the front row with a yellow hat on. I was on a stage in a room with a lot of people  watching.,There was a man in the front row with a yellow hat on. I was on a stage in a room with a lot of people  watching. I was on some sort of panel,There was a man in the front row with a yellow hat on. I was on a stage in a room with a lot of people  watching. I was on some sort of panel and writing notes on paper. ,There was a man in the front row with a yellow hat on. I was on a stage in a room with a lot of people  watching. I was on some sort of panel and writing notes on paper. I  remember the man had a blue sweater/top on also.,There was a man in the front row with a yellow hat on. I was on a stage in a room with a lot of people  watching. I was on some sort of panel and writing notes on paper. I  remember the man had a blue sweater/top on also. It was in France at ACM MM2019.
20191023_140204_000,LSC23-KIS08,There was a man in the front row with a yellow hat on.,There was a man in the front row with a yellow hat on. I was on a stage in a room with a lot of people  watching.,There was a man in the front row with a yellow hat on. I was on a stage in a room with a lot of people  watching. I was on some sort of panel,There was a man in the front row with a yellow hat on. I was on a stage in a room with a lot of people  watching. I was on some sort of panel and writing notes on paper. ,There was a man in the front row with a yellow hat on. I was on a stage in a room with a lot of people  watching. I was on some sort of panel and writing notes on paper. I  remember the man had a blue sweater/top on also.,There was a man in the front row with a yellow hat on. I was on a stage in a room with a lot of people  watching. I was on some sort of panel and writing notes on paper. I  remember the man had a blue sweater/top on also. It was in France at ACM MM2019.
20191023_140221_000,LSC23-KIS08,There was a man in the front row with a yellow hat on.,There was a man in the front row with a yellow hat on. I was on a stage in a room with a lot of people  watching.,There was a man in the front row with a yellow hat on. I was on a stage in a room with a lot of people  watching. I was on some sort of panel,There was a man in the front row with a yellow hat on. I was on a stage in a room with a lot of people  watching. I was on some sort of panel and writing notes on paper. ,There was a man in the front row with a yellow hat on. I was on a stage in a room with a lot of people  watching. I was on some sort of panel and writing notes on paper. I  remember the man had a blue sweater/top on also.,There was a man in the front row with a yellow hat on. I was on a stage in a room with a lot of people  watching. I was on some sort of panel and writing notes on paper. I  remember the man had a blue sweater/top on also. It was in France at ACM MM2019.
20191023_140238_000,LSC23-KIS08,There was a man in the front row with a yellow hat on.,There was a man in the front row with a yellow hat on. I was on a stage in a room with a lot of people  watching.,There was a man in the front row with a yellow hat on. I was on a stage in a room with a lot of people  watching. I was on some sort of panel,There was a man in the front row with a yellow hat on. I was on a stage in a room with a lot of people  watching. I was on some sort of panel and writing notes on paper. ,There was a man in the front row with a yellow hat on. I was on a stage in a room with a lot of people  watching. I was on some sort of panel and writing notes on paper. I  remember the man had a blue sweater/top on also.,There was a man in the front row with a yellow hat on. I was on a stage in a room with a lot of people  watching. I was on some sort of panel and writing notes on paper. I  remember the man had a blue sweater/top on also. It was in France at ACM MM2019.
20191023_140255_000,LSC23-KIS08,There was a man in the front row with a yellow hat on.,There was a man in the front row with a yellow hat on. I was on a stage in a room with a lot of people  watching.,There was a man in the front row with a yellow hat on. I was on a stage in a room with a lot of people  watching. I was on some sort of panel,There was a man in the front row with a yellow hat on. I was on a stage in a room with a lot of people  watching. I was on some sort of panel and writing notes on paper. ,There was a man in the front row with a yellow hat on. I was on a stage in a room with a lot of people  watching. I was on some sort of panel and writing notes on paper. I  remember the man had a blue sweater/top on also.,There was a man in the front row with a yellow hat on. I was on a stage in a room with a lot of people  watching. I was on some sort of panel and writing notes on paper. I  remember the man had a blue sweater/top on also. It was in France at ACM MM2019.
20191023_140312_000,LSC23-KIS08,There was a man in the front row with a yellow hat on.,There was a man in the front row with a yellow hat on. I was on a stage in a room with a lot of people  watching.,There was a man in the front row with a yellow hat on. I was on a stage in a room with a lot of people  watching. I was on some sort of panel,There was a man in the front row with a yellow hat on. I was on a stage in a room with a lot of people  watching. I was on some sort of panel and writing notes on paper. ,There was a man in the front row with a yellow hat on. I was on a stage in a room with a lot of people  watching. I was on some sort of panel and writing notes on paper. I  remember the man had a blue sweater/top on also.,There was a man in the front row with a yellow hat on. I was on a stage in a room with a lot of people  watching. I was on some sort of panel and writing notes on paper. I  remember the man had a blue sweater/top on also. It was in France at ACM MM2019.
20191023_140329_000,LSC23-KIS08,There was a man in the front row with a yellow hat on.,There was a man in the front row with a yellow hat on. I was on a stage in a room with a lot of people  watching.,There was a man in the front row with a yellow hat on. I was on a stage in a room with a lot of people  watching. I was on some sort of panel,There was a man in the front row with a yellow hat on. I was on a stage in a room with a lot of people  watching. I was on some sort of panel and writing notes on paper. ,There was a man in the front row with a yellow hat on. I was on a stage in a room with a lot of people  watching. I was on some sort of panel and writing notes on paper. I  remember the man had a blue sweater/top on also.,There was a man in the front row with a yellow hat on. I was on a stage in a room with a lot of people  watching. I was on some sort of panel and writing notes on paper. I  remember the man had a blue sweater/top on also. It was in France at ACM MM2019.
20191023_140401_000,LSC23-KIS08,There was a man in the front row with a yellow hat on.,There was a man in the front row with a yellow hat on. I was on a stage in a room with a lot of people  watching.,There was a man in the front row with a yellow hat on. I was on a stage in a room with a lot of people  watching. I was on some sort of panel,There was a man in the front row with a yellow hat on. I was on a stage in a room with a lot of people  watching. I was on some sort of panel and writing notes on paper. ,There was a man in the front row with a yellow hat on. I was on a stage in a room with a lot of people  watching. I was on some sort of panel and writing notes on paper. I  remember the man had a blue sweater/top on also.,There was a man in the front row with a yellow hat on. I was on a stage in a room with a lot of people  watching. I was on some sort of panel and writing notes on paper. I  remember the man had a blue sweater/top on also. It was in France at ACM MM2019.
20191023_140418_000,LSC23-KIS08,There was a man in the front row with a yellow hat on.,There was a man in the front row with a yellow hat on. I was on a stage in a room with a lot of people  watching.,There was a man in the front row with a yellow hat on. I was on a stage in a room with a lot of people  watching. I was on some sort of panel,There was a man in the front row with a yellow hat on. I was on a stage in a room with a lot of people  watching. I was on some sort of panel and writing notes on paper. ,There was a man in the front row with a yellow hat on. I was on a stage in a room with a lot of people  watching. I was on some sort of panel and writing notes on paper. I  remember the man had a blue sweater/top on also.,There was a man in the front row with a yellow hat on. I was on a stage in a room with a lot of people  watching. I was on some sort of panel and writing notes on paper. I  remember the man had a blue sweater/top on also. It was in France at ACM MM2019.
20191023_140435_000,LSC23-KIS08,There was a man in the front row with a yellow hat on.,There was a man in the front row with a yellow hat on. I was on a stage in a room with a lot of people  watching.,There was a man in the front row with a yellow hat on. I was on a stage in a room with a lot of people  watching. I was on some sort of panel,There was a man in the front row with a yellow hat on. I was on a stage in a room with a lot of people  watching. I was on some sort of panel and writing notes on paper. ,There was a man in the front row with a yellow hat on. I was on a stage in a room with a lot of people  watching. I was on some sort of panel and writing notes on paper. I  remember the man had a blue sweater/top on also.,There was a man in the front row with a yellow hat on. I was on a stage in a room with a lot of people  watching. I was on some sort of panel and writing notes on paper. I  remember the man had a blue sweater/top on also. It was in France at ACM MM2019.
20191023_140452_000,LSC23-KIS08,There was a man in the front row with a yellow hat on.,There was a man in the front row with a yellow hat on. I was on a stage in a room with a lot of people  watching.,There was a man in the front row with a yellow hat on. I was on a stage in a room with a lot of people  watching. I was on some sort of panel,There was a man in the front row with a yellow hat on. I was on a stage in a room with a lot of people  watching. I was on some sort of panel and writing notes on paper. ,There was a man in the front row with a yellow hat on. I was on a stage in a room with a lot of people  watching. I was on some sort of panel and writing notes on paper. I  remember the man had a blue sweater/top on also.,There was a man in the front row with a yellow hat on. I was on a stage in a room with a lot of people  watching. I was on some sort of panel and writing notes on paper. I  remember the man had a blue sweater/top on also. It was in France at ACM MM2019.
20191023_140509_000,LSC23-KIS08,There was a man in the front row with a yellow hat on.,There was a man in the front row with a yellow hat on. I was on a stage in a room with a lot of people  watching.,There was a man in the front row with a yellow hat on. I was on a stage in a room with a lot of people  watching. I was on some sort of panel,There was a man in the front row with a yellow hat on. I was on a stage in a room with a lot of people  watching. I was on some sort of panel and writing notes on paper. ,There was a man in the front row with a yellow hat on. I was on a stage in a room with a lot of people  watching. I was on some sort of panel and writing notes on paper. I  remember the man had a blue sweater/top on also.,There was a man in the front row with a yellow hat on. I was on a stage in a room with a lot of people  watching. I was on some sort of panel and writing notes on paper. I  remember the man had a blue sweater/top on also. It was in France at ACM MM2019.
20191023_140526_000,LSC23-KIS08,There was a man in the front row with a yellow hat on.,There was a man in the front row with a yellow hat on. I was on a stage in a room with a lot of people  watching.,There was a man in the front row with a yellow hat on. I was on a stage in a room with a lot of people  watching. I was on some sort of panel,There was a man in the front row with a yellow hat on. I was on a stage in a room with a lot of people  watching. I was on some sort of panel and writing notes on paper. ,There was a man in the front row with a yellow hat on. I was on a stage in a room with a lot of people  watching. I was on some sort of panel and writing notes on paper. I  remember the man had a blue sweater/top on also.,There was a man in the front row with a yellow hat on. I was on a stage in a room with a lot of people  watching. I was on some sort of panel and writing notes on paper. I  remember the man had a blue sweater/top on also. It was in France at ACM MM2019.
20191023_140543_000,LSC23-KIS08,There was a man in the front row with a yellow hat on.,There was a man in the front row with a yellow hat on. I was on a stage in a room with a lot of people  watching.,There was a man in the front row with a yellow hat on. I was on a stage in a room with a lot of people  watching. I was on some sort of panel,There was a man in the front row with a yellow hat on. I was on a stage in a room with a lot of people  watching. I was on some sort of panel and writing notes on paper. ,There was a man in the front row with a yellow hat on. I was on a stage in a room with a lot of people  watching. I was on some sort of panel and writing notes on paper. I  remember the man had a blue sweater/top on also.,There was a man in the front row with a yellow hat on. I was on a stage in a room with a lot of people  watching. I was on some sort of panel and writing notes on paper. I  remember the man had a blue sweater/top on also. It was in France at ACM MM2019.
20191023_140600_000,LSC23-KIS08,There was a man in the front row with a yellow hat on.,There was a man in the front row with a yellow hat on. I was on a stage in a room with a lot of people  watching.,There was a man in the front row with a yellow hat on. I was on a stage in a room with a lot of people  watching. I was on some sort of panel,There was a man in the front row with a yellow hat on. I was on a stage in a room with a lot of people  watching. I was on some sort of panel and writing notes on paper. ,There was a man in the front row with a yellow hat on. I was on a stage in a room with a lot of people  watching. I was on some sort of panel and writing notes on paper. I  remember the man had a blue sweater/top on also.,There was a man in the front row with a yellow hat on. I was on a stage in a room with a lot of people  watching. I was on some sort of panel and writing notes on paper. I  remember the man had a blue sweater/top on also. It was in France at ACM MM2019.
20191023_140617_000,LSC23-KIS08,There was a man in the front row with a yellow hat on.,There was a man in the front row with a yellow hat on. I was on a stage in a room with a lot of people  watching.,There was a man in the front row with a yellow hat on. I was on a stage in a room with a lot of people  watching. I was on some sort of panel,There was a man in the front row with a yellow hat on. I was on a stage in a room with a lot of people  watching. I was on some sort of panel and writing notes on paper. ,There was a man in the front row with a yellow hat on. I was on a stage in a room with a lot of people  watching. I was on some sort of panel and writing notes on paper. I  remember the man had a blue sweater/top on also.,There was a man in the front row with a yellow hat on. I was on a stage in a room with a lot of people  watching. I was on some sort of panel and writing notes on paper. I  remember the man had a blue sweater/top on also. It was in France at ACM MM2019.
20191023_140634_000,LSC23-KIS08,There was a man in the front row with a yellow hat on.,There was a man in the front row with a yellow hat on. I was on a stage in a room with a lot of people  watching.,There was a man in the front row with a yellow hat on. I was on a stage in a room with a lot of people  watching. I was on some sort of panel,There was a man in the front row with a yellow hat on. I was on a stage in a room with a lot of people  watching. I was on some sort of panel and writing notes on paper. ,There was a man in the front row with a yellow hat on. I was on a stage in a room with a lot of people  watching. I was on some sort of panel and writing notes on paper. I  remember the man had a blue sweater/top on also.,There was a man in the front row with a yellow hat on. I was on a stage in a room with a lot of people  watching. I was on some sort of panel and writing notes on paper. I  remember the man had a blue sweater/top on also. It was in France at ACM MM2019.
20191023_140652_000,LSC23-KIS08,There was a man in the front row with a yellow hat on.,There was a man in the front row with a yellow hat on. I was on a stage in a room with a lot of people  watching.,There was a man in the front row with a yellow hat on. I was on a stage in a room with a lot of people  watching. I was on some sort of panel,There was a man in the front row with a yellow hat on. I was on a stage in a room with a lot of people  watching. I was on some sort of panel and writing notes on paper. ,There was a man in the front row with a yellow hat on. I was on a stage in a room with a lot of people  watching. I was on some sort of panel and writing notes on paper. I  remember the man had a blue sweater/top on also.,There was a man in the front row with a yellow hat on. I was on a stage in a room with a lot of people  watching. I was on some sort of panel and writing notes on paper. I  remember the man had a blue sweater/top on also. It was in France at ACM MM2019.
20191023_140710_000,LSC23-KIS08,There was a man in the front row with a yellow hat on.,There was a man in the front row with a yellow hat on. I was on a stage in a room with a lot of people  watching.,There was a man in the front row with a yellow hat on. I was on a stage in a room with a lot of people  watching. I was on some sort of panel,There was a man in the front row with a yellow hat on. I was on a stage in a room with a lot of people  watching. I was on some sort of panel and writing notes on paper. ,There was a man in the front row with a yellow hat on. I was on a stage in a room with a lot of people  watching. I was on some sort of panel and writing notes on paper. I  remember the man had a blue sweater/top on also.,There was a man in the front row with a yellow hat on. I was on a stage in a room with a lot of people  watching. I was on some sort of panel and writing notes on paper. I  remember the man had a blue sweater/top on also. It was in France at ACM MM2019.
20191023_140727_000,LSC23-KIS08,There was a man in the front row with a yellow hat on.,There was a man in the front row with a yellow hat on. I was on a stage in a room with a lot of people  watching.,There was a man in the front row with a yellow hat on. I was on a stage in a room with a lot of people  watching. I was on some sort of panel,There was a man in the front row with a yellow hat on. I was on a stage in a room with a lot of people  watching. I was on some sort of panel and writing notes on paper. ,There was a man in the front row with a yellow hat on. I was on a stage in a room with a lot of people  watching. I was on some sort of panel and writing notes on paper. I  remember the man had a blue sweater/top on also.,There was a man in the front row with a yellow hat on. I was on a stage in a room with a lot of people  watching. I was on some sort of panel and writing notes on paper. I  remember the man had a blue sweater/top on also. It was in France at ACM MM2019.
20191023_140744_000,LSC23-KIS08,There was a man in the front row with a yellow hat on.,There was a man in the front row with a yellow hat on. I was on a stage in a room with a lot of people  watching.,There was a man in the front row with a yellow hat on. I was on a stage in a room with a lot of people  watching. I was on some sort of panel,There was a man in the front row with a yellow hat on. I was on a stage in a room with a lot of people  watching. I was on some sort of panel and writing notes on paper. ,There was a man in the front row with a yellow hat on. I was on a stage in a room with a lot of people  watching. I was on some sort of panel and writing notes on paper. I  remember the man had a blue sweater/top on also.,There was a man in the front row with a yellow hat on. I was on a stage in a room with a lot of people  watching. I was on some sort of panel and writing notes on paper. I  remember the man had a blue sweater/top on also. It was in France at ACM MM2019.
20191023_140801_000,LSC23-KIS08,There was a man in the front row with a yellow hat on.,There was a man in the front row with a yellow hat on. I was on a stage in a room with a lot of people  watching.,There was a man in the front row with a yellow hat on. I was on a stage in a room with a lot of people  watching. I was on some sort of panel,There was a man in the front row with a yellow hat on. I was on a stage in a room with a lot of people  watching. I was on some sort of panel and writing notes on paper. ,There was a man in the front row with a yellow hat on. I was on a stage in a room with a lot of people  watching. I was on some sort of panel and writing notes on paper. I  remember the man had a blue sweater/top on also.,There was a man in the front row with a yellow hat on. I was on a stage in a room with a lot of people  watching. I was on some sort of panel and writing notes on paper. I  remember the man had a blue sweater/top on also. It was in France at ACM MM2019.
20191023_140818_000,LSC23-KIS08,There was a man in the front row with a yellow hat on.,There was a man in the front row with a yellow hat on. I was on a stage in a room with a lot of people  watching.,There was a man in the front row with a yellow hat on. I was on a stage in a room with a lot of people  watching. I was on some sort of panel,There was a man in the front row with a yellow hat on. I was on a stage in a room with a lot of people  watching. I was on some sort of panel and writing notes on paper. ,There was a man in the front row with a yellow hat on. I was on a stage in a room with a lot of people  watching. I was on some sort of panel and writing notes on paper. I  remember the man had a blue sweater/top on also.,There was a man in the front row with a yellow hat on. I was on a stage in a room with a lot of people  watching. I was on some sort of panel and writing notes on paper. I  remember the man had a blue sweater/top on also. It was in France at ACM MM2019.
20191023_140835_000,LSC23-KIS08,There was a man in the front row with a yellow hat on.,There was a man in the front row with a yellow hat on. I was on a stage in a room with a lot of people  watching.,There was a man in the front row with a yellow hat on. I was on a stage in a room with a lot of people  watching. I was on some sort of panel,There was a man in the front row with a yellow hat on. I was on a stage in a room with a lot of people  watching. I was on some sort of panel and writing notes on paper. ,There was a man in the front row with a yellow hat on. I was on a stage in a room with a lot of people  watching. I was on some sort of panel and writing notes on paper. I  remember the man had a blue sweater/top on also.,There was a man in the front row with a yellow hat on. I was on a stage in a room with a lot of people  watching. I was on some sort of panel and writing notes on paper. I  remember the man had a blue sweater/top on also. It was in France at ACM MM2019.
20191023_140852_000,LSC23-KIS08,There was a man in the front row with a yellow hat on.,There was a man in the front row with a yellow hat on. I was on a stage in a room with a lot of people  watching.,There was a man in the front row with a yellow hat on. I was on a stage in a room with a lot of people  watching. I was on some sort of panel,There was a man in the front row with a yellow hat on. I was on a stage in a room with a lot of people  watching. I was on some sort of panel and writing notes on paper. ,There was a man in the front row with a yellow hat on. I was on a stage in a room with a lot of people  watching. I was on some sort of panel and writing notes on paper. I  remember the man had a blue sweater/top on also.,There was a man in the front row with a yellow hat on. I was on a stage in a room with a lot of people  watching. I was on some sort of panel and writing notes on paper. I  remember the man had a blue sweater/top on also. It was in France at ACM MM2019.
20191023_140909_000,LSC23-KIS08,There was a man in the front row with a yellow hat on.,There was a man in the front row with a yellow hat on. I was on a stage in a room with a lot of people  watching.,There was a man in the front row with a yellow hat on. I was on a stage in a room with a lot of people  watching. I was on some sort of panel,There was a man in the front row with a yellow hat on. I was on a stage in a room with a lot of people  watching. I was on some sort of panel and writing notes on paper. ,There was a man in the front row with a yellow hat on. I was on a stage in a room with a lot of people  watching. I was on some sort of panel and writing notes on paper. I  remember the man had a blue sweater/top on also.,There was a man in the front row with a yellow hat on. I was on a stage in a room with a lot of people  watching. I was on some sort of panel and writing notes on paper. I  remember the man had a blue sweater/top on also. It was in France at ACM MM2019.
20191023_140926_000,LSC23-KIS08,There was a man in the front row with a yellow hat on.,There was a man in the front row with a yellow hat on. I was on a stage in a room with a lot of people  watching.,There was a man in the front row with a yellow hat on. I was on a stage in a room with a lot of people  watching. I was on some sort of panel,There was a man in the front row with a yellow hat on. I was on a stage in a room with a lot of people  watching. I was on some sort of panel and writing notes on paper. ,There was a man in the front row with a yellow hat on. I was on a stage in a room with a lot of people  watching. I was on some sort of panel and writing notes on paper. I  remember the man had a blue sweater/top on also.,There was a man in the front row with a yellow hat on. I was on a stage in a room with a lot of people  watching. I was on some sort of panel and writing notes on paper. I  remember the man had a blue sweater/top on also. It was in France at ACM MM2019.
20191023_140943_000,LSC23-KIS08,There was a man in the front row with a yellow hat on.,There was a man in the front row with a yellow hat on. I was on a stage in a room with a lot of people  watching.,There was a man in the front row with a yellow hat on. I was on a stage in a room with a lot of people  watching. I was on some sort of panel,There was a man in the front row with a yellow hat on. I was on a stage in a room with a lot of people  watching. I was on some sort of panel and writing notes on paper. ,There was a man in the front row with a yellow hat on. I was on a stage in a room with a lot of people  watching. I was on some sort of panel and writing notes on paper. I  remember the man had a blue sweater/top on also.,There was a man in the front row with a yellow hat on. I was on a stage in a room with a lot of people  watching. I was on some sort of panel and writing notes on paper. I  remember the man had a blue sweater/top on also. It was in France at ACM MM2019.
20191023_141002_000,LSC23-KIS08,There was a man in the front row with a yellow hat on.,There was a man in the front row with a yellow hat on. I was on a stage in a room with a lot of people  watching.,There was a man in the front row with a yellow hat on. I was on a stage in a room with a lot of people  watching. I was on some sort of panel,There was a man in the front row with a yellow hat on. I was on a stage in a room with a lot of people  watching. I was on some sort of panel and writing notes on paper. ,There was a man in the front row with a yellow hat on. I was on a stage in a room with a lot of people  watching. I was on some sort of panel and writing notes on paper. I  remember the man had a blue sweater/top on also.,There was a man in the front row with a yellow hat on. I was on a stage in a room with a lot of people  watching. I was on some sort of panel and writing notes on paper. I  remember the man had a blue sweater/top on also. It was in France at ACM MM2019.
20191023_141019_000,LSC23-KIS08,There was a man in the front row with a yellow hat on.,There was a man in the front row with a yellow hat on. I was on a stage in a room with a lot of people  watching.,There was a man in the front row with a yellow hat on. I was on a stage in a room with a lot of people  watching. I was on some sort of panel,There was a man in the front row with a yellow hat on. I was on a stage in a room with a lot of people  watching. I was on some sort of panel and writing notes on paper. ,There was a man in the front row with a yellow hat on. I was on a stage in a room with a lot of people  watching. I was on some sort of panel and writing notes on paper. I  remember the man had a blue sweater/top on also.,There was a man in the front row with a yellow hat on. I was on a stage in a room with a lot of people  watching. I was on some sort of panel and writing notes on paper. I  remember the man had a blue sweater/top on also. It was in France at ACM MM2019.
20191023_141036_000,LSC23-KIS08,There was a man in the front row with a yellow hat on.,There was a man in the front row with a yellow hat on. I was on a stage in a room with a lot of people  watching.,There was a man in the front row with a yellow hat on. I was on a stage in a room with a lot of people  watching. I was on some sort of panel,There was a man in the front row with a yellow hat on. I was on a stage in a room with a lot of people  watching. I was on some sort of panel and writing notes on paper. ,There was a man in the front row with a yellow hat on. I was on a stage in a room with a lot of people  watching. I was on some sort of panel and writing notes on paper. I  remember the man had a blue sweater/top on also.,There was a man in the front row with a yellow hat on. I was on a stage in a room with a lot of people  watching. I was on some sort of panel and writing notes on paper. I  remember the man had a blue sweater/top on also. It was in France at ACM MM2019.
20191023_141053_000,LSC23-KIS08,There was a man in the front row with a yellow hat on.,There was a man in the front row with a yellow hat on. I was on a stage in a room with a lot of people  watching.,There was a man in the front row with a yellow hat on. I was on a stage in a room with a lot of people  watching. I was on some sort of panel,There was a man in the front row with a yellow hat on. I was on a stage in a room with a lot of people  watching. I was on some sort of panel and writing notes on paper. ,There was a man in the front row with a yellow hat on. I was on a stage in a room with a lot of people  watching. I was on some sort of panel and writing notes on paper. I  remember the man had a blue sweater/top on also.,There was a man in the front row with a yellow hat on. I was on a stage in a room with a lot of people  watching. I was on some sort of panel and writing notes on paper. I  remember the man had a blue sweater/top on also. It was in France at ACM MM2019.
20191023_141110_000,LSC23-KIS08,There was a man in the front row with a yellow hat on.,There was a man in the front row with a yellow hat on. I was on a stage in a room with a lot of people  watching.,There was a man in the front row with a yellow hat on. I was on a stage in a room with a lot of people  watching. I was on some sort of panel,There was a man in the front row with a yellow hat on. I was on a stage in a room with a lot of people  watching. I was on some sort of panel and writing notes on paper. ,There was a man in the front row with a yellow hat on. I was on a stage in a room with a lot of people  watching. I was on some sort of panel and writing notes on paper. I  remember the man had a blue sweater/top on also.,There was a man in the front row with a yellow hat on. I was on a stage in a room with a lot of people  watching. I was on some sort of panel and writing notes on paper. I  remember the man had a blue sweater/top on also. It was in France at ACM MM2019.
20191023_141127_000,LSC23-KIS08,There was a man in the front row with a yellow hat on.,There was a man in the front row with a yellow hat on. I was on a stage in a room with a lot of people  watching.,There was a man in the front row with a yellow hat on. I was on a stage in a room with a lot of people  watching. I was on some sort of panel,There was a man in the front row with a yellow hat on. I was on a stage in a room with a lot of people  watching. I was on some sort of panel and writing notes on paper. ,There was a man in the front row with a yellow hat on. I was on a stage in a room with a lot of people  watching. I was on some sort of panel and writing notes on paper. I  remember the man had a blue sweater/top on also.,There was a man in the front row with a yellow hat on. I was on a stage in a room with a lot of people  watching. I was on some sort of panel and writing notes on paper. I  remember the man had a blue sweater/top on also. It was in France at ACM MM2019.
20191023_141144_000,LSC23-KIS08,There was a man in the front row with a yellow hat on.,There was a man in the front row with a yellow hat on. I was on a stage in a room with a lot of people  watching.,There was a man in the front row with a yellow hat on. I was on a stage in a room with a lot of people  watching. I was on some sort of panel,There was a man in the front row with a yellow hat on. I was on a stage in a room with a lot of people  watching. I was on some sort of panel and writing notes on paper. ,There was a man in the front row with a yellow hat on. I was on a stage in a room with a lot of people  watching. I was on some sort of panel and writing notes on paper. I  remember the man had a blue sweater/top on also.,There was a man in the front row with a yellow hat on. I was on a stage in a room with a lot of people  watching. I was on some sort of panel and writing notes on paper. I  remember the man had a blue sweater/top on also. It was in France at ACM MM2019.
20191023_141201_000,LSC23-KIS08,There was a man in the front row with a yellow hat on.,There was a man in the front row with a yellow hat on. I was on a stage in a room with a lot of people  watching.,There was a man in the front row with a yellow hat on. I was on a stage in a room with a lot of people  watching. I was on some sort of panel,There was a man in the front row with a yellow hat on. I was on a stage in a room with a lot of people  watching. I was on some sort of panel and writing notes on paper. ,There was a man in the front row with a yellow hat on. I was on a stage in a room with a lot of people  watching. I was on some sort of panel and writing notes on paper. I  remember the man had a blue sweater/top on also.,There was a man in the front row with a yellow hat on. I was on a stage in a room with a lot of people  watching. I was on some sort of panel and writing notes on paper. I  remember the man had a blue sweater/top on also. It was in France at ACM MM2019.
20191023_141218_000,LSC23-KIS08,There was a man in the front row with a yellow hat on.,There was a man in the front row with a yellow hat on. I was on a stage in a room with a lot of people  watching.,There was a man in the front row with a yellow hat on. I was on a stage in a room with a lot of people  watching. I was on some sort of panel,There was a man in the front row with a yellow hat on. I was on a stage in a room with a lot of people  watching. I was on some sort of panel and writing notes on paper. ,There was a man in the front row with a yellow hat on. I was on a stage in a room with a lot of people  watching. I was on some sort of panel and writing notes on paper. I  remember the man had a blue sweater/top on also.,There was a man in the front row with a yellow hat on. I was on a stage in a room with a lot of people  watching. I was on some sort of panel and writing notes on paper. I  remember the man had a blue sweater/top on also. It was in France at ACM MM2019.
20191023_141235_000,LSC23-KIS08,There was a man in the front row with a yellow hat on.,There was a man in the front row with a yellow hat on. I was on a stage in a room with a lot of people  watching.,There was a man in the front row with a yellow hat on. I was on a stage in a room with a lot of people  watching. I was on some sort of panel,There was a man in the front row with a yellow hat on. I was on a stage in a room with a lot of people  watching. I was on some sort of panel and writing notes on paper. ,There was a man in the front row with a yellow hat on. I was on a stage in a room with a lot of people  watching. I was on some sort of panel and writing notes on paper. I  remember the man had a blue sweater/top on also.,There was a man in the front row with a yellow hat on. I was on a stage in a room with a lot of people  watching. I was on some sort of panel and writing notes on paper. I  remember the man had a blue sweater/top on also. It was in France at ACM MM2019.
20191023_141252_000,LSC23-KIS08,There was a man in the front row with a yellow hat on.,There was a man in the front row with a yellow hat on. I was on a stage in a room with a lot of people  watching.,There was a man in the front row with a yellow hat on. I was on a stage in a room with a lot of people  watching. I was on some sort of panel,There was a man in the front row with a yellow hat on. I was on a stage in a room with a lot of people  watching. I was on some sort of panel and writing notes on paper. ,There was a man in the front row with a yellow hat on. I was on a stage in a room with a lot of people  watching. I was on some sort of panel and writing notes on paper. I  remember the man had a blue sweater/top on also.,There was a man in the front row with a yellow hat on. I was on a stage in a room with a lot of people  watching. I was on some sort of panel and writing notes on paper. I  remember the man had a blue sweater/top on also. It was in France at ACM MM2019.
20191023_141309_000,LSC23-KIS08,There was a man in the front row with a yellow hat on.,There was a man in the front row with a yellow hat on. I was on a stage in a room with a lot of people  watching.,There was a man in the front row with a yellow hat on. I was on a stage in a room with a lot of people  watching. I was on some sort of panel,There was a man in the front row with a yellow hat on. I was on a stage in a room with a lot of people  watching. I was on some sort of panel and writing notes on paper. ,There was a man in the front row with a yellow hat on. I was on a stage in a room with a lot of people  watching. I was on some sort of panel and writing notes on paper. I  remember the man had a blue sweater/top on also.,There was a man in the front row with a yellow hat on. I was on a stage in a room with a lot of people  watching. I was on some sort of panel and writing notes on paper. I  remember the man had a blue sweater/top on also. It was in France at ACM MM2019.
20191023_141328_000,LSC23-KIS08,There was a man in the front row with a yellow hat on.,There was a man in the front row with a yellow hat on. I was on a stage in a room with a lot of people  watching.,There was a man in the front row with a yellow hat on. I was on a stage in a room with a lot of people  watching. I was on some sort of panel,There was a man in the front row with a yellow hat on. I was on a stage in a room with a lot of people  watching. I was on some sort of panel and writing notes on paper. ,There was a man in the front row with a yellow hat on. I was on a stage in a room with a lot of people  watching. I was on some sort of panel and writing notes on paper. I  remember the man had a blue sweater/top on also.,There was a man in the front row with a yellow hat on. I was on a stage in a room with a lot of people  watching. I was on some sort of panel and writing notes on paper. I  remember the man had a blue sweater/top on also. It was in France at ACM MM2019.
20191023_141345_000,LSC23-KIS08,There was a man in the front row with a yellow hat on.,There was a man in the front row with a yellow hat on. I was on a stage in a room with a lot of people  watching.,There was a man in the front row with a yellow hat on. I was on a stage in a room with a lot of people  watching. I was on some sort of panel,There was a man in the front row with a yellow hat on. I was on a stage in a room with a lot of people  watching. I was on some sort of panel and writing notes on paper. ,There was a man in the front row with a yellow hat on. I was on a stage in a room with a lot of people  watching. I was on some sort of panel and writing notes on paper. I  remember the man had a blue sweater/top on also.,There was a man in the front row with a yellow hat on. I was on a stage in a room with a lot of people  watching. I was on some sort of panel and writing notes on paper. I  remember the man had a blue sweater/top on also. It was in France at ACM MM2019.
20191023_141402_000,LSC23-KIS08,There was a man in the front row with a yellow hat on.,There was a man in the front row with a yellow hat on. I was on a stage in a room with a lot of people  watching.,There was a man in the front row with a yellow hat on. I was on a stage in a room with a lot of people  watching. I was on some sort of panel,There was a man in the front row with a yellow hat on. I was on a stage in a room with a lot of people  watching. I was on some sort of panel and writing notes on paper. ,There was a man in the front row with a yellow hat on. I was on a stage in a room with a lot of people  watching. I was on some sort of panel and writing notes on paper. I  remember the man had a blue sweater/top on also.,There was a man in the front row with a yellow hat on. I was on a stage in a room with a lot of people  watching. I was on some sort of panel and writing notes on paper. I  remember the man had a blue sweater/top on also. It was in France at ACM MM2019.
20191023_141419_000,LSC23-KIS08,There was a man in the front row with a yellow hat on.,There was a man in the front row with a yellow hat on. I was on a stage in a room with a lot of people  watching.,There was a man in the front row with a yellow hat on. I was on a stage in a room with a lot of people  watching. I was on some sort of panel,There was a man in the front row with a yellow hat on. I was on a stage in a room with a lot of people  watching. I was on some sort of panel and writing notes on paper. ,There was a man in the front row with a yellow hat on. I was on a stage in a room with a lot of people  watching. I was on some sort of panel and writing notes on paper. I  remember the man had a blue sweater/top on also.,There was a man in the front row with a yellow hat on. I was on a stage in a room with a lot of people  watching. I was on some sort of panel and writing notes on paper. I  remember the man had a blue sweater/top on also. It was in France at ACM MM2019.
20191023_141436_000,LSC23-KIS08,There was a man in the front row with a yellow hat on.,There was a man in the front row with a yellow hat on. I was on a stage in a room with a lot of people  watching.,There was a man in the front row with a yellow hat on. I was on a stage in a room with a lot of people  watching. I was on some sort of panel,There was a man in the front row with a yellow hat on. I was on a stage in a room with a lot of people  watching. I was on some sort of panel and writing notes on paper. ,There was a man in the front row with a yellow hat on. I was on a stage in a room with a lot of people  watching. I was on some sort of panel and writing notes on paper. I  remember the man had a blue sweater/top on also.,There was a man in the front row with a yellow hat on. I was on a stage in a room with a lot of people  watching. I was on some sort of panel and writing notes on paper. I  remember the man had a blue sweater/top on also. It was in France at ACM MM2019.
20191023_141453_000,LSC23-KIS08,There was a man in the front row with a yellow hat on.,There was a man in the front row with a yellow hat on. I was on a stage in a room with a lot of people  watching.,There was a man in the front row with a yellow hat on. I was on a stage in a room with a lot of people  watching. I was on some sort of panel,There was a man in the front row with a yellow hat on. I was on a stage in a room with a lot of people  watching. I was on some sort of panel and writing notes on paper. ,There was a man in the front row with a yellow hat on. I was on a stage in a room with a lot of people  watching. I was on some sort of panel and writing notes on paper. I  remember the man had a blue sweater/top on also.,There was a man in the front row with a yellow hat on. I was on a stage in a room with a lot of people  watching. I was on some sort of panel and writing notes on paper. I  remember the man had a blue sweater/top on also. It was in France at ACM MM2019.
20191023_141510_000,LSC23-KIS08,There was a man in the front row with a yellow hat on.,There was a man in the front row with a yellow hat on. I was on a stage in a room with a lot of people  watching.,There was a man in the front row with a yellow hat on. I was on a stage in a room with a lot of people  watching. I was on some sort of panel,There was a man in the front row with a yellow hat on. I was on a stage in a room with a lot of people  watching. I was on some sort of panel and writing notes on paper. ,There was a man in the front row with a yellow hat on. I was on a stage in a room with a lot of people  watching. I was on some sort of panel and writing notes on paper. I  remember the man had a blue sweater/top on also.,There was a man in the front row with a yellow hat on. I was on a stage in a room with a lot of people  watching. I was on some sort of panel and writing notes on paper. I  remember the man had a blue sweater/top on also. It was in France at ACM MM2019.
20191023_141527_000,LSC23-KIS08,There was a man in the front row with a yellow hat on.,There was a man in the front row with a yellow hat on. I was on a stage in a room with a lot of people  watching.,There was a man in the front row with a yellow hat on. I was on a stage in a room with a lot of people  watching. I was on some sort of panel,There was a man in the front row with a yellow hat on. I was on a stage in a room with a lot of people  watching. I was on some sort of panel and writing notes on paper. ,There was a man in the front row with a yellow hat on. I was on a stage in a room with a lot of people  watching. I was on some sort of panel and writing notes on paper. I  remember the man had a blue sweater/top on also.,There was a man in the front row with a yellow hat on. I was on a stage in a room with a lot of people  watching. I was on some sort of panel and writing notes on paper. I  remember the man had a blue sweater/top on also. It was in France at ACM MM2019.
20191023_141544_000,LSC23-KIS08,There was a man in the front row with a yellow hat on.,There was a man in the front row with a yellow hat on. I was on a stage in a room with a lot of people  watching.,There was a man in the front row with a yellow hat on. I was on a stage in a room with a lot of people  watching. I was on some sort of panel,There was a man in the front row with a yellow hat on. I was on a stage in a room with a lot of people  watching. I was on some sort of panel and writing notes on paper. ,There was a man in the front row with a yellow hat on. I was on a stage in a room with a lot of people  watching. I was on some sort of panel and writing notes on paper. I  remember the man had a blue sweater/top on also.,There was a man in the front row with a yellow hat on. I was on a stage in a room with a lot of people  watching. I was on some sort of panel and writing notes on paper. I  remember the man had a blue sweater/top on also. It was in France at ACM MM2019.
20191023_141601_000,LSC23-KIS08,There was a man in the front row with a yellow hat on.,There was a man in the front row with a yellow hat on. I was on a stage in a room with a lot of people  watching.,There was a man in the front row with a yellow hat on. I was on a stage in a room with a lot of people  watching. I was on some sort of panel,There was a man in the front row with a yellow hat on. I was on a stage in a room with a lot of people  watching. I was on some sort of panel and writing notes on paper. ,There was a man in the front row with a yellow hat on. I was on a stage in a room with a lot of people  watching. I was on some sort of panel and writing notes on paper. I  remember the man had a blue sweater/top on also.,There was a man in the front row with a yellow hat on. I was on a stage in a room with a lot of people  watching. I was on some sort of panel and writing notes on paper. I  remember the man had a blue sweater/top on also. It was in France at ACM MM2019.
20191023_141618_000,LSC23-KIS08,There was a man in the front row with a yellow hat on.,There was a man in the front row with a yellow hat on. I was on a stage in a room with a lot of people  watching.,There was a man in the front row with a yellow hat on. I was on a stage in a room with a lot of people  watching. I was on some sort of panel,There was a man in the front row with a yellow hat on. I was on a stage in a room with a lot of people  watching. I was on some sort of panel and writing notes on paper. ,There was a man in the front row with a yellow hat on. I was on a stage in a room with a lot of people  watching. I was on some sort of panel and writing notes on paper. I  remember the man had a blue sweater/top on also.,There was a man in the front row with a yellow hat on. I was on a stage in a room with a lot of people  watching. I was on some sort of panel and writing notes on paper. I  remember the man had a blue sweater/top on also. It was in France at ACM MM2019.
20191023_141637_000,LSC23-KIS08,There was a man in the front row with a yellow hat on.,There was a man in the front row with a yellow hat on. I was on a stage in a room with a lot of people  watching.,There was a man in the front row with a yellow hat on. I was on a stage in a room with a lot of people  watching. I was on some sort of panel,There was a man in the front row with a yellow hat on. I was on a stage in a room with a lot of people  watching. I was on some sort of panel and writing notes on paper. ,There was a man in the front row with a yellow hat on. I was on a stage in a room with a lot of people  watching. I was on some sort of panel and writing notes on paper. I  remember the man had a blue sweater/top on also.,There was a man in the front row with a yellow hat on. I was on a stage in a room with a lot of people  watching. I was on some sort of panel and writing notes on paper. I  remember the man had a blue sweater/top on also. It was in France at ACM MM2019.
20191023_141654_000,LSC23-KIS08,There was a man in the front row with a yellow hat on.,There was a man in the front row with a yellow hat on. I was on a stage in a room with a lot of people  watching.,There was a man in the front row with a yellow hat on. I was on a stage in a room with a lot of people  watching. I was on some sort of panel,There was a man in the front row with a yellow hat on. I was on a stage in a room with a lot of people  watching. I was on some sort of panel and writing notes on paper. ,There was a man in the front row with a yellow hat on. I was on a stage in a room with a lot of people  watching. I was on some sort of panel and writing notes on paper. I  remember the man had a blue sweater/top on also.,There was a man in the front row with a yellow hat on. I was on a stage in a room with a lot of people  watching. I was on some sort of panel and writing notes on paper. I  remember the man had a blue sweater/top on also. It was in France at ACM MM2019.
20191023_141711_000,LSC23-KIS08,There was a man in the front row with a yellow hat on.,There was a man in the front row with a yellow hat on. I was on a stage in a room with a lot of people  watching.,There was a man in the front row with a yellow hat on. I was on a stage in a room with a lot of people  watching. I was on some sort of panel,There was a man in the front row with a yellow hat on. I was on a stage in a room with a lot of people  watching. I was on some sort of panel and writing notes on paper. ,There was a man in the front row with a yellow hat on. I was on a stage in a room with a lot of people  watching. I was on some sort of panel and writing notes on paper. I  remember the man had a blue sweater/top on also.,There was a man in the front row with a yellow hat on. I was on a stage in a room with a lot of people  watching. I was on some sort of panel and writing notes on paper. I  remember the man had a blue sweater/top on also. It was in France at ACM MM2019.
20191023_141728_000,LSC23-KIS08,There was a man in the front row with a yellow hat on.,There was a man in the front row with a yellow hat on. I was on a stage in a room with a lot of people  watching.,There was a man in the front row with a yellow hat on. I was on a stage in a room with a lot of people  watching. I was on some sort of panel,There was a man in the front row with a yellow hat on. I was on a stage in a room with a lot of people  watching. I was on some sort of panel and writing notes on paper. ,There was a man in the front row with a yellow hat on. I was on a stage in a room with a lot of people  watching. I was on some sort of panel and writing notes on paper. I  remember the man had a blue sweater/top on also.,There was a man in the front row with a yellow hat on. I was on a stage in a room with a lot of people  watching. I was on some sort of panel and writing notes on paper. I  remember the man had a blue sweater/top on also. It was in France at ACM MM2019.
20191023_141745_000,LSC23-KIS08,There was a man in the front row with a yellow hat on.,There was a man in the front row with a yellow hat on. I was on a stage in a room with a lot of people  watching.,There was a man in the front row with a yellow hat on. I was on a stage in a room with a lot of people  watching. I was on some sort of panel,There was a man in the front row with a yellow hat on. I was on a stage in a room with a lot of people  watching. I was on some sort of panel and writing notes on paper. ,There was a man in the front row with a yellow hat on. I was on a stage in a room with a lot of people  watching. I was on some sort of panel and writing notes on paper. I  remember the man had a blue sweater/top on also.,There was a man in the front row with a yellow hat on. I was on a stage in a room with a lot of people  watching. I was on some sort of panel and writing notes on paper. I  remember the man had a blue sweater/top on also. It was in France at ACM MM2019.
20191023_141802_000,LSC23-KIS08,There was a man in the front row with a yellow hat on.,There was a man in the front row with a yellow hat on. I was on a stage in a room with a lot of people  watching.,There was a man in the front row with a yellow hat on. I was on a stage in a room with a lot of people  watching. I was on some sort of panel,There was a man in the front row with a yellow hat on. I was on a stage in a room with a lot of people  watching. I was on some sort of panel and writing notes on paper. ,There was a man in the front row with a yellow hat on. I was on a stage in a room with a lot of people  watching. I was on some sort of panel and writing notes on paper. I  remember the man had a blue sweater/top on also.,There was a man in the front row with a yellow hat on. I was on a stage in a room with a lot of people  watching. I was on some sort of panel and writing notes on paper. I  remember the man had a blue sweater/top on also. It was in France at ACM MM2019.
20191023_141819_000,LSC23-KIS08,There was a man in the front row with a yellow hat on.,There was a man in the front row with a yellow hat on. I was on a stage in a room with a lot of people  watching.,There was a man in the front row with a yellow hat on. I was on a stage in a room with a lot of people  watching. I was on some sort of panel,There was a man in the front row with a yellow hat on. I was on a stage in a room with a lot of people  watching. I was on some sort of panel and writing notes on paper. ,There was a man in the front row with a yellow hat on. I was on a stage in a room with a lot of people  watching. I was on some sort of panel and writing notes on paper. I  remember the man had a blue sweater/top on also.,There was a man in the front row with a yellow hat on. I was on a stage in a room with a lot of people  watching. I was on some sort of panel and writing notes on paper. I  remember the man had a blue sweater/top on also. It was in France at ACM MM2019.
20191023_141836_000,LSC23-KIS08,There was a man in the front row with a yellow hat on.,There was a man in the front row with a yellow hat on. I was on a stage in a room with a lot of people  watching.,There was a man in the front row with a yellow hat on. I was on a stage in a room with a lot of people  watching. I was on some sort of panel,There was a man in the front row with a yellow hat on. I was on a stage in a room with a lot of people  watching. I was on some sort of panel and writing notes on paper. ,There was a man in the front row with a yellow hat on. I was on a stage in a room with a lot of people  watching. I was on some sort of panel and writing notes on paper. I  remember the man had a blue sweater/top on also.,There was a man in the front row with a yellow hat on. I was on a stage in a room with a lot of people  watching. I was on some sort of panel and writing notes on paper. I  remember the man had a blue sweater/top on also. It was in France at ACM MM2019.
20191023_141853_000,LSC23-KIS08,There was a man in the front row with a yellow hat on.,There was a man in the front row with a yellow hat on. I was on a stage in a room with a lot of people  watching.,There was a man in the front row with a yellow hat on. I was on a stage in a room with a lot of people  watching. I was on some sort of panel,There was a man in the front row with a yellow hat on. I was on a stage in a room with a lot of people  watching. I was on some sort of panel and writing notes on paper. ,There was a man in the front row with a yellow hat on. I was on a stage in a room with a lot of people  watching. I was on some sort of panel and writing notes on paper. I  remember the man had a blue sweater/top on also.,There was a man in the front row with a yellow hat on. I was on a stage in a room with a lot of people  watching. I was on some sort of panel and writing notes on paper. I  remember the man had a blue sweater/top on also. It was in France at ACM MM2019.
20191023_141910_000,LSC23-KIS08,There was a man in the front row with a yellow hat on.,There was a man in the front row with a yellow hat on. I was on a stage in a room with a lot of people  watching.,There was a man in the front row with a yellow hat on. I was on a stage in a room with a lot of people  watching. I was on some sort of panel,There was a man in the front row with a yellow hat on. I was on a stage in a room with a lot of people  watching. I was on some sort of panel and writing notes on paper. ,There was a man in the front row with a yellow hat on. I was on a stage in a room with a lot of people  watching. I was on some sort of panel and writing notes on paper. I  remember the man had a blue sweater/top on also.,There was a man in the front row with a yellow hat on. I was on a stage in a room with a lot of people  watching. I was on some sort of panel and writing notes on paper. I  remember the man had a blue sweater/top on also. It was in France at ACM MM2019.
20191023_141927_000,LSC23-KIS08,There was a man in the front row with a yellow hat on.,There was a man in the front row with a yellow hat on. I was on a stage in a room with a lot of people  watching.,There was a man in the front row with a yellow hat on. I was on a stage in a room with a lot of people  watching. I was on some sort of panel,There was a man in the front row with a yellow hat on. I was on a stage in a room with a lot of people  watching. I was on some sort of panel and writing notes on paper. ,There was a man in the front row with a yellow hat on. I was on a stage in a room with a lot of people  watching. I was on some sort of panel and writing notes on paper. I  remember the man had a blue sweater/top on also.,There was a man in the front row with a yellow hat on. I was on a stage in a room with a lot of people  watching. I was on some sort of panel and writing notes on paper. I  remember the man had a blue sweater/top on also. It was in France at ACM MM2019.
20191023_141944_000,LSC23-KIS08,There was a man in the front row with a yellow hat on.,There was a man in the front row with a yellow hat on. I was on a stage in a room with a lot of people  watching.,There was a man in the front row with a yellow hat on. I was on a stage in a room with a lot of people  watching. I was on some sort of panel,There was a man in the front row with a yellow hat on. I was on a stage in a room with a lot of people  watching. I was on some sort of panel and writing notes on paper. ,There was a man in the front row with a yellow hat on. I was on a stage in a room with a lot of people  watching. I was on some sort of panel and writing notes on paper. I  remember the man had a blue sweater/top on also.,There was a man in the front row with a yellow hat on. I was on a stage in a room with a lot of people  watching. I was on some sort of panel and writing notes on paper. I  remember the man had a blue sweater/top on also. It was in France at ACM MM2019.
20191023_142003_000,LSC23-KIS08,There was a man in the front row with a yellow hat on.,There was a man in the front row with a yellow hat on. I was on a stage in a room with a lot of people  watching.,There was a man in the front row with a yellow hat on. I was on a stage in a room with a lot of people  watching. I was on some sort of panel,There was a man in the front row with a yellow hat on. I was on a stage in a room with a lot of people  watching. I was on some sort of panel and writing notes on paper. ,There was a man in the front row with a yellow hat on. I was on a stage in a room with a lot of people  watching. I was on some sort of panel and writing notes on paper. I  remember the man had a blue sweater/top on also.,There was a man in the front row with a yellow hat on. I was on a stage in a room with a lot of people  watching. I was on some sort of panel and writing notes on paper. I  remember the man had a blue sweater/top on also. It was in France at ACM MM2019.
20191023_142020_000,LSC23-KIS08,There was a man in the front row with a yellow hat on.,There was a man in the front row with a yellow hat on. I was on a stage in a room with a lot of people  watching.,There was a man in the front row with a yellow hat on. I was on a stage in a room with a lot of people  watching. I was on some sort of panel,There was a man in the front row with a yellow hat on. I was on a stage in a room with a lot of people  watching. I was on some sort of panel and writing notes on paper. ,There was a man in the front row with a yellow hat on. I was on a stage in a room with a lot of people  watching. I was on some sort of panel and writing notes on paper. I  remember the man had a blue sweater/top on also.,There was a man in the front row with a yellow hat on. I was on a stage in a room with a lot of people  watching. I was on some sort of panel and writing notes on paper. I  remember the man had a blue sweater/top on also. It was in France at ACM MM2019.
20191023_142037_000,LSC23-KIS08,There was a man in the front row with a yellow hat on.,There was a man in the front row with a yellow hat on. I was on a stage in a room with a lot of people  watching.,There was a man in the front row with a yellow hat on. I was on a stage in a room with a lot of people  watching. I was on some sort of panel,There was a man in the front row with a yellow hat on. I was on a stage in a room with a lot of people  watching. I was on some sort of panel and writing notes on paper. ,There was a man in the front row with a yellow hat on. I was on a stage in a room with a lot of people  watching. I was on some sort of panel and writing notes on paper. I  remember the man had a blue sweater/top on also.,There was a man in the front row with a yellow hat on. I was on a stage in a room with a lot of people  watching. I was on some sort of panel and writing notes on paper. I  remember the man had a blue sweater/top on also. It was in France at ACM MM2019.
20191023_142054_000,LSC23-KIS08,There was a man in the front row with a yellow hat on.,There was a man in the front row with a yellow hat on. I was on a stage in a room with a lot of people  watching.,There was a man in the front row with a yellow hat on. I was on a stage in a room with a lot of people  watching. I was on some sort of panel,There was a man in the front row with a yellow hat on. I was on a stage in a room with a lot of people  watching. I was on some sort of panel and writing notes on paper. ,There was a man in the front row with a yellow hat on. I was on a stage in a room with a lot of people  watching. I was on some sort of panel and writing notes on paper. I  remember the man had a blue sweater/top on also.,There was a man in the front row with a yellow hat on. I was on a stage in a room with a lot of people  watching. I was on some sort of panel and writing notes on paper. I  remember the man had a blue sweater/top on also. It was in France at ACM MM2019.
20191023_142111_000,LSC23-KIS08,There was a man in the front row with a yellow hat on.,There was a man in the front row with a yellow hat on. I was on a stage in a room with a lot of people  watching.,There was a man in the front row with a yellow hat on. I was on a stage in a room with a lot of people  watching. I was on some sort of panel,There was a man in the front row with a yellow hat on. I was on a stage in a room with a lot of people  watching. I was on some sort of panel and writing notes on paper. ,There was a man in the front row with a yellow hat on. I was on a stage in a room with a lot of people  watching. I was on some sort of panel and writing notes on paper. I  remember the man had a blue sweater/top on also.,There was a man in the front row with a yellow hat on. I was on a stage in a room with a lot of people  watching. I was on some sort of panel and writing notes on paper. I  remember the man had a blue sweater/top on also. It was in France at ACM MM2019.
20191023_142128_000,LSC23-KIS08,There was a man in the front row with a yellow hat on.,There was a man in the front row with a yellow hat on. I was on a stage in a room with a lot of people  watching.,There was a man in the front row with a yellow hat on. I was on a stage in a room with a lot of people  watching. I was on some sort of panel,There was a man in the front row with a yellow hat on. I was on a stage in a room with a lot of people  watching. I was on some sort of panel and writing notes on paper. ,There was a man in the front row with a yellow hat on. I was on a stage in a room with a lot of people  watching. I was on some sort of panel and writing notes on paper. I  remember the man had a blue sweater/top on also.,There was a man in the front row with a yellow hat on. I was on a stage in a room with a lot of people  watching. I was on some sort of panel and writing notes on paper. I  remember the man had a blue sweater/top on also. It was in France at ACM MM2019.
20191023_142145_000,LSC23-KIS08,There was a man in the front row with a yellow hat on.,There was a man in the front row with a yellow hat on. I was on a stage in a room with a lot of people  watching.,There was a man in the front row with a yellow hat on. I was on a stage in a room with a lot of people  watching. I was on some sort of panel,There was a man in the front row with a yellow hat on. I was on a stage in a room with a lot of people  watching. I was on some sort of panel and writing notes on paper. ,There was a man in the front row with a yellow hat on. I was on a stage in a room with a lot of people  watching. I was on some sort of panel and writing notes on paper. I  remember the man had a blue sweater/top on also.,There was a man in the front row with a yellow hat on. I was on a stage in a room with a lot of people  watching. I was on some sort of panel and writing notes on paper. I  remember the man had a blue sweater/top on also. It was in France at ACM MM2019.
20191023_142202_000,LSC23-KIS08,There was a man in the front row with a yellow hat on.,There was a man in the front row with a yellow hat on. I was on a stage in a room with a lot of people  watching.,There was a man in the front row with a yellow hat on. I was on a stage in a room with a lot of people  watching. I was on some sort of panel,There was a man in the front row with a yellow hat on. I was on a stage in a room with a lot of people  watching. I was on some sort of panel and writing notes on paper. ,There was a man in the front row with a yellow hat on. I was on a stage in a room with a lot of people  watching. I was on some sort of panel and writing notes on paper. I  remember the man had a blue sweater/top on also.,There was a man in the front row with a yellow hat on. I was on a stage in a room with a lot of people  watching. I was on some sort of panel and writing notes on paper. I  remember the man had a blue sweater/top on also. It was in France at ACM MM2019.
20191023_142219_000,LSC23-KIS08,There was a man in the front row with a yellow hat on.,There was a man in the front row with a yellow hat on. I was on a stage in a room with a lot of people  watching.,There was a man in the front row with a yellow hat on. I was on a stage in a room with a lot of people  watching. I was on some sort of panel,There was a man in the front row with a yellow hat on. I was on a stage in a room with a lot of people  watching. I was on some sort of panel and writing notes on paper. ,There was a man in the front row with a yellow hat on. I was on a stage in a room with a lot of people  watching. I was on some sort of panel and writing notes on paper. I  remember the man had a blue sweater/top on also.,There was a man in the front row with a yellow hat on. I was on a stage in a room with a lot of people  watching. I was on some sort of panel and writing notes on paper. I  remember the man had a blue sweater/top on also. It was in France at ACM MM2019.
20191023_142236_000,LSC23-KIS08,There was a man in the front row with a yellow hat on.,There was a man in the front row with a yellow hat on. I was on a stage in a room with a lot of people  watching.,There was a man in the front row with a yellow hat on. I was on a stage in a room with a lot of people  watching. I was on some sort of panel,There was a man in the front row with a yellow hat on. I was on a stage in a room with a lot of people  watching. I was on some sort of panel and writing notes on paper. ,There was a man in the front row with a yellow hat on. I was on a stage in a room with a lot of people  watching. I was on some sort of panel and writing notes on paper. I  remember the man had a blue sweater/top on also.,There was a man in the front row with a yellow hat on. I was on a stage in a room with a lot of people  watching. I was on some sort of panel and writing notes on paper. I  remember the man had a blue sweater/top on also. It was in France at ACM MM2019.
20191023_142253_000,LSC23-KIS08,There was a man in the front row with a yellow hat on.,There was a man in the front row with a yellow hat on. I was on a stage in a room with a lot of people  watching.,There was a man in the front row with a yellow hat on. I was on a stage in a room with a lot of people  watching. I was on some sort of panel,There was a man in the front row with a yellow hat on. I was on a stage in a room with a lot of people  watching. I was on some sort of panel and writing notes on paper. ,There was a man in the front row with a yellow hat on. I was on a stage in a room with a lot of people  watching. I was on some sort of panel and writing notes on paper. I  remember the man had a blue sweater/top on also.,There was a man in the front row with a yellow hat on. I was on a stage in a room with a lot of people  watching. I was on some sort of panel and writing notes on paper. I  remember the man had a blue sweater/top on also. It was in France at ACM MM2019.
20191023_142310_000,LSC23-KIS08,There was a man in the front row with a yellow hat on.,There was a man in the front row with a yellow hat on. I was on a stage in a room with a lot of people  watching.,There was a man in the front row with a yellow hat on. I was on a stage in a room with a lot of people  watching. I was on some sort of panel,There was a man in the front row with a yellow hat on. I was on a stage in a room with a lot of people  watching. I was on some sort of panel and writing notes on paper. ,There was a man in the front row with a yellow hat on. I was on a stage in a room with a lot of people  watching. I was on some sort of panel and writing notes on paper. I  remember the man had a blue sweater/top on also.,There was a man in the front row with a yellow hat on. I was on a stage in a room with a lot of people  watching. I was on some sort of panel and writing notes on paper. I  remember the man had a blue sweater/top on also. It was in France at ACM MM2019.
20191023_142328_000,LSC23-KIS08,There was a man in the front row with a yellow hat on.,There was a man in the front row with a yellow hat on. I was on a stage in a room with a lot of people  watching.,There was a man in the front row with a yellow hat on. I was on a stage in a room with a lot of people  watching. I was on some sort of panel,There was a man in the front row with a yellow hat on. I was on a stage in a room with a lot of people  watching. I was on some sort of panel and writing notes on paper. ,There was a man in the front row with a yellow hat on. I was on a stage in a room with a lot of people  watching. I was on some sort of panel and writing notes on paper. I  remember the man had a blue sweater/top on also.,There was a man in the front row with a yellow hat on. I was on a stage in a room with a lot of people  watching. I was on some sort of panel and writing notes on paper. I  remember the man had a blue sweater/top on also. It was in France at ACM MM2019.
20191023_142345_000,LSC23-KIS08,There was a man in the front row with a yellow hat on.,There was a man in the front row with a yellow hat on. I was on a stage in a room with a lot of people  watching.,There was a man in the front row with a yellow hat on. I was on a stage in a room with a lot of people  watching. I was on some sort of panel,There was a man in the front row with a yellow hat on. I was on a stage in a room with a lot of people  watching. I was on some sort of panel and writing notes on paper. ,There was a man in the front row with a yellow hat on. I was on a stage in a room with a lot of people  watching. I was on some sort of panel and writing notes on paper. I  remember the man had a blue sweater/top on also.,There was a man in the front row with a yellow hat on. I was on a stage in a room with a lot of people  watching. I was on some sort of panel and writing notes on paper. I  remember the man had a blue sweater/top on also. It was in France at ACM MM2019.
20191023_142415_000,LSC23-KIS08,There was a man in the front row with a yellow hat on.,There was a man in the front row with a yellow hat on. I was on a stage in a room with a lot of people  watching.,There was a man in the front row with a yellow hat on. I was on a stage in a room with a lot of people  watching. I was on some sort of panel,There was a man in the front row with a yellow hat on. I was on a stage in a room with a lot of people  watching. I was on some sort of panel and writing notes on paper. ,There was a man in the front row with a yellow hat on. I was on a stage in a room with a lot of people  watching. I was on some sort of panel and writing notes on paper. I  remember the man had a blue sweater/top on also.,There was a man in the front row with a yellow hat on. I was on a stage in a room with a lot of people  watching. I was on some sort of panel and writing notes on paper. I  remember the man had a blue sweater/top on also. It was in France at ACM MM2019.
20191023_142432_000,LSC23-KIS08,There was a man in the front row with a yellow hat on.,There was a man in the front row with a yellow hat on. I was on a stage in a room with a lot of people  watching.,There was a man in the front row with a yellow hat on. I was on a stage in a room with a lot of people  watching. I was on some sort of panel,There was a man in the front row with a yellow hat on. I was on a stage in a room with a lot of people  watching. I was on some sort of panel and writing notes on paper. ,There was a man in the front row with a yellow hat on. I was on a stage in a room with a lot of people  watching. I was on some sort of panel and writing notes on paper. I  remember the man had a blue sweater/top on also.,There was a man in the front row with a yellow hat on. I was on a stage in a room with a lot of people  watching. I was on some sort of panel and writing notes on paper. I  remember the man had a blue sweater/top on also. It was in France at ACM MM2019.
20191023_142449_000,LSC23-KIS08,There was a man in the front row with a yellow hat on.,There was a man in the front row with a yellow hat on. I was on a stage in a room with a lot of people  watching.,There was a man in the front row with a yellow hat on. I was on a stage in a room with a lot of people  watching. I was on some sort of panel,There was a man in the front row with a yellow hat on. I was on a stage in a room with a lot of people  watching. I was on some sort of panel and writing notes on paper. ,There was a man in the front row with a yellow hat on. I was on a stage in a room with a lot of people  watching. I was on some sort of panel and writing notes on paper. I  remember the man had a blue sweater/top on also.,There was a man in the front row with a yellow hat on. I was on a stage in a room with a lot of people  watching. I was on some sort of panel and writing notes on paper. I  remember the man had a blue sweater/top on also. It was in France at ACM MM2019.
20191023_142506_000,LSC23-KIS08,There was a man in the front row with a yellow hat on.,There was a man in the front row with a yellow hat on. I was on a stage in a room with a lot of people  watching.,There was a man in the front row with a yellow hat on. I was on a stage in a room with a lot of people  watching. I was on some sort of panel,There was a man in the front row with a yellow hat on. I was on a stage in a room with a lot of people  watching. I was on some sort of panel and writing notes on paper. ,There was a man in the front row with a yellow hat on. I was on a stage in a room with a lot of people  watching. I was on some sort of panel and writing notes on paper. I  remember the man had a blue sweater/top on also.,There was a man in the front row with a yellow hat on. I was on a stage in a room with a lot of people  watching. I was on some sort of panel and writing notes on paper. I  remember the man had a blue sweater/top on also. It was in France at ACM MM2019.
20191023_142523_000,LSC23-KIS08,There was a man in the front row with a yellow hat on.,There was a man in the front row with a yellow hat on. I was on a stage in a room with a lot of people  watching.,There was a man in the front row with a yellow hat on. I was on a stage in a room with a lot of people  watching. I was on some sort of panel,There was a man in the front row with a yellow hat on. I was on a stage in a room with a lot of people  watching. I was on some sort of panel and writing notes on paper. ,There was a man in the front row with a yellow hat on. I was on a stage in a room with a lot of people  watching. I was on some sort of panel and writing notes on paper. I  remember the man had a blue sweater/top on also.,There was a man in the front row with a yellow hat on. I was on a stage in a room with a lot of people  watching. I was on some sort of panel and writing notes on paper. I  remember the man had a blue sweater/top on also. It was in France at ACM MM2019.
20191023_142540_000,LSC23-KIS08,There was a man in the front row with a yellow hat on.,There was a man in the front row with a yellow hat on. I was on a stage in a room with a lot of people  watching.,There was a man in the front row with a yellow hat on. I was on a stage in a room with a lot of people  watching. I was on some sort of panel,There was a man in the front row with a yellow hat on. I was on a stage in a room with a lot of people  watching. I was on some sort of panel and writing notes on paper. ,There was a man in the front row with a yellow hat on. I was on a stage in a room with a lot of people  watching. I was on some sort of panel and writing notes on paper. I  remember the man had a blue sweater/top on also.,There was a man in the front row with a yellow hat on. I was on a stage in a room with a lot of people  watching. I was on some sort of panel and writing notes on paper. I  remember the man had a blue sweater/top on also. It was in France at ACM MM2019.
20191023_142557_000,LSC23-KIS08,There was a man in the front row with a yellow hat on.,There was a man in the front row with a yellow hat on. I was on a stage in a room with a lot of people  watching.,There was a man in the front row with a yellow hat on. I was on a stage in a room with a lot of people  watching. I was on some sort of panel,There was a man in the front row with a yellow hat on. I was on a stage in a room with a lot of people  watching. I was on some sort of panel and writing notes on paper. ,There was a man in the front row with a yellow hat on. I was on a stage in a room with a lot of people  watching. I was on some sort of panel and writing notes on paper. I  remember the man had a blue sweater/top on also.,There was a man in the front row with a yellow hat on. I was on a stage in a room with a lot of people  watching. I was on some sort of panel and writing notes on paper. I  remember the man had a blue sweater/top on also. It was in France at ACM MM2019.
20191023_142614_000,LSC23-KIS08,There was a man in the front row with a yellow hat on.,There was a man in the front row with a yellow hat on. I was on a stage in a room with a lot of people  watching.,There was a man in the front row with a yellow hat on. I was on a stage in a room with a lot of people  watching. I was on some sort of panel,There was a man in the front row with a yellow hat on. I was on a stage in a room with a lot of people  watching. I was on some sort of panel and writing notes on paper. ,There was a man in the front row with a yellow hat on. I was on a stage in a room with a lot of people  watching. I was on some sort of panel and writing notes on paper. I  remember the man had a blue sweater/top on also.,There was a man in the front row with a yellow hat on. I was on a stage in a room with a lot of people  watching. I was on some sort of panel and writing notes on paper. I  remember the man had a blue sweater/top on also. It was in France at ACM MM2019.
20191023_142631_000,LSC23-KIS08,There was a man in the front row with a yellow hat on.,There was a man in the front row with a yellow hat on. I was on a stage in a room with a lot of people  watching.,There was a man in the front row with a yellow hat on. I was on a stage in a room with a lot of people  watching. I was on some sort of panel,There was a man in the front row with a yellow hat on. I was on a stage in a room with a lot of people  watching. I was on some sort of panel and writing notes on paper. ,There was a man in the front row with a yellow hat on. I was on a stage in a room with a lot of people  watching. I was on some sort of panel and writing notes on paper. I  remember the man had a blue sweater/top on also.,There was a man in the front row with a yellow hat on. I was on a stage in a room with a lot of people  watching. I was on some sort of panel and writing notes on paper. I  remember the man had a blue sweater/top on also. It was in France at ACM MM2019.
20191023_142649_000,LSC23-KIS08,There was a man in the front row with a yellow hat on.,There was a man in the front row with a yellow hat on. I was on a stage in a room with a lot of people  watching.,There was a man in the front row with a yellow hat on. I was on a stage in a room with a lot of people  watching. I was on some sort of panel,There was a man in the front row with a yellow hat on. I was on a stage in a room with a lot of people  watching. I was on some sort of panel and writing notes on paper. ,There was a man in the front row with a yellow hat on. I was on a stage in a room with a lot of people  watching. I was on some sort of panel and writing notes on paper. I  remember the man had a blue sweater/top on also.,There was a man in the front row with a yellow hat on. I was on a stage in a room with a lot of people  watching. I was on some sort of panel and writing notes on paper. I  remember the man had a blue sweater/top on also. It was in France at ACM MM2019.
20191023_142706_000,LSC23-KIS08,There was a man in the front row with a yellow hat on.,There was a man in the front row with a yellow hat on. I was on a stage in a room with a lot of people  watching.,There was a man in the front row with a yellow hat on. I was on a stage in a room with a lot of people  watching. I was on some sort of panel,There was a man in the front row with a yellow hat on. I was on a stage in a room with a lot of people  watching. I was on some sort of panel and writing notes on paper. ,There was a man in the front row with a yellow hat on. I was on a stage in a room with a lot of people  watching. I was on some sort of panel and writing notes on paper. I  remember the man had a blue sweater/top on also.,There was a man in the front row with a yellow hat on. I was on a stage in a room with a lot of people  watching. I was on some sort of panel and writing notes on paper. I  remember the man had a blue sweater/top on also. It was in France at ACM MM2019.
20191023_142723_000,LSC23-KIS08,There was a man in the front row with a yellow hat on.,There was a man in the front row with a yellow hat on. I was on a stage in a room with a lot of people  watching.,There was a man in the front row with a yellow hat on. I was on a stage in a room with a lot of people  watching. I was on some sort of panel,There was a man in the front row with a yellow hat on. I was on a stage in a room with a lot of people  watching. I was on some sort of panel and writing notes on paper. ,There was a man in the front row with a yellow hat on. I was on a stage in a room with a lot of people  watching. I was on some sort of panel and writing notes on paper. I  remember the man had a blue sweater/top on also.,There was a man in the front row with a yellow hat on. I was on a stage in a room with a lot of people  watching. I was on some sort of panel and writing notes on paper. I  remember the man had a blue sweater/top on also. It was in France at ACM MM2019.
20191023_142740_000,LSC23-KIS08,There was a man in the front row with a yellow hat on.,There was a man in the front row with a yellow hat on. I was on a stage in a room with a lot of people  watching.,There was a man in the front row with a yellow hat on. I was on a stage in a room with a lot of people  watching. I was on some sort of panel,There was a man in the front row with a yellow hat on. I was on a stage in a room with a lot of people  watching. I was on some sort of panel and writing notes on paper. ,There was a man in the front row with a yellow hat on. I was on a stage in a room with a lot of people  watching. I was on some sort of panel and writing notes on paper. I  remember the man had a blue sweater/top on also.,There was a man in the front row with a yellow hat on. I was on a stage in a room with a lot of people  watching. I was on some sort of panel and writing notes on paper. I  remember the man had a blue sweater/top on also. It was in France at ACM MM2019.
20191023_142757_000,LSC23-KIS08,There was a man in the front row with a yellow hat on.,There was a man in the front row with a yellow hat on. I was on a stage in a room with a lot of people  watching.,There was a man in the front row with a yellow hat on. I was on a stage in a room with a lot of people  watching. I was on some sort of panel,There was a man in the front row with a yellow hat on. I was on a stage in a room with a lot of people  watching. I was on some sort of panel and writing notes on paper. ,There was a man in the front row with a yellow hat on. I was on a stage in a room with a lot of people  watching. I was on some sort of panel and writing notes on paper. I  remember the man had a blue sweater/top on also.,There was a man in the front row with a yellow hat on. I was on a stage in a room with a lot of people  watching. I was on some sort of panel and writing notes on paper. I  remember the man had a blue sweater/top on also. It was in France at ACM MM2019.
20191023_142814_000,LSC23-KIS08,There was a man in the front row with a yellow hat on.,There was a man in the front row with a yellow hat on. I was on a stage in a room with a lot of people  watching.,There was a man in the front row with a yellow hat on. I was on a stage in a room with a lot of people  watching. I was on some sort of panel,There was a man in the front row with a yellow hat on. I was on a stage in a room with a lot of people  watching. I was on some sort of panel and writing notes on paper. ,There was a man in the front row with a yellow hat on. I was on a stage in a room with a lot of people  watching. I was on some sort of panel and writing notes on paper. I  remember the man had a blue sweater/top on also.,There was a man in the front row with a yellow hat on. I was on a stage in a room with a lot of people  watching. I was on some sort of panel and writing notes on paper. I  remember the man had a blue sweater/top on also. It was in France at ACM MM2019.
20191023_142831_000,LSC23-KIS08,There was a man in the front row with a yellow hat on.,There was a man in the front row with a yellow hat on. I was on a stage in a room with a lot of people  watching.,There was a man in the front row with a yellow hat on. I was on a stage in a room with a lot of people  watching. I was on some sort of panel,There was a man in the front row with a yellow hat on. I was on a stage in a room with a lot of people  watching. I was on some sort of panel and writing notes on paper. ,There was a man in the front row with a yellow hat on. I was on a stage in a room with a lot of people  watching. I was on some sort of panel and writing notes on paper. I  remember the man had a blue sweater/top on also.,There was a man in the front row with a yellow hat on. I was on a stage in a room with a lot of people  watching. I was on some sort of panel and writing notes on paper. I  remember the man had a blue sweater/top on also. It was in France at ACM MM2019.
20191023_142848_000,LSC23-KIS08,There was a man in the front row with a yellow hat on.,There was a man in the front row with a yellow hat on. I was on a stage in a room with a lot of people  watching.,There was a man in the front row with a yellow hat on. I was on a stage in a room with a lot of people  watching. I was on some sort of panel,There was a man in the front row with a yellow hat on. I was on a stage in a room with a lot of people  watching. I was on some sort of panel and writing notes on paper. ,There was a man in the front row with a yellow hat on. I was on a stage in a room with a lot of people  watching. I was on some sort of panel and writing notes on paper. I  remember the man had a blue sweater/top on also.,There was a man in the front row with a yellow hat on. I was on a stage in a room with a lot of people  watching. I was on some sort of panel and writing notes on paper. I  remember the man had a blue sweater/top on also. It was in France at ACM MM2019.
20191023_142905_000,LSC23-KIS08,There was a man in the front row with a yellow hat on.,There was a man in the front row with a yellow hat on. I was on a stage in a room with a lot of people  watching.,There was a man in the front row with a yellow hat on. I was on a stage in a room with a lot of people  watching. I was on some sort of panel,There was a man in the front row with a yellow hat on. I was on a stage in a room with a lot of people  watching. I was on some sort of panel and writing notes on paper. ,There was a man in the front row with a yellow hat on. I was on a stage in a room with a lot of people  watching. I was on some sort of panel and writing notes on paper. I  remember the man had a blue sweater/top on also.,There was a man in the front row with a yellow hat on. I was on a stage in a room with a lot of people  watching. I was on some sort of panel and writing notes on paper. I  remember the man had a blue sweater/top on also. It was in France at ACM MM2019.
20191023_142922_000,LSC23-KIS08,There was a man in the front row with a yellow hat on.,There was a man in the front row with a yellow hat on. I was on a stage in a room with a lot of people  watching.,There was a man in the front row with a yellow hat on. I was on a stage in a room with a lot of people  watching. I was on some sort of panel,There was a man in the front row with a yellow hat on. I was on a stage in a room with a lot of people  watching. I was on some sort of panel and writing notes on paper. ,There was a man in the front row with a yellow hat on. I was on a stage in a room with a lot of people  watching. I was on some sort of panel and writing notes on paper. I  remember the man had a blue sweater/top on also.,There was a man in the front row with a yellow hat on. I was on a stage in a room with a lot of people  watching. I was on some sort of panel and writing notes on paper. I  remember the man had a blue sweater/top on also. It was in France at ACM MM2019.
20191023_142939_000,LSC23-KIS08,There was a man in the front row with a yellow hat on.,There was a man in the front row with a yellow hat on. I was on a stage in a room with a lot of people  watching.,There was a man in the front row with a yellow hat on. I was on a stage in a room with a lot of people  watching. I was on some sort of panel,There was a man in the front row with a yellow hat on. I was on a stage in a room with a lot of people  watching. I was on some sort of panel and writing notes on paper. ,There was a man in the front row with a yellow hat on. I was on a stage in a room with a lot of people  watching. I was on some sort of panel and writing notes on paper. I  remember the man had a blue sweater/top on also.,There was a man in the front row with a yellow hat on. I was on a stage in a room with a lot of people  watching. I was on some sort of panel and writing notes on paper. I  remember the man had a blue sweater/top on also. It was in France at ACM MM2019.
20191023_142958_000,LSC23-KIS08,There was a man in the front row with a yellow hat on.,There was a man in the front row with a yellow hat on. I was on a stage in a room with a lot of people  watching.,There was a man in the front row with a yellow hat on. I was on a stage in a room with a lot of people  watching. I was on some sort of panel,There was a man in the front row with a yellow hat on. I was on a stage in a room with a lot of people  watching. I was on some sort of panel and writing notes on paper. ,There was a man in the front row with a yellow hat on. I was on a stage in a room with a lot of people  watching. I was on some sort of panel and writing notes on paper. I  remember the man had a blue sweater/top on also.,There was a man in the front row with a yellow hat on. I was on a stage in a room with a lot of people  watching. I was on some sort of panel and writing notes on paper. I  remember the man had a blue sweater/top on also. It was in France at ACM MM2019.
20191023_143015_000,LSC23-KIS08,There was a man in the front row with a yellow hat on.,There was a man in the front row with a yellow hat on. I was on a stage in a room with a lot of people  watching.,There was a man in the front row with a yellow hat on. I was on a stage in a room with a lot of people  watching. I was on some sort of panel,There was a man in the front row with a yellow hat on. I was on a stage in a room with a lot of people  watching. I was on some sort of panel and writing notes on paper. ,There was a man in the front row with a yellow hat on. I was on a stage in a room with a lot of people  watching. I was on some sort of panel and writing notes on paper. I  remember the man had a blue sweater/top on also.,There was a man in the front row with a yellow hat on. I was on a stage in a room with a lot of people  watching. I was on some sort of panel and writing notes on paper. I  remember the man had a blue sweater/top on also. It was in France at ACM MM2019.
20191023_143032_000,LSC23-KIS08,There was a man in the front row with a yellow hat on.,There was a man in the front row with a yellow hat on. I was on a stage in a room with a lot of people  watching.,There was a man in the front row with a yellow hat on. I was on a stage in a room with a lot of people  watching. I was on some sort of panel,There was a man in the front row with a yellow hat on. I was on a stage in a room with a lot of people  watching. I was on some sort of panel and writing notes on paper. ,There was a man in the front row with a yellow hat on. I was on a stage in a room with a lot of people  watching. I was on some sort of panel and writing notes on paper. I  remember the man had a blue sweater/top on also.,There was a man in the front row with a yellow hat on. I was on a stage in a room with a lot of people  watching. I was on some sort of panel and writing notes on paper. I  remember the man had a blue sweater/top on also. It was in France at ACM MM2019.
20191023_143049_000,LSC23-KIS08,There was a man in the front row with a yellow hat on.,There was a man in the front row with a yellow hat on. I was on a stage in a room with a lot of people  watching.,There was a man in the front row with a yellow hat on. I was on a stage in a room with a lot of people  watching. I was on some sort of panel,There was a man in the front row with a yellow hat on. I was on a stage in a room with a lot of people  watching. I was on some sort of panel and writing notes on paper. ,There was a man in the front row with a yellow hat on. I was on a stage in a room with a lot of people  watching. I was on some sort of panel and writing notes on paper. I  remember the man had a blue sweater/top on also.,There was a man in the front row with a yellow hat on. I was on a stage in a room with a lot of people  watching. I was on some sort of panel and writing notes on paper. I  remember the man had a blue sweater/top on also. It was in France at ACM MM2019.
20191023_143106_000,LSC23-KIS08,There was a man in the front row with a yellow hat on.,There was a man in the front row with a yellow hat on. I was on a stage in a room with a lot of people  watching.,There was a man in the front row with a yellow hat on. I was on a stage in a room with a lot of people  watching. I was on some sort of panel,There was a man in the front row with a yellow hat on. I was on a stage in a room with a lot of people  watching. I was on some sort of panel and writing notes on paper. ,There was a man in the front row with a yellow hat on. I was on a stage in a room with a lot of people  watching. I was on some sort of panel and writing notes on paper. I  remember the man had a blue sweater/top on also.,There was a man in the front row with a yellow hat on. I was on a stage in a room with a lot of people  watching. I was on some sort of panel and writing notes on paper. I  remember the man had a blue sweater/top on also. It was in France at ACM MM2019.
20191023_143123_000,LSC23-KIS08,There was a man in the front row with a yellow hat on.,There was a man in the front row with a yellow hat on. I was on a stage in a room with a lot of people  watching.,There was a man in the front row with a yellow hat on. I was on a stage in a room with a lot of people  watching. I was on some sort of panel,There was a man in the front row with a yellow hat on. I was on a stage in a room with a lot of people  watching. I was on some sort of panel and writing notes on paper. ,There was a man in the front row with a yellow hat on. I was on a stage in a room with a lot of people  watching. I was on some sort of panel and writing notes on paper. I  remember the man had a blue sweater/top on also.,There was a man in the front row with a yellow hat on. I was on a stage in a room with a lot of people  watching. I was on some sort of panel and writing notes on paper. I  remember the man had a blue sweater/top on also. It was in France at ACM MM2019.
20191023_143140_000,LSC23-KIS08,There was a man in the front row with a yellow hat on.,There was a man in the front row with a yellow hat on. I was on a stage in a room with a lot of people  watching.,There was a man in the front row with a yellow hat on. I was on a stage in a room with a lot of people  watching. I was on some sort of panel,There was a man in the front row with a yellow hat on. I was on a stage in a room with a lot of people  watching. I was on some sort of panel and writing notes on paper. ,There was a man in the front row with a yellow hat on. I was on a stage in a room with a lot of people  watching. I was on some sort of panel and writing notes on paper. I  remember the man had a blue sweater/top on also.,There was a man in the front row with a yellow hat on. I was on a stage in a room with a lot of people  watching. I was on some sort of panel and writing notes on paper. I  remember the man had a blue sweater/top on also. It was in France at ACM MM2019.
20191023_143157_000,LSC23-KIS08,There was a man in the front row with a yellow hat on.,There was a man in the front row with a yellow hat on. I was on a stage in a room with a lot of people  watching.,There was a man in the front row with a yellow hat on. I was on a stage in a room with a lot of people  watching. I was on some sort of panel,There was a man in the front row with a yellow hat on. I was on a stage in a room with a lot of people  watching. I was on some sort of panel and writing notes on paper. ,There was a man in the front row with a yellow hat on. I was on a stage in a room with a lot of people  watching. I was on some sort of panel and writing notes on paper. I  remember the man had a blue sweater/top on also.,There was a man in the front row with a yellow hat on. I was on a stage in a room with a lot of people  watching. I was on some sort of panel and writing notes on paper. I  remember the man had a blue sweater/top on also. It was in France at ACM MM2019.
20191023_143214_000,LSC23-KIS08,There was a man in the front row with a yellow hat on.,There was a man in the front row with a yellow hat on. I was on a stage in a room with a lot of people  watching.,There was a man in the front row with a yellow hat on. I was on a stage in a room with a lot of people  watching. I was on some sort of panel,There was a man in the front row with a yellow hat on. I was on a stage in a room with a lot of people  watching. I was on some sort of panel and writing notes on paper. ,There was a man in the front row with a yellow hat on. I was on a stage in a room with a lot of people  watching. I was on some sort of panel and writing notes on paper. I  remember the man had a blue sweater/top on also.,There was a man in the front row with a yellow hat on. I was on a stage in a room with a lot of people  watching. I was on some sort of panel and writing notes on paper. I  remember the man had a blue sweater/top on also. It was in France at ACM MM2019.
20191023_143231_000,LSC23-KIS08,There was a man in the front row with a yellow hat on.,There was a man in the front row with a yellow hat on. I was on a stage in a room with a lot of people  watching.,There was a man in the front row with a yellow hat on. I was on a stage in a room with a lot of people  watching. I was on some sort of panel,There was a man in the front row with a yellow hat on. I was on a stage in a room with a lot of people  watching. I was on some sort of panel and writing notes on paper. ,There was a man in the front row with a yellow hat on. I was on a stage in a room with a lot of people  watching. I was on some sort of panel and writing notes on paper. I  remember the man had a blue sweater/top on also.,There was a man in the front row with a yellow hat on. I was on a stage in a room with a lot of people  watching. I was on some sort of panel and writing notes on paper. I  remember the man had a blue sweater/top on also. It was in France at ACM MM2019.
20191023_143248_000,LSC23-KIS08,There was a man in the front row with a yellow hat on.,There was a man in the front row with a yellow hat on. I was on a stage in a room with a lot of people  watching.,There was a man in the front row with a yellow hat on. I was on a stage in a room with a lot of people  watching. I was on some sort of panel,There was a man in the front row with a yellow hat on. I was on a stage in a room with a lot of people  watching. I was on some sort of panel and writing notes on paper. ,There was a man in the front row with a yellow hat on. I was on a stage in a room with a lot of people  watching. I was on some sort of panel and writing notes on paper. I  remember the man had a blue sweater/top on also.,There was a man in the front row with a yellow hat on. I was on a stage in a room with a lot of people  watching. I was on some sort of panel and writing notes on paper. I  remember the man had a blue sweater/top on also. It was in France at ACM MM2019.
20191023_143306_000,LSC23-KIS08,There was a man in the front row with a yellow hat on.,There was a man in the front row with a yellow hat on. I was on a stage in a room with a lot of people  watching.,There was a man in the front row with a yellow hat on. I was on a stage in a room with a lot of people  watching. I was on some sort of panel,There was a man in the front row with a yellow hat on. I was on a stage in a room with a lot of people  watching. I was on some sort of panel and writing notes on paper. ,There was a man in the front row with a yellow hat on. I was on a stage in a room with a lot of people  watching. I was on some sort of panel and writing notes on paper. I  remember the man had a blue sweater/top on also.,There was a man in the front row with a yellow hat on. I was on a stage in a room with a lot of people  watching. I was on some sort of panel and writing notes on paper. I  remember the man had a blue sweater/top on also. It was in France at ACM MM2019.
20191023_143324_000,LSC23-KIS08,There was a man in the front row with a yellow hat on.,There was a man in the front row with a yellow hat on. I was on a stage in a room with a lot of people  watching.,There was a man in the front row with a yellow hat on. I was on a stage in a room with a lot of people  watching. I was on some sort of panel,There was a man in the front row with a yellow hat on. I was on a stage in a room with a lot of people  watching. I was on some sort of panel and writing notes on paper. ,There was a man in the front row with a yellow hat on. I was on a stage in a room with a lot of people  watching. I was on some sort of panel and writing notes on paper. I  remember the man had a blue sweater/top on also.,There was a man in the front row with a yellow hat on. I was on a stage in a room with a lot of people  watching. I was on some sort of panel and writing notes on paper. I  remember the man had a blue sweater/top on also. It was in France at ACM MM2019.
20191023_143341_000,LSC23-KIS08,There was a man in the front row with a yellow hat on.,There was a man in the front row with a yellow hat on. I was on a stage in a room with a lot of people  watching.,There was a man in the front row with a yellow hat on. I was on a stage in a room with a lot of people  watching. I was on some sort of panel,There was a man in the front row with a yellow hat on. I was on a stage in a room with a lot of people  watching. I was on some sort of panel and writing notes on paper. ,There was a man in the front row with a yellow hat on. I was on a stage in a room with a lot of people  watching. I was on some sort of panel and writing notes on paper. I  remember the man had a blue sweater/top on also.,There was a man in the front row with a yellow hat on. I was on a stage in a room with a lot of people  watching. I was on some sort of panel and writing notes on paper. I  remember the man had a blue sweater/top on also. It was in France at ACM MM2019.
20191023_143358_000,LSC23-KIS08,There was a man in the front row with a yellow hat on.,There was a man in the front row with a yellow hat on. I was on a stage in a room with a lot of people  watching.,There was a man in the front row with a yellow hat on. I was on a stage in a room with a lot of people  watching. I was on some sort of panel,There was a man in the front row with a yellow hat on. I was on a stage in a room with a lot of people  watching. I was on some sort of panel and writing notes on paper. ,There was a man in the front row with a yellow hat on. I was on a stage in a room with a lot of people  watching. I was on some sort of panel and writing notes on paper. I  remember the man had a blue sweater/top on also.,There was a man in the front row with a yellow hat on. I was on a stage in a room with a lot of people  watching. I was on some sort of panel and writing notes on paper. I  remember the man had a blue sweater/top on also. It was in France at ACM MM2019.
20191023_143415_000,LSC23-KIS08,There was a man in the front row with a yellow hat on.,There was a man in the front row with a yellow hat on. I was on a stage in a room with a lot of people  watching.,There was a man in the front row with a yellow hat on. I was on a stage in a room with a lot of people  watching. I was on some sort of panel,There was a man in the front row with a yellow hat on. I was on a stage in a room with a lot of people  watching. I was on some sort of panel and writing notes on paper. ,There was a man in the front row with a yellow hat on. I was on a stage in a room with a lot of people  watching. I was on some sort of panel and writing notes on paper. I  remember the man had a blue sweater/top on also.,There was a man in the front row with a yellow hat on. I was on a stage in a room with a lot of people  watching. I was on some sort of panel and writing notes on paper. I  remember the man had a blue sweater/top on also. It was in France at ACM MM2019.
20191023_143432_000,LSC23-KIS08,There was a man in the front row with a yellow hat on.,There was a man in the front row with a yellow hat on. I was on a stage in a room with a lot of people  watching.,There was a man in the front row with a yellow hat on. I was on a stage in a room with a lot of people  watching. I was on some sort of panel,There was a man in the front row with a yellow hat on. I was on a stage in a room with a lot of people  watching. I was on some sort of panel and writing notes on paper. ,There was a man in the front row with a yellow hat on. I was on a stage in a room with a lot of people  watching. I was on some sort of panel and writing notes on paper. I  remember the man had a blue sweater/top on also.,There was a man in the front row with a yellow hat on. I was on a stage in a room with a lot of people  watching. I was on some sort of panel and writing notes on paper. I  remember the man had a blue sweater/top on also. It was in France at ACM MM2019.
20191023_143449_000,LSC23-KIS08,There was a man in the front row with a yellow hat on.,There was a man in the front row with a yellow hat on. I was on a stage in a room with a lot of people  watching.,There was a man in the front row with a yellow hat on. I was on a stage in a room with a lot of people  watching. I was on some sort of panel,There was a man in the front row with a yellow hat on. I was on a stage in a room with a lot of people  watching. I was on some sort of panel and writing notes on paper. ,There was a man in the front row with a yellow hat on. I was on a stage in a room with a lot of people  watching. I was on some sort of panel and writing notes on paper. I  remember the man had a blue sweater/top on also.,There was a man in the front row with a yellow hat on. I was on a stage in a room with a lot of people  watching. I was on some sort of panel and writing notes on paper. I  remember the man had a blue sweater/top on also. It was in France at ACM MM2019.
20191023_143506_000,LSC23-KIS08,There was a man in the front row with a yellow hat on.,There was a man in the front row with a yellow hat on. I was on a stage in a room with a lot of people  watching.,There was a man in the front row with a yellow hat on. I was on a stage in a room with a lot of people  watching. I was on some sort of panel,There was a man in the front row with a yellow hat on. I was on a stage in a room with a lot of people  watching. I was on some sort of panel and writing notes on paper. ,There was a man in the front row with a yellow hat on. I was on a stage in a room with a lot of people  watching. I was on some sort of panel and writing notes on paper. I  remember the man had a blue sweater/top on also.,There was a man in the front row with a yellow hat on. I was on a stage in a room with a lot of people  watching. I was on some sort of panel and writing notes on paper. I  remember the man had a blue sweater/top on also. It was in France at ACM MM2019.
20191023_143523_000,LSC23-KIS08,There was a man in the front row with a yellow hat on.,There was a man in the front row with a yellow hat on. I was on a stage in a room with a lot of people  watching.,There was a man in the front row with a yellow hat on. I was on a stage in a room with a lot of people  watching. I was on some sort of panel,There was a man in the front row with a yellow hat on. I was on a stage in a room with a lot of people  watching. I was on some sort of panel and writing notes on paper. ,There was a man in the front row with a yellow hat on. I was on a stage in a room with a lot of people  watching. I was on some sort of panel and writing notes on paper. I  remember the man had a blue sweater/top on also.,There was a man in the front row with a yellow hat on. I was on a stage in a room with a lot of people  watching. I was on some sort of panel and writing notes on paper. I  remember the man had a blue sweater/top on also. It was in France at ACM MM2019.
20191023_143540_000,LSC23-KIS08,There was a man in the front row with a yellow hat on.,There was a man in the front row with a yellow hat on. I was on a stage in a room with a lot of people  watching.,There was a man in the front row with a yellow hat on. I was on a stage in a room with a lot of people  watching. I was on some sort of panel,There was a man in the front row with a yellow hat on. I was on a stage in a room with a lot of people  watching. I was on some sort of panel and writing notes on paper. ,There was a man in the front row with a yellow hat on. I was on a stage in a room with a lot of people  watching. I was on some sort of panel and writing notes on paper. I  remember the man had a blue sweater/top on also.,There was a man in the front row with a yellow hat on. I was on a stage in a room with a lot of people  watching. I was on some sort of panel and writing notes on paper. I  remember the man had a blue sweater/top on also. It was in France at ACM MM2019.
20191023_143557_000,LSC23-KIS08,There was a man in the front row with a yellow hat on.,There was a man in the front row with a yellow hat on. I was on a stage in a room with a lot of people  watching.,There was a man in the front row with a yellow hat on. I was on a stage in a room with a lot of people  watching. I was on some sort of panel,There was a man in the front row with a yellow hat on. I was on a stage in a room with a lot of people  watching. I was on some sort of panel and writing notes on paper. ,There was a man in the front row with a yellow hat on. I was on a stage in a room with a lot of people  watching. I was on some sort of panel and writing notes on paper. I  remember the man had a blue sweater/top on also.,There was a man in the front row with a yellow hat on. I was on a stage in a room with a lot of people  watching. I was on some sort of panel and writing notes on paper. I  remember the man had a blue sweater/top on also. It was in France at ACM MM2019.
20191023_143615_000,LSC23-KIS08,There was a man in the front row with a yellow hat on.,There was a man in the front row with a yellow hat on. I was on a stage in a room with a lot of people  watching.,There was a man in the front row with a yellow hat on. I was on a stage in a room with a lot of people  watching. I was on some sort of panel,There was a man in the front row with a yellow hat on. I was on a stage in a room with a lot of people  watching. I was on some sort of panel and writing notes on paper. ,There was a man in the front row with a yellow hat on. I was on a stage in a room with a lot of people  watching. I was on some sort of panel and writing notes on paper. I  remember the man had a blue sweater/top on also.,There was a man in the front row with a yellow hat on. I was on a stage in a room with a lot of people  watching. I was on some sort of panel and writing notes on paper. I  remember the man had a blue sweater/top on also. It was in France at ACM MM2019.
20191023_143634_000,LSC23-KIS08,There was a man in the front row with a yellow hat on.,There was a man in the front row with a yellow hat on. I was on a stage in a room with a lot of people  watching.,There was a man in the front row with a yellow hat on. I was on a stage in a room with a lot of people  watching. I was on some sort of panel,There was a man in the front row with a yellow hat on. I was on a stage in a room with a lot of people  watching. I was on some sort of panel and writing notes on paper. ,There was a man in the front row with a yellow hat on. I was on a stage in a room with a lot of people  watching. I was on some sort of panel and writing notes on paper. I  remember the man had a blue sweater/top on also.,There was a man in the front row with a yellow hat on. I was on a stage in a room with a lot of people  watching. I was on some sort of panel and writing notes on paper. I  remember the man had a blue sweater/top on also. It was in France at ACM MM2019.
20191023_143651_000,LSC23-KIS08,There was a man in the front row with a yellow hat on.,There was a man in the front row with a yellow hat on. I was on a stage in a room with a lot of people  watching.,There was a man in the front row with a yellow hat on. I was on a stage in a room with a lot of people  watching. I was on some sort of panel,There was a man in the front row with a yellow hat on. I was on a stage in a room with a lot of people  watching. I was on some sort of panel and writing notes on paper. ,There was a man in the front row with a yellow hat on. I was on a stage in a room with a lot of people  watching. I was on some sort of panel and writing notes on paper. I  remember the man had a blue sweater/top on also.,There was a man in the front row with a yellow hat on. I was on a stage in a room with a lot of people  watching. I was on some sort of panel and writing notes on paper. I  remember the man had a blue sweater/top on also. It was in France at ACM MM2019.
20191023_143708_000,LSC23-KIS08,There was a man in the front row with a yellow hat on.,There was a man in the front row with a yellow hat on. I was on a stage in a room with a lot of people  watching.,There was a man in the front row with a yellow hat on. I was on a stage in a room with a lot of people  watching. I was on some sort of panel,There was a man in the front row with a yellow hat on. I was on a stage in a room with a lot of people  watching. I was on some sort of panel and writing notes on paper. ,There was a man in the front row with a yellow hat on. I was on a stage in a room with a lot of people  watching. I was on some sort of panel and writing notes on paper. I  remember the man had a blue sweater/top on also.,There was a man in the front row with a yellow hat on. I was on a stage in a room with a lot of people  watching. I was on some sort of panel and writing notes on paper. I  remember the man had a blue sweater/top on also. It was in France at ACM MM2019.
20191023_143725_000,LSC23-KIS08,There was a man in the front row with a yellow hat on.,There was a man in the front row with a yellow hat on. I was on a stage in a room with a lot of people  watching.,There was a man in the front row with a yellow hat on. I was on a stage in a room with a lot of people  watching. I was on some sort of panel,There was a man in the front row with a yellow hat on. I was on a stage in a room with a lot of people  watching. I was on some sort of panel and writing notes on paper. ,There was a man in the front row with a yellow hat on. I was on a stage in a room with a lot of people  watching. I was on some sort of panel and writing notes on paper. I  remember the man had a blue sweater/top on also.,There was a man in the front row with a yellow hat on. I was on a stage in a room with a lot of people  watching. I was on some sort of panel and writing notes on paper. I  remember the man had a blue sweater/top on also. It was in France at ACM MM2019.
20191023_143742_000,LSC23-KIS08,There was a man in the front row with a yellow hat on.,There was a man in the front row with a yellow hat on. I was on a stage in a room with a lot of people  watching.,There was a man in the front row with a yellow hat on. I was on a stage in a room with a lot of people  watching. I was on some sort of panel,There was a man in the front row with a yellow hat on. I was on a stage in a room with a lot of people  watching. I was on some sort of panel and writing notes on paper. ,There was a man in the front row with a yellow hat on. I was on a stage in a room with a lot of people  watching. I was on some sort of panel and writing notes on paper. I  remember the man had a blue sweater/top on also.,There was a man in the front row with a yellow hat on. I was on a stage in a room with a lot of people  watching. I was on some sort of panel and writing notes on paper. I  remember the man had a blue sweater/top on also. It was in France at ACM MM2019.
20191023_143759_000,LSC23-KIS08,There was a man in the front row with a yellow hat on.,There was a man in the front row with a yellow hat on. I was on a stage in a room with a lot of people  watching.,There was a man in the front row with a yellow hat on. I was on a stage in a room with a lot of people  watching. I was on some sort of panel,There was a man in the front row with a yellow hat on. I was on a stage in a room with a lot of people  watching. I was on some sort of panel and writing notes on paper. ,There was a man in the front row with a yellow hat on. I was on a stage in a room with a lot of people  watching. I was on some sort of panel and writing notes on paper. I  remember the man had a blue sweater/top on also.,There was a man in the front row with a yellow hat on. I was on a stage in a room with a lot of people  watching. I was on some sort of panel and writing notes on paper. I  remember the man had a blue sweater/top on also. It was in France at ACM MM2019.
20191023_143816_000,LSC23-KIS08,There was a man in the front row with a yellow hat on.,There was a man in the front row with a yellow hat on. I was on a stage in a room with a lot of people  watching.,There was a man in the front row with a yellow hat on. I was on a stage in a room with a lot of people  watching. I was on some sort of panel,There was a man in the front row with a yellow hat on. I was on a stage in a room with a lot of people  watching. I was on some sort of panel and writing notes on paper. ,There was a man in the front row with a yellow hat on. I was on a stage in a room with a lot of people  watching. I was on some sort of panel and writing notes on paper. I  remember the man had a blue sweater/top on also.,There was a man in the front row with a yellow hat on. I was on a stage in a room with a lot of people  watching. I was on some sort of panel and writing notes on paper. I  remember the man had a blue sweater/top on also. It was in France at ACM MM2019.
20191023_143833_000,LSC23-KIS08,There was a man in the front row with a yellow hat on.,There was a man in the front row with a yellow hat on. I was on a stage in a room with a lot of people  watching.,There was a man in the front row with a yellow hat on. I was on a stage in a room with a lot of people  watching. I was on some sort of panel,There was a man in the front row with a yellow hat on. I was on a stage in a room with a lot of people  watching. I was on some sort of panel and writing notes on paper. ,There was a man in the front row with a yellow hat on. I was on a stage in a room with a lot of people  watching. I was on some sort of panel and writing notes on paper. I  remember the man had a blue sweater/top on also.,There was a man in the front row with a yellow hat on. I was on a stage in a room with a lot of people  watching. I was on some sort of panel and writing notes on paper. I  remember the man had a blue sweater/top on also. It was in France at ACM MM2019.
20190507_053014_000,LSC24-KIST01,,,,,,
20190507_053046_000,LSC24-KIST01,,,,,,
20190507_053118_000,LSC24-KIST01,,,,,,
20190507_053150_000,LSC24-KIST01,,,,,,
20190507_053222_000,LSC24-KIST01,,,,,,
20190507_053254_000,LSC24-KIST01,,,,,,
20190507_053326_000,LSC24-KIST01,,,,,,
20190507_053358_000,LSC24-KIST01,,,,,,
20190507_053430_000,LSC24-KIST01,,,,,,
20190507_053515_000,LSC24-KIST01,,,,,,
20190507_053547_000,LSC24-KIST01,,,,,,
20190507_053619_000,LSC24-KIST01,,,,,,
20190507_053651_000,LSC24-KIST01,,,,,,
20190507_053723_000,LSC24-KIST01,,,,,,
20190507_053755_000,LSC24-KIST01,,,,,,
20190507_053827_000,LSC24-KIST01,,,,,,
20190507_053859_000,LSC24-KIST01,,,,,,
20190507_053931_000,LSC24-KIST01,,,,,,
20190507_054003_000,LSC24-KIST01,,,,,,
20190507_054035_000,LSC24-KIST01,,,,,,
20190507_054107_000,LSC24-KIST01,,,,,,
20190507_054139_000,LSC24-KIST01,,,,,,
20190507_054211_000,LSC24-KIST01,,,,,,
20190507_054243_000,LSC24-KIST01,,,,,,
20190507_054315_000,LSC24-KIST01,,,,,,
20190507_054347_000,LSC24-KIST01,,,,,,
20190507_054419_000,LSC24-KIST01,,,,,,
20190507_054451_000,LSC24-KIST01,,,,,,
20190507_054523_000,LSC24-KIST01,,,,,,
20190507_054555_000,LSC24-KIST01,,,,,,
20190507_054627_000,LSC24-KIST01,,,,,,
20190507_054659_000,LSC24-KIST01,,,,,,
20190507_054731_000,LSC24-KIST01,,,,,,
20190507_054803_000,LSC24-KIST01,,,,,,
20190507_054835_000,LSC24-KIST01,,,,,,
20190507_054907_000,LSC24-KIST01,,,,,,
20190507_054939_000,LSC24-KIST01,,,,,,
20190507_055011_000,LSC24-KIST01,,,,,,
20190507_055043_000,LSC24-KIST01,,,,,,
20190507_055115_000,LSC24-KIST01,,,,,,
20190507_055147_000,LSC24-KIST01,,,,,,
20190507_055219_000,LSC24-KIST01,,,,,,
20190507_055251_000,LSC24-KIST01,,,,,,
20190507_055323_000,LSC24-KIST01,,,,,,
20190507_055355_000,LSC24-KIST01,,,,,,
20190507_055427_000,LSC24-KIST01,,,,,,
20190507_055459_000,LSC24-KIST01,,,,,,
20190507_055544_000,LSC24-KIST01,,,,,,
20190507_055616_000,LSC24-KIST01,,,,,,
20190507_055648_000,LSC24-KIST01,,,,,,
20190507_055720_000,LSC24-KIST01,,,,,,
20190507_055752_000,LSC24-KIST01,,,,,,
20190507_055824_000,LSC24-KIST01,,,,,,
20190507_055856_000,LSC24-KIST01,,,,,,
20190507_055928_000,LSC24-KIST01,,,,,,
20190507_060000_000,LSC24-KIST01,,,,,,
20190507_060032_000,LSC24-KIST01,,,,,,
20190507_060104_000,LSC24-KIST01,,,,,,
20190507_060136_000,LSC24-KIST01,,,,,,
20190507_060208_000,LSC24-KIST01,,,,,,
20190507_060240_000,LSC24-KIST01,,,,,,
20190507_060312_000,LSC24-KIST01,,,,,,
20190507_060344_000,LSC24-KIST01,,,,,,
20190507_060416_000,LSC24-KIST01,,,,,,
20190507_060448_000,LSC24-KIST01,,,,,,
20190507_060520_000,LSC24-KIST01,,,,,,
20190507_060552_000,LSC24-KIST01,,,,,,
20190507_060624_000,LSC24-KIST01,,,,,,
20190507_060656_000,LSC24-KIST01,,,,,,
20190507_060728_000,LSC24-KIST01,,,,,,
20190507_060800_000,LSC24-KIST01,,,,,,
20190507_060832_000,LSC24-KIST01,,,,,,
20190507_060904_000,LSC24-KIST01,,,,,,
20190507_060936_000,LSC24-KIST01,,,,,,
20190507_061008_000,LSC24-KIST01,,,,,,
20190507_061040_000,LSC24-KIST01,,,,,,
20190507_061112_000,LSC24-KIST01,,,,,,
20190507_061144_000,LSC24-KIST01,,,,,,
20190507_061216_000,LSC24-KIST01,,,,,,
20190507_061248_000,LSC24-KIST01,,,,,,
20190507_061320_000,LSC24-KIST01,,,,,,
20190507_061352_000,LSC24-KIST01,,,,,,
20190507_061424_000,LSC24-KIST01,,,,,,
20190507_061456_000,LSC24-KIST01,,,,,,
20190507_061528_000,LSC24-KIST01,,,,,,
20190507_061612_000,LSC24-KIST01,,,,,,
20190507_061644_000,LSC24-KIST01,,,,,,
20190507_061716_000,LSC24-KIST01,,,,,,
20190507_061748_000,LSC24-KIST01,,,,,,
20190507_061820_000,LSC24-KIST01,,,,,,
20190507_061852_000,LSC24-KIST01,,,,,,
20190507_061924_000,LSC24-KIST01,,,,,,
20190507_061956_000,LSC24-KIST01,,,,,,
20190507_062028_000,LSC24-KIST01,,,,,,
20190507_062100_000,LSC24-KIST01,,,,,,
20190507_062132_000,LSC24-KIST01,,,,,,
20190507_062204_000,LSC24-KIST01,,,,,,
20190507_062236_000,LSC24-KIST01,,,,,,
20190507_062308_000,LSC24-KIST01,,,,,,
20190507_062340_000,LSC24-KIST01,,,,,,
20190507_062412_000,LSC24-KIST01,,,,,,
20190507_062444_000,LSC24-KIST01,,,,,,
20190507_062516_000,LSC24-KIST01,,,,,,
20190507_062548_000,LSC24-KIST01,,,,,,
20190507_062620_000,LSC24-KIST01,,,,,,
20190507_062652_000,LSC24-KIST01,,,,,,
20190507_062724_000,LSC24-KIST01,,,,,,
20190507_062757_000,LSC24-KIST01,,,,,,
20190507_062829_000,LSC24-KIST01,,,,,,
20190507_062901_000,LSC24-KIST01,,,,,,
20190507_062933_000,LSC24-KIST01,,,,,,
20190507_063005_000,LSC24-KIST01,,,,,,
20190507_063037_000,LSC24-KIST01,,,,,,
20190507_063109_000,LSC24-KIST01,,,,,,
20190507_063141_000,LSC24-KIST01,,,,,,
20190507_063213_000,LSC24-KIST01,,,,,,
20190507_063245_000,LSC24-KIST01,,,,,,
20190507_063317_000,LSC24-KIST01,,,,,,
20190507_063349_000,LSC24-KIST01,,,,,,
20190507_063421_000,LSC24-KIST01,,,,,,
20190507_063453_000,LSC24-KIST01,,,,,,
20190507_063525_000,LSC24-KIST01,,,,,,
20190507_063557_000,LSC24-KIST01,,,,,,
20190507_063642_000,LSC24-KIST01,,,,,,
20190507_063714_000,LSC24-KIST01,,,,,,
20190507_063746_000,LSC24-KIST01,,,,,,
20190507_063818_000,LSC24-KIST01,,,,,,
20190507_063850_000,LSC24-KIST01,,,,,,
20190507_063922_000,LSC24-KIST01,,,,,,
20190507_063954_000,LSC24-KIST01,,,,,,
20190507_064026_000,LSC24-KIST01,,,,,,
20190507_064058_000,LSC24-KIST01,,,,,,
20190507_064130_000,LSC24-KIST01,,,,,,
20190507_064202_000,LSC24-KIST01,,,,,,
20190507_064234_000,LSC24-KIST01,,,,,,
20190507_064306_000,LSC24-KIST01,,,,,,
20190507_064338_000,LSC24-KIST01,,,,,,
20190507_064410_000,LSC24-KIST01,,,,,,
20190507_064442_000,LSC24-KIST01,,,,,,
20190507_064514_000,LSC24-KIST01,,,,,,
20190507_064546_000,LSC24-KIST01,,,,,,
20190507_064618_000,LSC24-KIST01,,,,,,
20190507_064650_000,LSC24-KIST01,,,,,,
20190507_064722_000,LSC24-KIST01,,,,,,
20190507_064754_000,LSC24-KIST01,,,,,,
20190507_064826_000,LSC24-KIST01,,,,,,
20190512_122857_000,LSC24-KIS02,,,,,,
20190512_122128_000,LSC24-KIS02,,,,,,
20190512_122200_000,LSC24-KIS02,,,,,,
20190512_122232_000,LSC24-KIS02,,,,,,
20190512_122304_000,LSC24-KIS02,,,,,,
20190512_122336_000,LSC24-KIS02,,,,,,
20190512_122408_000,LSC24-KIS02,,,,,,
20190512_122441_000,LSC24-KIS02,,,,,,
20190512_122513_000,LSC24-KIS02,,,,,,
20190512_122545_000,LSC24-KIS02,,,,,,
20190512_122617_000,LSC24-KIS02,,,,,,
20190512_122649_000,LSC24-KIS02,,,,,,
20190512_122721_000,LSC24-KIS02,,,,,,
20190512_122753_000,LSC24-KIS02,,,,,,
20190512_122825_000,LSC24-KIS02,,,,,,
20190512_122056_000,LSC24-KIS02,,,,,,
20190513_042702_000,LSC24-KIS04,,,,,,
20190513_042734_000,LSC24-KIS04,,,,,,
20190513_042806_000,LSC24-KIS04,,,,,,
20190513_042838_000,LSC24-KIS04,,,,,,
20190513_042910_000,LSC24-KIS04,,,,,,
20190513_042942_000,LSC24-KIS04,,,,,,
20190513_043014_000,LSC24-KIS04,,,,,,
20190513_043046_000,LSC24-KIS04,,,,,,
20190513_043118_000,LSC24-KIS04,,,,,,
20190513_043150_000,LSC24-KIS04,,,,,,
20190513_043222_000,LSC24-KIS04,,,,,,
20190513_043256_000,LSC24-KIS04,,,,,,
20190513_043340_000,LSC24-KIS04,,,,,,
20190513_043412_000,LSC24-KIS04,,,,,,
20190513_043444_000,LSC24-KIS04,,,,,,
20190513_043516_000,LSC24-KIS04,,,,,,
20190513_043548_000,LSC24-KIS04,,,,,,
20190513_043620_000,LSC24-KIS04,,,,,,
20190513_043652_000,LSC24-KIS04,,,,,,
20190513_043724_000,LSC24-KIS04,,,,,,
20190513_043756_000,LSC24-KIS04,,,,,,
20190513_043828_000,LSC24-KIS04,,,,,,
20190513_043900_000,LSC24-KIS04,,,,,,
20190513_043932_000,LSC24-KIS04,,,,,,
20190513_044004_000,LSC24-KIS04,,,,,,
20190513_044036_000,LSC24-KIS04,,,,,,
20190513_044108_000,LSC24-KIS04,,,,,,
20190513_044140_000,LSC24-KIS04,,,,,,
20190513_044212_000,LSC24-KIS04,,,,,,
20190513_044244_000,LSC24-KIS04,,,,,,
20190513_044316_000,LSC24-KIS04,,,,,,
20190513_044348_000,LSC24-KIS04,,,,,,
20190513_044420_000,LSC24-KIS04,,,,,,
20190513_044452_000,LSC24-KIS04,,,,,,
20190513_044524_000,LSC24-KIS04,,,,,,
20190513_044556_000,LSC24-KIS04,,,,,,
20190513_044628_000,LSC24-KIS04,,,,,,
20190513_044700_000,LSC24-KIS04,,,,,,
20190513_044732_000,LSC24-KIS04,,,,,,
20190513_044804_000,LSC24-KIS04,,,,,,
20190513_044836_000,LSC24-KIS04,,,,,,
20190513_044908_000,LSC24-KIS04,,,,,,
20190513_044940_000,LSC24-KIS04,,,,,,
20190513_045012_000,LSC24-KIS04,,,,,,
20190513_045044_000,LSC24-KIS04,,,,,,
20190513_045116_000,LSC24-KIS04,,,,,,
20190513_045148_000,LSC24-KIS04,,,,,,
20190513_045220_000,LSC24-KIS04,,,,,,
20190513_045252_000,LSC24-KIS04,,,,,,
20190513_045324_000,LSC24-KIS04,,,,,,
20190513_045409_000,LSC24-KIS04,,,,,,
20190513_045441_000,LSC24-KIS04,,,,,,
20190513_045513_000,LSC24-KIS04,,,,,,
20190513_045545_000,LSC24-KIS04,,,,,,
20190513_045617_000,LSC24-KIS04,,,,,,
20190513_045649_000,LSC24-KIS04,,,,,,
20190513_045721_000,LSC24-KIS04,,,,,,
20190513_045753_000,LSC24-KIS04,,,,,,
20190513_045825_000,LSC24-KIS04,,,,,,
20190513_045857_000,LSC24-KIS04,,,,,,
20190513_045929_000,LSC24-KIS04,,,,,,
20190513_050001_000,LSC24-KIS04,,,,,,
20190513_050033_000,LSC24-KIS04,,,,,,
20190513_050105_000,LSC24-KIS04,,,,,,
20190513_050137_000,LSC24-KIS04,,,,,,
20190513_050209_000,LSC24-KIS04,,,,,,
20190513_050241_000,LSC24-KIS04,,,,,,
20190513_050313_000,LSC24-KIS04,,,,,,
20190513_050345_000,LSC24-KIS04,,,,,,
20190513_050417_000,LSC24-KIS04,,,,,,
20190513_050449_000,LSC24-KIS04,,,,,,
20190513_050521_000,LSC24-KIS04,,,,,,
20190513_050553_000,LSC24-KIS04,,,,,,
20190513_050625_000,LSC24-KIS04,,,,,,
20190513_050657_000,LSC24-KIS04,,,,,,
20190513_050729_000,LSC24-KIS04,,,,,,
20190513_050801_000,LSC24-KIS04,,,,,,
20190513_050833_000,LSC24-KIS04,,,,,,
20190513_050905_000,LSC24-KIS04,,,,,,
20190513_050937_000,LSC24-KIS04,,,,,,
20190513_051009_000,LSC24-KIS04,,,,,,
20190513_051041_000,LSC24-KIS04,,,,,,
20190513_051113_000,LSC24-KIS04,,,,,,
20190513_051145_000,LSC24-KIS04,,,,,,
20190513_051217_000,LSC24-KIS04,,,,,,
20190513_051249_000,LSC24-KIS04,,,,,,
20190513_051321_000,LSC24-KIS04,,,,,,
20190513_051353_000,LSC24-KIS04,,,,,,
20190513_051438_000,LSC24-KIS04,,,,,,
20190513_051510_000,LSC24-KIS04,,,,,,
20190513_051542_000,LSC24-KIS04,,,,,,
20190513_051614_000,LSC24-KIS04,,,,,,
20190513_051646_000,LSC24-KIS04,,,,,,
20190513_051718_000,LSC24-KIS04,,,,,,
20190513_051750_000,LSC24-KIS04,,,,,,
20190513_051822_000,LSC24-KIS04,,,,,,
20190513_051854_000,LSC24-KIS04,,,,,,
20190513_051926_000,LSC24-KIS04,,,,,,
20190513_051958_000,LSC24-KIS04,,,,,,
20190513_052030_000,LSC24-KIS04,,,,,,
20190513_052102_000,LSC24-KIS04,,,,,,
20190513_052134_000,LSC24-KIS04,,,,,,
20190513_052206_000,LSC24-KIS04,,,,,,
20190513_052238_000,LSC24-KIS04,,,,,,
20190513_052310_000,LSC24-KIS04,,,,,,
20190513_052342_000,LSC24-KIS04,,,,,,
20190513_052414_000,LSC24-KIS04,,,,,,
20190513_052446_000,LSC24-KIS04,,,,,,
20190513_052518_000,LSC24-KIS04,,,,,,
20190513_052550_000,LSC24-KIS04,,,,,,
20190513_052622_000,LSC24-KIS04,,,,,,
20200213_094448_000,LSC24-KIS05,,,,,,
20200213_094520_000,LSC24-KIS05,,,,,,
20200213_094552_000,LSC24-KIS05,,,,,,
20200213_094624_000,LSC24-KIS05,,,,,,
20200213_094656_000,LSC24-KIS05,,,,,,
20200213_094728_000,LSC24-KIS05,,,,,,
20200213_094800_000,LSC24-KIS05,,,,,,
20200213_094832_000,LSC24-KIS05,,,,,,
20200213_094904_000,LSC24-KIS05,,,,,,
20200213_094936_000,LSC24-KIS05,,,,,,
20200213_095008_000,LSC24-KIS05,,,,,,
20200213_095040_000,LSC24-KIS05,,,,,,
20200213_095112_000,LSC24-KIS05,,,,,,
20200213_095144_000,LSC24-KIS05,,,,,,
20200213_095216_000,LSC24-KIS05,,,,,,
20200213_095248_000,LSC24-KIS05,,,,,,
20200213_095320_000,LSC24-KIS05,,,,,,
20200213_095352_000,LSC24-KIS05,,,,,,
20200213_095424_000,LSC24-KIS05,,,,,,
20200213_095457_000,LSC24-KIS05,,,,,,
20200213_095542_000,LSC24-KIS05,,,,,,
20200213_095614_000,LSC24-KIS05,,,,,,
20200213_095646_000,LSC24-KIS05,,,,,,
20200213_095718_000,LSC24-KIS05,,,,,,
20200213_095750_000,LSC24-KIS05,,,,,,
20200213_095822_000,LSC24-KIS05,,,,,,
20200213_095854_000,LSC24-KIS05,,,,,,
20200213_095926_000,LSC24-KIS05,,,,,,
20200213_095958_000,LSC24-KIS05,,,,,,
20200213_100030_000,LSC24-KIS05,,,,,,
20200213_100102_000,LSC24-KIS05,,,,,,
20200213_100134_000,LSC24-KIS05,,,,,,
20200213_100206_000,LSC24-KIS05,,,,,,
20200213_100239_000,LSC24-KIS05,,,,,,
20200213_100311_000,LSC24-KIS05,,,,,,
20200213_100343_000,LSC24-KIS05,,,,,,
20200213_100415_000,LSC24-KIS05,,,,,,
20200213_100447_000,LSC24-KIS05,,,,,,
20200213_100519_000,LSC24-KIS05,,,,,,
20200213_100551_000,LSC24-KIS05,,,,,,
20200213_100623_000,LSC24-KIS05,,,,,,
20200213_100655_000,LSC24-KIS05,,,,,,
20200213_100727_000,LSC24-KIS05,,,,,,
20200213_100759_000,LSC24-KIS05,,,,,,
20200213_100831_000,LSC24-KIS05,,,,,,
20200213_100903_000,LSC24-KIS05,,,,,,
20200213_100935_000,LSC24-KIS05,,,,,,
20200213_101009_000,LSC24-KIS05,,,,,,
20200213_101041_000,LSC24-KIS05,,,,,,
20200213_101113_000,LSC24-KIS05,,,,,,
20200213_101145_000,LSC24-KIS05,,,,,,
20200213_101217_000,LSC24-KIS05,,,,,,
20200213_101249_000,LSC24-KIS05,,,,,,
20200213_101321_000,LSC24-KIS05,,,,,,
20200213_101353_000,LSC24-KIS05,,,,,,
20200213_101425_000,LSC24-KIS05,,,,,,
20200213_101457_000,LSC24-KIS05,,,,,,
20200213_101542_000,LSC24-KIS05,,,,,,
20200213_101614_000,LSC24-KIS05,,,,,,
20200213_101646_000,LSC24-KIS05,,,,,,
20200213_103144_000,LSC24-KIS05,,,,,,
20200213_104030_000,LSC24-KIS05,,,,,,
20200213_104310_000,LSC24-KIS05,,,,,,
20200213_104342_000,LSC24-KIS05,,,,,,
20200213_104414_000,LSC24-KIS05,,,,,,
20200213_103216_000,LSC24-KIS05,,,,,,
20190112_113251_000,LSC24-KIS10,,,,,,
20190112_113336_000,LSC24-KIS10,,,,,,
20190112_113408_000,LSC24-KIS10,,,,,,
20190112_113440_000,LSC24-KIS10,,,,,,
20190112_113512_000,LSC24-KIS10,,,,,,
20190112_113544_000,LSC24-KIS10,,,,,,
20190112_113616_000,LSC24-KIS10,,,,,,
20190112_113648_000,LSC24-KIS10,,,,,,
20190112_113720_000,LSC24-KIS10,,,,,,
20190112_113752_000,LSC24-KIS10,,,,,,
20190112_113824_000,LSC24-KIS10,,,,,,
20190112_113856_000,LSC24-KIS10,,,,,,
20190112_113928_000,LSC24-KIS10,,,,,,
20190112_114000_000,LSC24-KIS10,,,,,,
20190112_114032_000,LSC24-KIS10,,,,,,
20190112_114312_000,LSC24-KIS10,,,,,,
20190112_114240_000,LSC24-KIS10,,,,,,
20190112_114344_000,LSC24-KIS10,,,,,,
20190112_114416_000,LSC24-KIS10,,,,,,
20190112_114448_000,LSC24-KIS10,,,,,,
20190112_114520_000,LSC24-KIS10,,,,,,
20190112_114552_000,LSC24-KIS10,,,,,,
20190112_114624_000,LSC24-KIS10,,,,,,
20190112_114656_000,LSC24-KIS10,,,,,,
20190112_114728_000,LSC24-KIS10,,,,,,
